This file contains any messages produced by compilers while
running configure, to aid debugging if configure makes a mistake.

It was created by GNU diffutils configure 3.12, which was
generated by GNU Autoconf 2.72.76-2f64.  Invocation command line was

  $ ./configure

## --------- ##
## Platform. ##
## --------- ##

hostname = carbon
uname -m = x86_64
uname -r = 6.14.0-37-generic
uname -s = Linux
uname -v = #37~24.04.1-Ubuntu SMP PREEMPT_DYNAMIC Thu Nov 20 10:25:38 UTC 2

/usr/bin/uname -p = x86_64
/bin/uname -X     = unknown

/bin/arch              = x86_64
/usr/bin/arch -k       = unknown
/usr/convex/getsysinfo = unknown
/usr/bin/hostinfo      = unknown
/bin/machine           = unknown
/usr/bin/oslevel       = unknown
/bin/universe          = unknown

PATH: /home/derek/.local/bin/
PATH: /home/derek/anki-24.11-linux-qt6/
PATH: /home/derek/.local/bin/
PATH: /home/derek/.local/bin/
PATH: /home/derek/anki-24.11-linux-qt6/
PATH: /home/derek/.local/bin/
PATH: /home/derek/.local/bin/
PATH: /home/derek/snap/code/179/.local/share/pnpm/
PATH: /home/derek/anki-24.11-linux-qt6/
PATH: /home/derek/.nvm/versions/node/v24.12.0/bin/
PATH: /home/derek/.cargo/bin/
PATH: /home/derek/.local/bin/
PATH: /usr/local/sbin/
PATH: /usr/local/bin/
PATH: /usr/sbin/
PATH: /usr/bin/
PATH: /sbin/
PATH: /bin/
PATH: /usr/games/
PATH: /usr/local/games/
PATH: /snap/bin/
PATH: /snap/bin/


## ----------- ##
## Core tests. ##
## ----------- ##

configure:5286: looking for aux files: config.rpath config.guess config.sub compile missing install-sh
configure:5299:  trying ./build-aux/
configure:5328:   ./build-aux/config.rpath found
configure:5328:   ./build-aux/config.guess found
configure:5328:   ./build-aux/config.sub found
configure:5328:   ./build-aux/compile found
configure:5328:   ./build-aux/missing found
configure:5310:   ./build-aux/install-sh found
configure:5486: checking for a BSD-compatible install
configure:5560: result: /usr/bin/install -c
configure:5571: checking whether sleep supports fractional seconds
configure:5587: result: yes
configure:5590: checking filesystem timestamp resolution
configure:5725: result: 0.01
configure:5730: checking whether build environment is sane
configure:5775: result: yes
configure:5946: checking for a race-free mkdir -p
configure:5989: result: /usr/bin/mkdir -p
configure:5996: checking for gawk
configure:6032: result: no
configure:5996: checking for mawk
configure:6017: found /usr/bin/mawk
configure:6029: result: mawk
configure:6040: checking whether make sets $(MAKE)
configure:6064: result: yes
configure:6090: checking whether make supports nested variables
configure:6109: result: yes
configure:6123: checking xargs -n works
configure:6139: result: yes
configure:6249: checking for gawk
configure:6282: result: mawk
configure:6359: checking for gcc
configure:6380: found /usr/bin/gcc
configure:6392: result: gcc
configure:6751: checking for C compiler version
configure:6760: gcc --version >&5
gcc (Ubuntu 13.3.0-6ubuntu2~24.04) 13.3.0
Copyright (C) 2023 Free Software Foundation, Inc.
This is free software; see the source for copying conditions.  There is NO
warranty; not even for MERCHANTABILITY or FITNESS FOR A PARTICULAR PURPOSE.

configure:6771: $? = 0
configure:6760: gcc -v >&5
Using built-in specs.
COLLECT_GCC=gcc
COLLECT_LTO_WRAPPER=/usr/libexec/gcc/x86_64-linux-gnu/13/lto-wrapper
OFFLOAD_TARGET_NAMES=nvptx-none:amdgcn-amdhsa
OFFLOAD_TARGET_DEFAULT=1
Target: x86_64-linux-gnu
Configured with: ../src/configure -v --with-pkgversion='Ubuntu 13.3.0-6ubuntu2~24.04' --with-bugurl=file:///usr/share/doc/gcc-13/README.Bugs --enable-languages=c,ada,c++,go,d,fortran,objc,obj-c++,m2 --prefix=/usr --with-gcc-major-version-only --program-suffix=-13 --program-prefix=x86_64-linux-gnu- --enable-shared --enable-linker-build-id --libexecdir=/usr/libexec --without-included-gettext --enable-threads=posix --libdir=/usr/lib --enable-nls --enable-bootstrap --enable-clocale=gnu --enable-libstdcxx-debug --enable-libstdcxx-time=yes --with-default-libstdcxx-abi=new --enable-libstdcxx-backtrace --enable-gnu-unique-object --disable-vtable-verify --enable-plugin --enable-default-pie --with-system-zlib --enable-libphobos-checking=release --with-target-system-zlib=auto --enable-objc-gc=auto --enable-multiarch --disable-werror --enable-cet --with-arch-32=i686 --with-abi=m64 --with-multilib-list=m32,m64,mx32 --enable-multilib --with-tune=generic --enable-offload-targets=nvptx-none=/build/gcc-13-fG75Ri/gcc-13-13.3.0/debian/tmp-nvptx/usr,amdgcn-amdhsa=/build/gcc-13-fG75Ri/gcc-13-13.3.0/debian/tmp-gcn/usr --enable-offload-defaulted --without-cuda-driver --enable-checking=release --build=x86_64-linux-gnu --host=x86_64-linux-gnu --target=x86_64-linux-gnu --with-build-config=bootstrap-lto-lean --enable-link-serialization=2
Thread model: posix
Supported LTO compression algorithms: zlib zstd
gcc version 13.3.0 (Ubuntu 13.3.0-6ubuntu2~24.04) 
... rest of stderr output deleted ...
configure:6771: $? = 0
configure:6760: gcc -V >&5
gcc: error: unrecognized command-line option '-V'
gcc: fatal error: no input files
compilation terminated.
configure:6771: $? = 1
configure:6760: gcc -qversion >&5
gcc: error: unrecognized command-line option '-qversion'; did you mean '--version'?
gcc: fatal error: no input files
compilation terminated.
configure:6771: $? = 1
configure:6760: gcc -version >&5
gcc: error: unrecognized command-line option '-version'
gcc: fatal error: no input files
compilation terminated.
configure:6771: $? = 1
configure:6791: checking whether the C compiler works
configure:6813: gcc    conftest.c  >&5
configure:6817: $? = 0
configure:6868: result: yes
configure:6872: checking for C compiler default output file name
configure:6874: result: a.out
configure:6880: checking for suffix of executables
configure:6887: gcc -o conftest    conftest.c  >&5
configure:6891: $? = 0
configure:6915: result: 
configure:6939: checking whether we are cross compiling
configure:6947: gcc -o conftest    conftest.c  >&5
configure:6951: $? = 0
configure:6958: ./conftest
configure:6962: $? = 0
configure:6977: result: no
configure:6983: checking for suffix of object files
configure:7006: gcc -c   conftest.c >&5
configure:7010: $? = 0
configure:7034: result: o
configure:7038: checking whether the compiler supports GNU C
configure:7058: gcc -c   conftest.c >&5
configure:7058: $? = 0
configure:7070: result: yes
configure:7081: checking whether gcc accepts -g
configure:7102: gcc -c -g  conftest.c >&5
configure:7102: $? = 0
configure:7149: result: yes
configure:7169: checking for gcc option to enable C23 features
configure:7184: gcc  -c -g -O2  conftest.c >&5
conftest.c:16:3: error: #error "Compiler advertises conformance to C17 or earlier"
   16 | # error "Compiler advertises conformance to C17 or earlier"
      |   ^~~~~
conftest.c: In function 'alignas':
conftest.c:20:23: error: expected declaration specifiers before 'c23_aligned_as_double'
   20 | char alignas (double) c23_aligned_as_double;
      |                       ^~~~~~~~~~~~~~~~~~~~~
conftest.c:21:15: error: expected declaration specifiers or '...' before numeric constant
   21 | char alignas (0) c23_no_special_alignment;
      |               ^
conftest.c:22:13: error: storage class specified for parameter 'c23_aligned_as_int'
   22 | extern char c23_aligned_as_int;
      |             ^~~~~~~~~~~~~~~~~~
conftest.c:23:15: error: expected declaration specifiers or '...' before numeric constant
   23 | char alignas (0) alignas (int) c23_aligned_as_int;
      |               ^
conftest.c:28:23: warning: implicit declaration of function 'alignof'; did you mean 'alignas'? [-Wimplicit-function-declaration]
   28 |   c23_int_alignment = alignof (int),
      |                       ^~~~~~~
      |                       alignas
conftest.c:28:32: error: expected expression before 'int'
   28 |   c23_int_alignment = alignof (int),
      |                                ^~~
conftest.c:29:38: error: expected expression before 'int'
   29 |   c23_int_array_alignment = alignof (int[100]),
      |                                      ^~~
conftest.c:30:33: error: expected expression before 'char'
   30 |   c23_char_alignment = alignof (char)
      |                                 ^~~~
conftest.c:26:1: warning: empty declaration
   26 | enum
      | ^~~~
conftest.c:32:1: error: expected declaration specifiers before 'static_assert'
   32 | static_assert (0 < -alignof (int), "alignof is signed");
      | ^~~~~~~~~~~~~
conftest.c:34:43: error: expected '=', ',', ';', 'asm' or '__attribute__' before '{' token
   34 | int function_with_unnamed_parameter (int) { return 0; }
      |                                           ^
conftest.c:40:1: error: unknown type name 'bool'
   40 | bool use_u8 = (!sizeof u8"\xFF") == (!u8'x');
      | ^~~~
conftest.c:1:1: note: 'bool' is defined in header '<stdbool.h>'; did you forget to '#include <stdbool.h>'?
    1 | /* confdefs.h */
conftest.c:40:1: error: parameter 'use_u8' is initialized
   40 | bool use_u8 = (!sizeof u8"\xFF") == (!u8'x');
      | ^~~~
conftest.c:40:39: error: 'u8' undeclared (first use in this function)
   40 | bool use_u8 = (!sizeof u8"\xFF") == (!u8'x');
      |                                       ^~
conftest.c:40:39: note: each undeclared identifier is reported only once for each function it appears in
conftest.c:40:41: error: expected ')' before 'x'
   40 | bool use_u8 = (!sizeof u8"\xFF") == (!u8'x');
      |                                     ~   ^~~
      |                                         )
conftest.c:42:1: error: unknown type name 'bool'
   42 | bool check_that_bool_works = true | false | !nullptr;
      | ^~~~
conftest.c:42:1: note: 'bool' is defined in header '<stdbool.h>'; did you forget to '#include <stdbool.h>'?
conftest.c:42:1: error: parameter 'check_that_bool_works' is initialized
conftest.c:42:30: error: 'true' undeclared (first use in this function)
   42 | bool check_that_bool_works = true | false | !nullptr;
      |                              ^~~~
conftest.c:42:30: note: 'true' is defined in header '<stdbool.h>'; did you forget to '#include <stdbool.h>'?
conftest.c:42:37: error: 'false' undeclared (first use in this function)
   42 | bool check_that_bool_works = true | false | !nullptr;
      |                                     ^~~~~
conftest.c:42:37: note: 'false' is defined in header '<stdbool.h>'; did you forget to '#include <stdbool.h>'?
conftest.c:42:46: error: 'nullptr' undeclared (first use in this function); did you mean 'nullptr_t'?
   42 | bool check_that_bool_works = true | false | !nullptr;
      |                                              ^~~~~~~
      |                                              nullptr_t
conftest.c:44:3: error: #error "true does not work in #if"
   44 | # error "true does not work in #if"
      |   ^~~~~
conftest.c:63:1: error: expected declaration specifiers before 'static_assert'
   63 | static_assert (VA_OPT_TEST (LPAREN (), 0, <:-) == 42);
      | ^~~~~~~~~~~~~
conftest.c:65:1: error: expected declaration specifiers before 'static_assert'
   65 | static_assert (0b101010 == 42);
      | ^~~~~~~~~~~~~
conftest.c:66:1: error: expected declaration specifiers before 'static_assert'
   66 | static_assert (0B101010 == 42);
      | ^~~~~~~~~~~~~
conftest.c:67:1: error: expected declaration specifiers before 'static_assert'
   67 | static_assert (0xDEAD'BEEF == 3'735'928'559);
      | ^~~~~~~~~~~~~
conftest.c:67:22: warning: character constant too long for its type
   67 | static_assert (0xDEAD'BEEF == 3'735'928'559);
      |                      ^~~~~~~~~~~
conftest.c:67:36: warning: multi-character character constant [-Wmultichar]
   67 | static_assert (0xDEAD'BEEF == 3'735'928'559);
      |                                    ^~~~~
conftest.c:68:1: error: expected declaration specifiers before 'static_assert'
   68 | static_assert (0.500'000'000 == 0.5);
      | ^~~~~~~~~~~~~
conftest.c:68:21: warning: multi-character character constant [-Wmultichar]
   68 | static_assert (0.500'000'000 == 0.5);
      |                     ^~~~~
conftest.c:70:1: warning: empty declaration
   70 | enum unsignedish : unsigned int { uione = 1 };
      | ^~~~
conftest.c:71:1: error: expected declaration specifiers before 'static_assert'
   71 | static_assert (0 < -uione);
      | ^~~~~~~~~~~~~
In file included from conftest.c:73:
/usr/lib/gcc/x86_64-linux-gnu/13/include/stddef.h:145:26: error: storage class specified for parameter 'ptrdiff_t'
  145 | typedef __PTRDIFF_TYPE__ ptrdiff_t;
      |                          ^~~~~~~~~
/usr/lib/gcc/x86_64-linux-gnu/13/include/stddef.h:214:23: error: storage class specified for parameter 'size_t'
  214 | typedef __SIZE_TYPE__ size_t;
      |                       ^~~~~~
/usr/lib/gcc/x86_64-linux-gnu/13/include/stddef.h:329:24: error: storage class specified for parameter 'wchar_t'
  329 | typedef __WCHAR_TYPE__ wchar_t;
      |                        ^~~~~~~
/usr/lib/gcc/x86_64-linux-gnu/13/include/stddef.h:436:3: error: storage class specified for parameter 'max_align_t'
  436 | } max_align_t;
      |   ^~~~~~~~~~~
conftest.c:74:1: error: unknown type name 'constexpr'
   74 | constexpr nullptr_t null_pointer = nullptr;
      | ^~~~~~~~~
conftest.c:74:21: error: expected '=', ',', ';', 'asm' or '__attribute__' before 'null_pointer'
   74 | constexpr nullptr_t null_pointer = nullptr;
      |                     ^~~~~~~~~~~~
conftest.c:76:31: error: expected '=', ',', ';', 'asm' or '__attribute__' before '{' token
   76 | static typeof (1 + 1L) two () { return 2; }
      |                               ^
conftest.c:77:26: error: expected '=', ',', ';', 'asm' or '__attribute__' before '{' token
   77 | static long int three () { return 3; }
      |                          ^
conftest.c:82:1: error: expected '=', ',', ';', 'asm' or '__attribute__' before '{' token
   82 | {
      | ^
conftest.c:20:6: error: old-style parameter declarations in prototyped function definition
   20 | char alignas (double) c23_aligned_as_double;
      |      ^~~~~~~
conftest.c:100: error: expected '{' at end of input
configure:7184: $? = 1
configure: failed program was:
| /* confdefs.h */
| #define PACKAGE_NAME "GNU diffutils"
| #define PACKAGE_TARNAME "diffutils"
| #define PACKAGE_VERSION "3.12"
| #define PACKAGE_STRING "GNU diffutils 3.12"
| #define PACKAGE_BUGREPORT "bug-diffutils@gnu.org"
| #define PACKAGE_URL "https://www.gnu.org/software/diffutils/"
| #define PACKAGE "diffutils"
| #define VERSION "3.12"
| /* end confdefs.h.  */
| 
| /* Does the compiler advertise conformance to C17 or earlier?
|    Although GCC 14 does not do that, even with -std=gnu23,
|    it is close enough, and defines __STDC_VERSION == 202000L.  */
| #if !defined __STDC_VERSION__ || __STDC_VERSION__ <= 201710L
| # error "Compiler advertises conformance to C17 or earlier"
| #endif
| 
| // Check alignas.
| char alignas (double) c23_aligned_as_double;
| char alignas (0) c23_no_special_alignment;
| extern char c23_aligned_as_int;
| char alignas (0) alignas (int) c23_aligned_as_int;
| 
| // Check alignof.
| enum
| {
|   c23_int_alignment = alignof (int),
|   c23_int_array_alignment = alignof (int[100]),
|   c23_char_alignment = alignof (char)
| };
| static_assert (0 < -alignof (int), "alignof is signed");
| 
| int function_with_unnamed_parameter (int) { return 0; }
| 
| void c23_noreturn ();
| 
| /* Test parsing of string and char UTF-8 literals (including hex escapes).
|    The parens pacify GCC 15.  */
| bool use_u8 = (!sizeof u8"\xFF") == (!u8'x');
| 
| bool check_that_bool_works = true | false | !nullptr;
| #if !true
| # error "true does not work in #if"
| #endif
| #if false
| #elifdef __STDC_VERSION__
| #else
| # error "#elifdef does not work"
| #endif
| 
| #ifndef __has_c_attribute
| # error "__has_c_attribute not defined"
| #endif
| 
| #ifndef __has_include
| # error "__has_include not defined"
| #endif
| 
| #define LPAREN() (
| #define FORTY_TWO(x) 42
| #define VA_OPT_TEST(r, x, ...) __VA_OPT__ (FORTY_TWO r x))
| static_assert (VA_OPT_TEST (LPAREN (), 0, <:-) == 42);
| 
| static_assert (0b101010 == 42);
| static_assert (0B101010 == 42);
| static_assert (0xDEAD'BEEF == 3'735'928'559);
| static_assert (0.500'000'000 == 0.5);
| 
| enum unsignedish : unsigned int { uione = 1 };
| static_assert (0 < -uione);
| 
| #include <stddef.h>
| constexpr nullptr_t null_pointer = nullptr;
| 
| static typeof (1 + 1L) two () { return 2; }
| static long int three () { return 3; }
| 
| 
| int
| main (int, char **)
| {
|   int ok = 0;
|   
|   {
|     label_before_declaration:
|       int arr[10] = {};
|       if (arr[0])
|         goto label_before_declaration;
|       if (!arr[0])
|         goto label_at_end_of_block;
|     label_at_end_of_block:
|   }
|   ok |= !null_pointer;
|   ok |= two != three;
| 
|   return ok;
| }
| 
configure:7184: gcc -std=gnu23 -c -g -O2  conftest.c >&5
gcc: error: unrecognized command-line option '-std=gnu23'; did you mean '-std=gnu2x'?
configure:7184: $? = 1
configure: failed program was:
| /* confdefs.h */
| #define PACKAGE_NAME "GNU diffutils"
| #define PACKAGE_TARNAME "diffutils"
| #define PACKAGE_VERSION "3.12"
| #define PACKAGE_STRING "GNU diffutils 3.12"
| #define PACKAGE_BUGREPORT "bug-diffutils@gnu.org"
| #define PACKAGE_URL "https://www.gnu.org/software/diffutils/"
| #define PACKAGE "diffutils"
| #define VERSION "3.12"
| /* end confdefs.h.  */
| 
| /* Does the compiler advertise conformance to C17 or earlier?
|    Although GCC 14 does not do that, even with -std=gnu23,
|    it is close enough, and defines __STDC_VERSION == 202000L.  */
| #if !defined __STDC_VERSION__ || __STDC_VERSION__ <= 201710L
| # error "Compiler advertises conformance to C17 or earlier"
| #endif
| 
| // Check alignas.
| char alignas (double) c23_aligned_as_double;
| char alignas (0) c23_no_special_alignment;
| extern char c23_aligned_as_int;
| char alignas (0) alignas (int) c23_aligned_as_int;
| 
| // Check alignof.
| enum
| {
|   c23_int_alignment = alignof (int),
|   c23_int_array_alignment = alignof (int[100]),
|   c23_char_alignment = alignof (char)
| };
| static_assert (0 < -alignof (int), "alignof is signed");
| 
| int function_with_unnamed_parameter (int) { return 0; }
| 
| void c23_noreturn ();
| 
| /* Test parsing of string and char UTF-8 literals (including hex escapes).
|    The parens pacify GCC 15.  */
| bool use_u8 = (!sizeof u8"\xFF") == (!u8'x');
| 
| bool check_that_bool_works = true | false | !nullptr;
| #if !true
| # error "true does not work in #if"
| #endif
| #if false
| #elifdef __STDC_VERSION__
| #else
| # error "#elifdef does not work"
| #endif
| 
| #ifndef __has_c_attribute
| # error "__has_c_attribute not defined"
| #endif
| 
| #ifndef __has_include
| # error "__has_include not defined"
| #endif
| 
| #define LPAREN() (
| #define FORTY_TWO(x) 42
| #define VA_OPT_TEST(r, x, ...) __VA_OPT__ (FORTY_TWO r x))
| static_assert (VA_OPT_TEST (LPAREN (), 0, <:-) == 42);
| 
| static_assert (0b101010 == 42);
| static_assert (0B101010 == 42);
| static_assert (0xDEAD'BEEF == 3'735'928'559);
| static_assert (0.500'000'000 == 0.5);
| 
| enum unsignedish : unsigned int { uione = 1 };
| static_assert (0 < -uione);
| 
| #include <stddef.h>
| constexpr nullptr_t null_pointer = nullptr;
| 
| static typeof (1 + 1L) two () { return 2; }
| static long int three () { return 3; }
| 
| 
| int
| main (int, char **)
| {
|   int ok = 0;
|   
|   {
|     label_before_declaration:
|       int arr[10] = {};
|       if (arr[0])
|         goto label_before_declaration;
|       if (!arr[0])
|         goto label_at_end_of_block;
|     label_at_end_of_block:
|   }
|   ok |= !null_pointer;
|   ok |= two != three;
| 
|   return ok;
| }
| 
configure:7198: result: unsupported
configure:7218: checking for gcc option to enable C11 features
configure:7233: gcc  -c -g -O2  conftest.c >&5
configure:7233: $? = 0
configure:7252: result: none needed
configure:7376: checking whether gcc understands -c and -o together
configure:7399: gcc -c conftest.c -o conftest2.o
configure:7402: $? = 0
configure:7399: gcc -c conftest.c -o conftest2.o
configure:7402: $? = 0
configure:7418: result: yes
configure:7436: checking whether the compiler is clang
configure:7458: gcc -c -g -O2  conftest.c >&5
configure:7458: $? = 0
configure:7469: result: no
configure:7473: checking for compiler option needed when checking for declarations
configure:7508: result: none
configure:7520: checking whether make supports the include directive
configure:7535: make -f confmf.GNU && cat confinc.out
this is the am__doit target
configure:7538: $? = 0
configure:7557: result: yes (GNU style)
configure:7583: checking dependency style of gcc
configure:7696: result: gcc3
configure:7763: checking for ranlib
configure:7784: found /usr/bin/ranlib
configure:7796: result: ranlib
configure:7823: checking for stdio.h
configure:7823: gcc -c -g -O2  conftest.c >&5
configure:7823: $? = 0
configure:7823: result: yes
configure:7823: checking for stdlib.h
configure:7823: gcc -c -g -O2  conftest.c >&5
configure:7823: $? = 0
configure:7823: result: yes
configure:7823: checking for string.h
configure:7823: gcc -c -g -O2  conftest.c >&5
configure:7823: $? = 0
configure:7823: result: yes
configure:7823: checking for inttypes.h
configure:7823: gcc -c -g -O2  conftest.c >&5
configure:7823: $? = 0
configure:7823: result: yes
configure:7823: checking for stdint.h
configure:7823: gcc -c -g -O2  conftest.c >&5
configure:7823: $? = 0
configure:7823: result: yes
configure:7823: checking for strings.h
configure:7823: gcc -c -g -O2  conftest.c >&5
configure:7823: $? = 0
configure:7823: result: yes
configure:7823: checking for sys/stat.h
configure:7823: gcc -c -g -O2  conftest.c >&5
configure:7823: $? = 0
configure:7823: result: yes
configure:7823: checking for sys/types.h
configure:7823: gcc -c -g -O2  conftest.c >&5
configure:7823: $? = 0
configure:7823: result: yes
configure:7823: checking for unistd.h
configure:7823: gcc -c -g -O2  conftest.c >&5
configure:7823: $? = 0
configure:7823: result: yes
configure:7823: checking for wchar.h
configure:7823: gcc -c -g -O2  conftest.c >&5
configure:7823: $? = 0
configure:7823: result: yes
configure:7823: checking for minix/config.h
configure:7823: gcc -c -g -O2  conftest.c >&5
conftest.c:49:10: fatal error: minix/config.h: No such file or directory
   49 | #include <minix/config.h>
      |          ^~~~~~~~~~~~~~~~
compilation terminated.
configure:7823: $? = 1
configure: failed program was:
| /* confdefs.h */
| #define PACKAGE_NAME "GNU diffutils"
| #define PACKAGE_TARNAME "diffutils"
| #define PACKAGE_VERSION "3.12"
| #define PACKAGE_STRING "GNU diffutils 3.12"
| #define PACKAGE_BUGREPORT "bug-diffutils@gnu.org"
| #define PACKAGE_URL "https://www.gnu.org/software/diffutils/"
| #define PACKAGE "diffutils"
| #define VERSION "3.12"
| #define HAVE_STDIO_H 1
| #define HAVE_STDLIB_H 1
| #define HAVE_STRING_H 1
| #define HAVE_INTTYPES_H 1
| #define HAVE_STDINT_H 1
| #define HAVE_STRINGS_H 1
| #define HAVE_SYS_STAT_H 1
| #define HAVE_SYS_TYPES_H 1
| #define HAVE_UNISTD_H 1
| #define HAVE_WCHAR_H 1
| /* end confdefs.h.  */
| #include <stddef.h>
| #ifdef HAVE_STDIO_H
| # include <stdio.h>
| #endif
| #ifdef HAVE_STDLIB_H
| # include <stdlib.h>
| #endif
| #ifdef HAVE_STRING_H
| # include <string.h>
| #endif
| #ifdef HAVE_INTTYPES_H
| # include <inttypes.h>
| #endif
| #ifdef HAVE_STDINT_H
| # include <stdint.h>
| #endif
| #ifdef HAVE_STRINGS_H
| # include <strings.h>
| #endif
| #ifdef HAVE_SYS_TYPES_H
| # include <sys/types.h>
| #endif
| #ifdef HAVE_SYS_STAT_H
| # include <sys/stat.h>
| #endif
| #ifdef HAVE_UNISTD_H
| # include <unistd.h>
| #endif
| #include <minix/config.h>
configure:7823: result: no
configure:7823: checking for stdbool.h
configure:7823: gcc -c -g -O2  conftest.c >&5
configure:7823: $? = 0
configure:7823: result: yes
configure:7823: checking for uchar.h
configure:7823: gcc -c -g -O2  conftest.c >&5
configure:7823: $? = 0
configure:7823: result: yes
configure:7823: checking for sys/param.h
configure:7823: gcc -c -g -O2  conftest.c >&5
configure:7823: $? = 0
configure:7823: result: yes
configure:7823: checking for sys/socket.h
configure:7823: gcc -c -g -O2  conftest.c >&5
configure:7823: $? = 0
configure:7823: result: yes
configure:7823: checking for dirent.h
configure:7823: gcc -c -g -O2  conftest.c >&5
configure:7823: $? = 0
configure:7823: result: yes
configure:7823: checking for error.h
configure:7823: gcc -c -g -O2  conftest.c >&5
configure:7823: $? = 0
configure:7823: result: yes
configure:7823: checking for fnmatch.h
configure:7823: gcc -c -g -O2  conftest.c >&5
configure:7823: $? = 0
configure:7823: result: yes
configure:7823: checking for getopt.h
configure:7823: gcc -c -g -O2  conftest.c >&5
configure:7823: $? = 0
configure:7823: result: yes
configure:7823: checking for sys/time.h
configure:7823: gcc -c -g -O2  conftest.c >&5
configure:7823: $? = 0
configure:7823: result: yes
configure:7823: checking for threads.h
configure:7823: gcc -c -g -O2  conftest.c >&5
configure:7823: $? = 0
configure:7823: result: yes
configure:7823: checking for limits.h
configure:7823: gcc -c -g -O2  conftest.c >&5
configure:7823: $? = 0
configure:7823: result: yes
configure:7823: checking for crtdefs.h
configure:7823: gcc -c -g -O2  conftest.c >&5
conftest.c:60:10: fatal error: crtdefs.h: No such file or directory
   60 | #include <crtdefs.h>
      |          ^~~~~~~~~~~
compilation terminated.
configure:7823: $? = 1
configure: failed program was:
| /* confdefs.h */
| #define PACKAGE_NAME "GNU diffutils"
| #define PACKAGE_TARNAME "diffutils"
| #define PACKAGE_VERSION "3.12"
| #define PACKAGE_STRING "GNU diffutils 3.12"
| #define PACKAGE_BUGREPORT "bug-diffutils@gnu.org"
| #define PACKAGE_URL "https://www.gnu.org/software/diffutils/"
| #define PACKAGE "diffutils"
| #define VERSION "3.12"
| #define HAVE_STDIO_H 1
| #define HAVE_STDLIB_H 1
| #define HAVE_STRING_H 1
| #define HAVE_INTTYPES_H 1
| #define HAVE_STDINT_H 1
| #define HAVE_STRINGS_H 1
| #define HAVE_SYS_STAT_H 1
| #define HAVE_SYS_TYPES_H 1
| #define HAVE_UNISTD_H 1
| #define HAVE_WCHAR_H 1
| #define HAVE_STDBOOL_H 1
| #define HAVE_UCHAR_H 1
| #define HAVE_SYS_PARAM_H 1
| #define HAVE_SYS_SOCKET_H 1
| #define HAVE_DIRENT_H 1
| #define HAVE_ERROR_H 1
| #define HAVE_FNMATCH_H 1
| #define HAVE_GETOPT_H 1
| #define HAVE_SYS_TIME_H 1
| #define HAVE_THREADS_H 1
| #define HAVE_LIMITS_H 1
| /* end confdefs.h.  */
| #include <stddef.h>
| #ifdef HAVE_STDIO_H
| # include <stdio.h>
| #endif
| #ifdef HAVE_STDLIB_H
| # include <stdlib.h>
| #endif
| #ifdef HAVE_STRING_H
| # include <string.h>
| #endif
| #ifdef HAVE_INTTYPES_H
| # include <inttypes.h>
| #endif
| #ifdef HAVE_STDINT_H
| # include <stdint.h>
| #endif
| #ifdef HAVE_STRINGS_H
| # include <strings.h>
| #endif
| #ifdef HAVE_SYS_TYPES_H
| # include <sys/types.h>
| #endif
| #ifdef HAVE_SYS_STAT_H
| # include <sys/stat.h>
| #endif
| #ifdef HAVE_UNISTD_H
| # include <unistd.h>
| #endif
| #include <crtdefs.h>
configure:7823: result: no
configure:7823: checking for wctype.h
configure:7823: gcc -c -g -O2  conftest.c >&5
configure:7823: $? = 0
configure:7823: result: yes
configure:7823: checking for langinfo.h
configure:7823: gcc -c -g -O2  conftest.c >&5
configure:7823: $? = 0
configure:7823: result: yes
configure:7823: checking for xlocale.h
configure:7823: gcc -c -g -O2  conftest.c >&5
conftest.c:62:10: fatal error: xlocale.h: No such file or directory
   62 | #include <xlocale.h>
      |          ^~~~~~~~~~~
compilation terminated.
configure:7823: $? = 1
configure: failed program was:
| /* confdefs.h */
| #define PACKAGE_NAME "GNU diffutils"
| #define PACKAGE_TARNAME "diffutils"
| #define PACKAGE_VERSION "3.12"
| #define PACKAGE_STRING "GNU diffutils 3.12"
| #define PACKAGE_BUGREPORT "bug-diffutils@gnu.org"
| #define PACKAGE_URL "https://www.gnu.org/software/diffutils/"
| #define PACKAGE "diffutils"
| #define VERSION "3.12"
| #define HAVE_STDIO_H 1
| #define HAVE_STDLIB_H 1
| #define HAVE_STRING_H 1
| #define HAVE_INTTYPES_H 1
| #define HAVE_STDINT_H 1
| #define HAVE_STRINGS_H 1
| #define HAVE_SYS_STAT_H 1
| #define HAVE_SYS_TYPES_H 1
| #define HAVE_UNISTD_H 1
| #define HAVE_WCHAR_H 1
| #define HAVE_STDBOOL_H 1
| #define HAVE_UCHAR_H 1
| #define HAVE_SYS_PARAM_H 1
| #define HAVE_SYS_SOCKET_H 1
| #define HAVE_DIRENT_H 1
| #define HAVE_ERROR_H 1
| #define HAVE_FNMATCH_H 1
| #define HAVE_GETOPT_H 1
| #define HAVE_SYS_TIME_H 1
| #define HAVE_THREADS_H 1
| #define HAVE_LIMITS_H 1
| #define HAVE_WCTYPE_H 1
| #define HAVE_LANGINFO_H 1
| /* end confdefs.h.  */
| #include <stddef.h>
| #ifdef HAVE_STDIO_H
| # include <stdio.h>
| #endif
| #ifdef HAVE_STDLIB_H
| # include <stdlib.h>
| #endif
| #ifdef HAVE_STRING_H
| # include <string.h>
| #endif
| #ifdef HAVE_INTTYPES_H
| # include <inttypes.h>
| #endif
| #ifdef HAVE_STDINT_H
| # include <stdint.h>
| #endif
| #ifdef HAVE_STRINGS_H
| # include <strings.h>
| #endif
| #ifdef HAVE_SYS_TYPES_H
| # include <sys/types.h>
| #endif
| #ifdef HAVE_SYS_STAT_H
| # include <sys/stat.h>
| #endif
| #ifdef HAVE_UNISTD_H
| # include <unistd.h>
| #endif
| #include <xlocale.h>
configure:7823: result: no
configure:7823: checking for sys/mman.h
configure:7823: gcc -c -g -O2  conftest.c >&5
configure:7823: $? = 0
configure:7823: result: yes
configure:7823: checking for pthread.h
configure:7823: gcc -c -g -O2  conftest.c >&5
configure:7823: $? = 0
configure:7823: result: yes
configure:7823: checking for malloc.h
configure:7823: gcc -c -g -O2  conftest.c >&5
configure:7823: $? = 0
configure:7823: result: yes
configure:7823: checking for stdbit.h
configure:7823: gcc -c -g -O2  conftest.c >&5
configure:7823: $? = 0
configure:7823: result: yes
configure:7823: checking for stdckdint.h
configure:7823: gcc -c -g -O2  conftest.c >&5
conftest.c:66:10: fatal error: stdckdint.h: No such file or directory
   66 | #include <stdckdint.h>
      |          ^~~~~~~~~~~~~
compilation terminated.
configure:7823: $? = 1
configure: failed program was:
| /* confdefs.h */
| #define PACKAGE_NAME "GNU diffutils"
| #define PACKAGE_TARNAME "diffutils"
| #define PACKAGE_VERSION "3.12"
| #define PACKAGE_STRING "GNU diffutils 3.12"
| #define PACKAGE_BUGREPORT "bug-diffutils@gnu.org"
| #define PACKAGE_URL "https://www.gnu.org/software/diffutils/"
| #define PACKAGE "diffutils"
| #define VERSION "3.12"
| #define HAVE_STDIO_H 1
| #define HAVE_STDLIB_H 1
| #define HAVE_STRING_H 1
| #define HAVE_INTTYPES_H 1
| #define HAVE_STDINT_H 1
| #define HAVE_STRINGS_H 1
| #define HAVE_SYS_STAT_H 1
| #define HAVE_SYS_TYPES_H 1
| #define HAVE_UNISTD_H 1
| #define HAVE_WCHAR_H 1
| #define HAVE_STDBOOL_H 1
| #define HAVE_UCHAR_H 1
| #define HAVE_SYS_PARAM_H 1
| #define HAVE_SYS_SOCKET_H 1
| #define HAVE_DIRENT_H 1
| #define HAVE_ERROR_H 1
| #define HAVE_FNMATCH_H 1
| #define HAVE_GETOPT_H 1
| #define HAVE_SYS_TIME_H 1
| #define HAVE_THREADS_H 1
| #define HAVE_LIMITS_H 1
| #define HAVE_WCTYPE_H 1
| #define HAVE_LANGINFO_H 1
| #define HAVE_SYS_MMAN_H 1
| #define HAVE_PTHREAD_H 1
| #define HAVE_MALLOC_H 1
| #define HAVE_STDBIT_H 1
| /* end confdefs.h.  */
| #include <stddef.h>
| #ifdef HAVE_STDIO_H
| # include <stdio.h>
| #endif
| #ifdef HAVE_STDLIB_H
| # include <stdlib.h>
| #endif
| #ifdef HAVE_STRING_H
| # include <string.h>
| #endif
| #ifdef HAVE_INTTYPES_H
| # include <inttypes.h>
| #endif
| #ifdef HAVE_STDINT_H
| # include <stdint.h>
| #endif
| #ifdef HAVE_STRINGS_H
| # include <strings.h>
| #endif
| #ifdef HAVE_SYS_TYPES_H
| # include <sys/types.h>
| #endif
| #ifdef HAVE_SYS_STAT_H
| # include <sys/stat.h>
| #endif
| #ifdef HAVE_UNISTD_H
| # include <unistd.h>
| #endif
| #include <stdckdint.h>
configure:7823: result: no
configure:7823: checking for sys/random.h
configure:7823: gcc -c -g -O2  conftest.c >&5
configure:7823: $? = 0
configure:7823: result: yes
configure:7823: checking for sys/wait.h
configure:7823: gcc -c -g -O2  conftest.c >&5
configure:7823: $? = 0
configure:7823: result: yes
configure:7823: checking for features.h
configure:7823: gcc -c -g -O2  conftest.c >&5
configure:7823: $? = 0
configure:7823: result: yes
configure:7823: checking for arpa/inet.h
configure:7823: gcc -c -g -O2  conftest.c >&5
configure:7823: $? = 0
configure:7823: result: yes
configure:7823: checking for netdb.h
configure:7823: gcc -c -g -O2  conftest.c >&5
configure:7823: $? = 0
configure:7823: result: yes
configure:7823: checking for netinet/in.h
configure:7823: gcc -c -g -O2  conftest.c >&5
configure:7823: $? = 0
configure:7823: result: yes
configure:7823: checking for math.h
configure:7823: gcc -c -g -O2  conftest.c >&5
configure:7823: $? = 0
configure:7823: result: yes
configure:7823: checking for priv.h
configure:7823: gcc -c -g -O2  conftest.c >&5
conftest.c:73:10: fatal error: priv.h: No such file or directory
   73 | #include <priv.h>
      |          ^~~~~~~~
compilation terminated.
configure:7823: $? = 1
configure: failed program was:
| /* confdefs.h */
| #define PACKAGE_NAME "GNU diffutils"
| #define PACKAGE_TARNAME "diffutils"
| #define PACKAGE_VERSION "3.12"
| #define PACKAGE_STRING "GNU diffutils 3.12"
| #define PACKAGE_BUGREPORT "bug-diffutils@gnu.org"
| #define PACKAGE_URL "https://www.gnu.org/software/diffutils/"
| #define PACKAGE "diffutils"
| #define VERSION "3.12"
| #define HAVE_STDIO_H 1
| #define HAVE_STDLIB_H 1
| #define HAVE_STRING_H 1
| #define HAVE_INTTYPES_H 1
| #define HAVE_STDINT_H 1
| #define HAVE_STRINGS_H 1
| #define HAVE_SYS_STAT_H 1
| #define HAVE_SYS_TYPES_H 1
| #define HAVE_UNISTD_H 1
| #define HAVE_WCHAR_H 1
| #define HAVE_STDBOOL_H 1
| #define HAVE_UCHAR_H 1
| #define HAVE_SYS_PARAM_H 1
| #define HAVE_SYS_SOCKET_H 1
| #define HAVE_DIRENT_H 1
| #define HAVE_ERROR_H 1
| #define HAVE_FNMATCH_H 1
| #define HAVE_GETOPT_H 1
| #define HAVE_SYS_TIME_H 1
| #define HAVE_THREADS_H 1
| #define HAVE_LIMITS_H 1
| #define HAVE_WCTYPE_H 1
| #define HAVE_LANGINFO_H 1
| #define HAVE_SYS_MMAN_H 1
| #define HAVE_PTHREAD_H 1
| #define HAVE_MALLOC_H 1
| #define HAVE_STDBIT_H 1
| #define HAVE_SYS_RANDOM_H 1
| #define HAVE_SYS_WAIT_H 1
| #define HAVE_FEATURES_H 1
| #define HAVE_ARPA_INET_H 1
| #define HAVE_NETDB_H 1
| #define HAVE_NETINET_IN_H 1
| #define HAVE_MATH_H 1
| /* end confdefs.h.  */
| #include <stddef.h>
| #ifdef HAVE_STDIO_H
| # include <stdio.h>
| #endif
| #ifdef HAVE_STDLIB_H
| # include <stdlib.h>
| #endif
| #ifdef HAVE_STRING_H
| # include <string.h>
| #endif
| #ifdef HAVE_INTTYPES_H
| # include <inttypes.h>
| #endif
| #ifdef HAVE_STDINT_H
| # include <stdint.h>
| #endif
| #ifdef HAVE_STRINGS_H
| # include <strings.h>
| #endif
| #ifdef HAVE_SYS_TYPES_H
| # include <sys/types.h>
| #endif
| #ifdef HAVE_SYS_STAT_H
| # include <sys/stat.h>
| #endif
| #ifdef HAVE_UNISTD_H
| # include <unistd.h>
| #endif
| #include <priv.h>
configure:7823: result: no
configure:7823: checking for sys/select.h
configure:7823: gcc -c -g -O2  conftest.c >&5
configure:7823: $? = 0
configure:7823: result: yes
configure:7823: checking for semaphore.h
configure:7823: gcc -c -g -O2  conftest.c >&5
configure:7823: $? = 0
configure:7823: result: yes
configure:7823: checking for sys/ioctl.h
configure:7823: gcc -c -g -O2  conftest.c >&5
configure:7823: $? = 0
configure:7823: result: yes
configure:7823: checking for sys/un.h
configure:7823: gcc -c -g -O2  conftest.c >&5
configure:7823: $? = 0
configure:7823: result: yes
configure:7823: checking for sys/uio.h
configure:7823: gcc -c -g -O2  conftest.c >&5
configure:7823: $? = 0
configure:7823: result: yes
configure:7823: checking for vfork.h
configure:7823: gcc -c -g -O2  conftest.c >&5
conftest.c:78:10: fatal error: vfork.h: No such file or directory
   78 | #include <vfork.h>
      |          ^~~~~~~~~
compilation terminated.
configure:7823: $? = 1
configure: failed program was:
| /* confdefs.h */
| #define PACKAGE_NAME "GNU diffutils"
| #define PACKAGE_TARNAME "diffutils"
| #define PACKAGE_VERSION "3.12"
| #define PACKAGE_STRING "GNU diffutils 3.12"
| #define PACKAGE_BUGREPORT "bug-diffutils@gnu.org"
| #define PACKAGE_URL "https://www.gnu.org/software/diffutils/"
| #define PACKAGE "diffutils"
| #define VERSION "3.12"
| #define HAVE_STDIO_H 1
| #define HAVE_STDLIB_H 1
| #define HAVE_STRING_H 1
| #define HAVE_INTTYPES_H 1
| #define HAVE_STDINT_H 1
| #define HAVE_STRINGS_H 1
| #define HAVE_SYS_STAT_H 1
| #define HAVE_SYS_TYPES_H 1
| #define HAVE_UNISTD_H 1
| #define HAVE_WCHAR_H 1
| #define HAVE_STDBOOL_H 1
| #define HAVE_UCHAR_H 1
| #define HAVE_SYS_PARAM_H 1
| #define HAVE_SYS_SOCKET_H 1
| #define HAVE_DIRENT_H 1
| #define HAVE_ERROR_H 1
| #define HAVE_FNMATCH_H 1
| #define HAVE_GETOPT_H 1
| #define HAVE_SYS_TIME_H 1
| #define HAVE_THREADS_H 1
| #define HAVE_LIMITS_H 1
| #define HAVE_WCTYPE_H 1
| #define HAVE_LANGINFO_H 1
| #define HAVE_SYS_MMAN_H 1
| #define HAVE_PTHREAD_H 1
| #define HAVE_MALLOC_H 1
| #define HAVE_STDBIT_H 1
| #define HAVE_SYS_RANDOM_H 1
| #define HAVE_SYS_WAIT_H 1
| #define HAVE_FEATURES_H 1
| #define HAVE_ARPA_INET_H 1
| #define HAVE_NETDB_H 1
| #define HAVE_NETINET_IN_H 1
| #define HAVE_MATH_H 1
| #define HAVE_SYS_SELECT_H 1
| #define HAVE_SEMAPHORE_H 1
| #define HAVE_SYS_IOCTL_H 1
| #define HAVE_SYS_UN_H 1
| #define HAVE_SYS_UIO_H 1
| /* end confdefs.h.  */
| #include <stddef.h>
| #ifdef HAVE_STDIO_H
| # include <stdio.h>
| #endif
| #ifdef HAVE_STDLIB_H
| # include <stdlib.h>
| #endif
| #ifdef HAVE_STRING_H
| # include <string.h>
| #endif
| #ifdef HAVE_INTTYPES_H
| # include <inttypes.h>
| #endif
| #ifdef HAVE_STDINT_H
| # include <stdint.h>
| #endif
| #ifdef HAVE_STRINGS_H
| # include <strings.h>
| #endif
| #ifdef HAVE_SYS_TYPES_H
| # include <sys/types.h>
| #endif
| #ifdef HAVE_SYS_STAT_H
| # include <sys/stat.h>
| #endif
| #ifdef HAVE_UNISTD_H
| # include <unistd.h>
| #endif
| #include <vfork.h>
configure:7823: result: no
configure:7854: checking whether it is safe to define __EXTENSIONS__
configure:7873: gcc -c -g -O2  conftest.c >&5
configure:7873: $? = 0
configure:7883: result: yes
configure:7886: checking whether _XOPEN_SOURCE should be defined
configure:7908: gcc -c -g -O2  conftest.c >&5
configure:7908: $? = 0
configure:7937: result: no
configure:8004: checking build system type
configure:8020: result: x86_64-pc-linux-gnu
configure:8040: checking host system type
configure:8055: result: x86_64-pc-linux-gnu
configure:8094: checking how to run the C preprocessor
configure:8120: gcc -E  conftest.c
configure:8120: $? = 0
configure:8136: gcc -E  conftest.c
conftest.c:69:10: fatal error: ac_nonexistent.h: No such file or directory
   69 | #include <ac_nonexistent.h>
      |          ^~~~~~~~~~~~~~~~~~
compilation terminated.
configure:8136: $? = 1
configure: failed program was:
| /* confdefs.h */
| #define PACKAGE_NAME "GNU diffutils"
| #define PACKAGE_TARNAME "diffutils"
| #define PACKAGE_VERSION "3.12"
| #define PACKAGE_STRING "GNU diffutils 3.12"
| #define PACKAGE_BUGREPORT "bug-diffutils@gnu.org"
| #define PACKAGE_URL "https://www.gnu.org/software/diffutils/"
| #define PACKAGE "diffutils"
| #define VERSION "3.12"
| #define HAVE_STDIO_H 1
| #define HAVE_STDLIB_H 1
| #define HAVE_STRING_H 1
| #define HAVE_INTTYPES_H 1
| #define HAVE_STDINT_H 1
| #define HAVE_STRINGS_H 1
| #define HAVE_SYS_STAT_H 1
| #define HAVE_SYS_TYPES_H 1
| #define HAVE_UNISTD_H 1
| #define HAVE_WCHAR_H 1
| #define HAVE_STDBOOL_H 1
| #define HAVE_UCHAR_H 1
| #define HAVE_SYS_PARAM_H 1
| #define HAVE_SYS_SOCKET_H 1
| #define HAVE_DIRENT_H 1
| #define HAVE_ERROR_H 1
| #define HAVE_FNMATCH_H 1
| #define HAVE_GETOPT_H 1
| #define HAVE_SYS_TIME_H 1
| #define HAVE_THREADS_H 1
| #define HAVE_LIMITS_H 1
| #define HAVE_WCTYPE_H 1
| #define HAVE_LANGINFO_H 1
| #define HAVE_SYS_MMAN_H 1
| #define HAVE_PTHREAD_H 1
| #define HAVE_MALLOC_H 1
| #define HAVE_STDBIT_H 1
| #define HAVE_SYS_RANDOM_H 1
| #define HAVE_SYS_WAIT_H 1
| #define HAVE_FEATURES_H 1
| #define HAVE_ARPA_INET_H 1
| #define HAVE_NETDB_H 1
| #define HAVE_NETINET_IN_H 1
| #define HAVE_MATH_H 1
| #define HAVE_SYS_SELECT_H 1
| #define HAVE_SEMAPHORE_H 1
| #define HAVE_SYS_IOCTL_H 1
| #define HAVE_SYS_UN_H 1
| #define HAVE_SYS_UIO_H 1
| #define STDC_HEADERS 1
| #define _ALL_SOURCE 1
| #define _COSMO_SOURCE 1
| #define _DARWIN_C_SOURCE 1
| #define _GNU_SOURCE 1
| #define _HPUX_ALT_XOPEN_SOCKET_API 1
| #define _NETBSD_SOURCE 1
| #define _OPENBSD_SOURCE 1
| #define _POSIX_PTHREAD_SEMANTICS 1
| #define __STDC_WANT_IEC_60559_ATTRIBS_EXT__ 1
| #define __STDC_WANT_IEC_60559_BFP_EXT__ 1
| #define __STDC_WANT_IEC_60559_DFP_EXT__ 1
| #define __STDC_WANT_IEC_60559_EXT__ 1
| #define __STDC_WANT_IEC_60559_FUNCS_EXT__ 1
| #define __STDC_WANT_IEC_60559_TYPES_EXT__ 1
| #define __STDC_WANT_LIB_EXT2__ 1
| #define __STDC_WANT_MATH_SPEC_FUNCS__ 1
| #define _TANDEM_SOURCE 1
| #define __EXTENSIONS__ 1
| /* end confdefs.h.  */
| #include <ac_nonexistent.h>
configure:8165: result: gcc -E
configure:8179: gcc -E  conftest.c
configure:8179: $? = 0
configure:8195: gcc -E  conftest.c
conftest.c:69:10: fatal error: ac_nonexistent.h: No such file or directory
   69 | #include <ac_nonexistent.h>
      |          ^~~~~~~~~~~~~~~~~~
compilation terminated.
configure:8195: $? = 1
configure: failed program was:
| /* confdefs.h */
| #define PACKAGE_NAME "GNU diffutils"
| #define PACKAGE_TARNAME "diffutils"
| #define PACKAGE_VERSION "3.12"
| #define PACKAGE_STRING "GNU diffutils 3.12"
| #define PACKAGE_BUGREPORT "bug-diffutils@gnu.org"
| #define PACKAGE_URL "https://www.gnu.org/software/diffutils/"
| #define PACKAGE "diffutils"
| #define VERSION "3.12"
| #define HAVE_STDIO_H 1
| #define HAVE_STDLIB_H 1
| #define HAVE_STRING_H 1
| #define HAVE_INTTYPES_H 1
| #define HAVE_STDINT_H 1
| #define HAVE_STRINGS_H 1
| #define HAVE_SYS_STAT_H 1
| #define HAVE_SYS_TYPES_H 1
| #define HAVE_UNISTD_H 1
| #define HAVE_WCHAR_H 1
| #define HAVE_STDBOOL_H 1
| #define HAVE_UCHAR_H 1
| #define HAVE_SYS_PARAM_H 1
| #define HAVE_SYS_SOCKET_H 1
| #define HAVE_DIRENT_H 1
| #define HAVE_ERROR_H 1
| #define HAVE_FNMATCH_H 1
| #define HAVE_GETOPT_H 1
| #define HAVE_SYS_TIME_H 1
| #define HAVE_THREADS_H 1
| #define HAVE_LIMITS_H 1
| #define HAVE_WCTYPE_H 1
| #define HAVE_LANGINFO_H 1
| #define HAVE_SYS_MMAN_H 1
| #define HAVE_PTHREAD_H 1
| #define HAVE_MALLOC_H 1
| #define HAVE_STDBIT_H 1
| #define HAVE_SYS_RANDOM_H 1
| #define HAVE_SYS_WAIT_H 1
| #define HAVE_FEATURES_H 1
| #define HAVE_ARPA_INET_H 1
| #define HAVE_NETDB_H 1
| #define HAVE_NETINET_IN_H 1
| #define HAVE_MATH_H 1
| #define HAVE_SYS_SELECT_H 1
| #define HAVE_SEMAPHORE_H 1
| #define HAVE_SYS_IOCTL_H 1
| #define HAVE_SYS_UN_H 1
| #define HAVE_SYS_UIO_H 1
| #define STDC_HEADERS 1
| #define _ALL_SOURCE 1
| #define _COSMO_SOURCE 1
| #define _DARWIN_C_SOURCE 1
| #define _GNU_SOURCE 1
| #define _HPUX_ALT_XOPEN_SOCKET_API 1
| #define _NETBSD_SOURCE 1
| #define _OPENBSD_SOURCE 1
| #define _POSIX_PTHREAD_SEMANTICS 1
| #define __STDC_WANT_IEC_60559_ATTRIBS_EXT__ 1
| #define __STDC_WANT_IEC_60559_BFP_EXT__ 1
| #define __STDC_WANT_IEC_60559_DFP_EXT__ 1
| #define __STDC_WANT_IEC_60559_EXT__ 1
| #define __STDC_WANT_IEC_60559_FUNCS_EXT__ 1
| #define __STDC_WANT_IEC_60559_TYPES_EXT__ 1
| #define __STDC_WANT_LIB_EXT2__ 1
| #define __STDC_WANT_MATH_SPEC_FUNCS__ 1
| #define _TANDEM_SOURCE 1
| #define __EXTENSIONS__ 1
| /* end confdefs.h.  */
| #include <ac_nonexistent.h>
configure:8228: checking for egrep -e
configure:8358: result: /usr/bin/grep -E
configure:8365: checking for Minix Amsterdam compiler
configure:8393: result: no
configure:8456: checking for ar
configure:8477: found /usr/bin/ar
configure:8489: result: ar
configure:8670: checking for gcc option to support large files
configure:8705: gcc -c -g -O2  conftest.c >&5
configure:8705: $? = 0
configure:8711: gcc -c -g -O2  -DFTYPE=ino_t conftest.c >&5
configure:8711: $? = 0
configure:8748: result: none needed
configure:8773: checking for gcc option to support timestamps after 2038
configure:8805: gcc -c -g -O2  conftest.c >&5
configure:8805: $? = 0
configure:8817: result: none needed
configure:9686: checking for size_t
configure:9686: gcc -c -g -O2  conftest.c >&5
configure:9686: $? = 0
configure:9686: gcc -c -g -O2  conftest.c >&5
conftest.c: In function 'main':
conftest.c:102:21: error: expected expression before ')' token
  102 | if (sizeof ((size_t)))
      |                     ^
configure:9686: $? = 1
configure: failed program was:
| /* confdefs.h */
| #define PACKAGE_NAME "GNU diffutils"
| #define PACKAGE_TARNAME "diffutils"
| #define PACKAGE_VERSION "3.12"
| #define PACKAGE_STRING "GNU diffutils 3.12"
| #define PACKAGE_BUGREPORT "bug-diffutils@gnu.org"
| #define PACKAGE_URL "https://www.gnu.org/software/diffutils/"
| #define PACKAGE "diffutils"
| #define VERSION "3.12"
| #define HAVE_STDIO_H 1
| #define HAVE_STDLIB_H 1
| #define HAVE_STRING_H 1
| #define HAVE_INTTYPES_H 1
| #define HAVE_STDINT_H 1
| #define HAVE_STRINGS_H 1
| #define HAVE_SYS_STAT_H 1
| #define HAVE_SYS_TYPES_H 1
| #define HAVE_UNISTD_H 1
| #define HAVE_WCHAR_H 1
| #define HAVE_STDBOOL_H 1
| #define HAVE_UCHAR_H 1
| #define HAVE_SYS_PARAM_H 1
| #define HAVE_SYS_SOCKET_H 1
| #define HAVE_DIRENT_H 1
| #define HAVE_ERROR_H 1
| #define HAVE_FNMATCH_H 1
| #define HAVE_GETOPT_H 1
| #define HAVE_SYS_TIME_H 1
| #define HAVE_THREADS_H 1
| #define HAVE_LIMITS_H 1
| #define HAVE_WCTYPE_H 1
| #define HAVE_LANGINFO_H 1
| #define HAVE_SYS_MMAN_H 1
| #define HAVE_PTHREAD_H 1
| #define HAVE_MALLOC_H 1
| #define HAVE_STDBIT_H 1
| #define HAVE_SYS_RANDOM_H 1
| #define HAVE_SYS_WAIT_H 1
| #define HAVE_FEATURES_H 1
| #define HAVE_ARPA_INET_H 1
| #define HAVE_NETDB_H 1
| #define HAVE_NETINET_IN_H 1
| #define HAVE_MATH_H 1
| #define HAVE_SYS_SELECT_H 1
| #define HAVE_SEMAPHORE_H 1
| #define HAVE_SYS_IOCTL_H 1
| #define HAVE_SYS_UN_H 1
| #define HAVE_SYS_UIO_H 1
| #define STDC_HEADERS 1
| #define _ALL_SOURCE 1
| #define _COSMO_SOURCE 1
| #define _DARWIN_C_SOURCE 1
| #define _GNU_SOURCE 1
| #define _HPUX_ALT_XOPEN_SOCKET_API 1
| #define _NETBSD_SOURCE 1
| #define _OPENBSD_SOURCE 1
| #define _POSIX_PTHREAD_SEMANTICS 1
| #define __STDC_WANT_IEC_60559_ATTRIBS_EXT__ 1
| #define __STDC_WANT_IEC_60559_BFP_EXT__ 1
| #define __STDC_WANT_IEC_60559_DFP_EXT__ 1
| #define __STDC_WANT_IEC_60559_EXT__ 1
| #define __STDC_WANT_IEC_60559_FUNCS_EXT__ 1
| #define __STDC_WANT_IEC_60559_TYPES_EXT__ 1
| #define __STDC_WANT_LIB_EXT2__ 1
| #define __STDC_WANT_MATH_SPEC_FUNCS__ 1
| #define _TANDEM_SOURCE 1
| #define __EXTENSIONS__ 1
| #define _LINUX_SOURCE_COMPAT 1
| #define __USE_MINGW_ANSI_STDIO 1
| /* end confdefs.h.  */
| #include <stddef.h>
| #ifdef HAVE_STDIO_H
| # include <stdio.h>
| #endif
| #ifdef HAVE_STDLIB_H
| # include <stdlib.h>
| #endif
| #ifdef HAVE_STRING_H
| # include <string.h>
| #endif
| #ifdef HAVE_INTTYPES_H
| # include <inttypes.h>
| #endif
| #ifdef HAVE_STDINT_H
| # include <stdint.h>
| #endif
| #ifdef HAVE_STRINGS_H
| # include <strings.h>
| #endif
| #ifdef HAVE_SYS_TYPES_H
| # include <sys/types.h>
| #endif
| #ifdef HAVE_SYS_STAT_H
| # include <sys/stat.h>
| #endif
| #ifdef HAVE_UNISTD_H
| # include <unistd.h>
| #endif
| int
| main (void)
| {
| if (sizeof ((size_t)))
| 	    return 0;
|   ;
|   return 0;
| }
configure:9686: result: yes
configure:9699: checking for working alloca.h
configure:9717: gcc -o conftest -g -O2   conftest.c  >&5
configure:9717: $? = 0
configure:9728: result: yes
configure:9736: checking for alloca
configure:9781: result: yes
configure:9856: checking whether the preprocessor supports include_next
configure:9895: gcc -c -g -O2  -Iconftestd1b -Iconftestd2 conftest.c >&5
configure:9895: $? = 0
configure:9921: result: yes
configure:9943: checking whether source code line length is unlimited
configure:9970: result: yes
configure:10180: checking for wint_t
configure:10198: gcc -c -g -O2  conftest.c >&5
configure:10198: $? = 0
configure:10208: result: yes
configure:10215: checking whether wint_t is large enough
configure:10234: gcc -c -g -O2  conftest.c >&5
configure:10234: $? = 0
configure:10244: result: yes
configure:10258: checking whether <wchar.h> uses 'inline' correctly
configure:10280: gcc -c -g -O2  conftest1.c >&5
configure:10283: $? = 0
configure:10296: gcc -c -g -O2  conftest2.c >&5
configure:10299: $? = 0
configure:10315: result: yes
configure:10333: checking for btowc
configure:10333: gcc -o conftest -g -O2   conftest.c  >&5
configure:10333: $? = 0
configure:10333: result: yes
configure:10333: checking for mbrtowc
configure:10333: gcc -o conftest -g -O2   conftest.c  >&5
configure:10333: $? = 0
configure:10333: result: yes
configure:10333: checking for mbsinit
configure:10333: gcc -o conftest -g -O2   conftest.c  >&5
configure:10333: $? = 0
configure:10333: result: yes
configure:10333: checking for _set_invalid_parameter_handler
configure:10333: gcc -o conftest -g -O2   conftest.c  >&5
/usr/bin/ld: /tmp/cci4QSND.o: in function `main':
/home/derek/Code/diffutils-bcr/conftest.c:104:(.text.startup+0x9): undefined reference to `_set_invalid_parameter_handler'
collect2: error: ld returned 1 exit status
configure:10333: $? = 1
configure: failed program was:
| /* confdefs.h */
| #define PACKAGE_NAME "GNU diffutils"
| #define PACKAGE_TARNAME "diffutils"
| #define PACKAGE_VERSION "3.12"
| #define PACKAGE_STRING "GNU diffutils 3.12"
| #define PACKAGE_BUGREPORT "bug-diffutils@gnu.org"
| #define PACKAGE_URL "https://www.gnu.org/software/diffutils/"
| #define PACKAGE "diffutils"
| #define VERSION "3.12"
| #define HAVE_STDIO_H 1
| #define HAVE_STDLIB_H 1
| #define HAVE_STRING_H 1
| #define HAVE_INTTYPES_H 1
| #define HAVE_STDINT_H 1
| #define HAVE_STRINGS_H 1
| #define HAVE_SYS_STAT_H 1
| #define HAVE_SYS_TYPES_H 1
| #define HAVE_UNISTD_H 1
| #define HAVE_WCHAR_H 1
| #define HAVE_STDBOOL_H 1
| #define HAVE_UCHAR_H 1
| #define HAVE_SYS_PARAM_H 1
| #define HAVE_SYS_SOCKET_H 1
| #define HAVE_DIRENT_H 1
| #define HAVE_ERROR_H 1
| #define HAVE_FNMATCH_H 1
| #define HAVE_GETOPT_H 1
| #define HAVE_SYS_TIME_H 1
| #define HAVE_THREADS_H 1
| #define HAVE_LIMITS_H 1
| #define HAVE_WCTYPE_H 1
| #define HAVE_LANGINFO_H 1
| #define HAVE_SYS_MMAN_H 1
| #define HAVE_PTHREAD_H 1
| #define HAVE_MALLOC_H 1
| #define HAVE_STDBIT_H 1
| #define HAVE_SYS_RANDOM_H 1
| #define HAVE_SYS_WAIT_H 1
| #define HAVE_FEATURES_H 1
| #define HAVE_ARPA_INET_H 1
| #define HAVE_NETDB_H 1
| #define HAVE_NETINET_IN_H 1
| #define HAVE_MATH_H 1
| #define HAVE_SYS_SELECT_H 1
| #define HAVE_SEMAPHORE_H 1
| #define HAVE_SYS_IOCTL_H 1
| #define HAVE_SYS_UN_H 1
| #define HAVE_SYS_UIO_H 1
| #define STDC_HEADERS 1
| #define _ALL_SOURCE 1
| #define _COSMO_SOURCE 1
| #define _DARWIN_C_SOURCE 1
| #define _GNU_SOURCE 1
| #define _HPUX_ALT_XOPEN_SOCKET_API 1
| #define _NETBSD_SOURCE 1
| #define _OPENBSD_SOURCE 1
| #define _POSIX_PTHREAD_SEMANTICS 1
| #define __STDC_WANT_IEC_60559_ATTRIBS_EXT__ 1
| #define __STDC_WANT_IEC_60559_BFP_EXT__ 1
| #define __STDC_WANT_IEC_60559_DFP_EXT__ 1
| #define __STDC_WANT_IEC_60559_EXT__ 1
| #define __STDC_WANT_IEC_60559_FUNCS_EXT__ 1
| #define __STDC_WANT_IEC_60559_TYPES_EXT__ 1
| #define __STDC_WANT_LIB_EXT2__ 1
| #define __STDC_WANT_MATH_SPEC_FUNCS__ 1
| #define _TANDEM_SOURCE 1
| #define __EXTENSIONS__ 1
| #define _LINUX_SOURCE_COMPAT 1
| #define __USE_MINGW_ANSI_STDIO 1
| #define HAVE_ALLOCA_H 1
| #define HAVE_ALLOCA 1
| #define HAVE_WINT_T 1
| #define HAVE_BTOWC 1
| #define HAVE_MBRTOWC 1
| #define HAVE_MBSINIT 1
| /* end confdefs.h.  */
| /* Define _set_invalid_parameter_handler to an innocuous variant, in case <limits.h> declares _set_invalid_parameter_handler.
|    For example, HP-UX 11i <limits.h> declares gettimeofday.  */
| #define _set_invalid_parameter_handler innocuous__set_invalid_parameter_handler
| 
| /* System header to define __stub macros and hopefully few prototypes,
|    which can conflict with char _set_invalid_parameter_handler (void); below.  */
| 
| #include <limits.h>
| #undef _set_invalid_parameter_handler
| 
| /* Override any GCC internal prototype to avoid an error.
|    Use char because int might match the return type of a GCC
|    builtin and then its argument prototype would still apply.  */
| #ifdef __cplusplus
| extern "C"
| #endif
| char _set_invalid_parameter_handler (void);
| /* The GNU C library defines this for functions which it implements
|     to always fail with ENOSYS.  Some functions are actually named
|     something starting with __ and the normal name is an alias.  */
| #if defined __stub__set_invalid_parameter_handler || defined __stub____set_invalid_parameter_handler
| choke me
| #endif
| 
| int
| main (void)
| {
| return _set_invalid_parameter_handler ();
|   ;
|   return 0;
| }
configure:10333: result: no
configure:10333: checking for fchdir
configure:10333: gcc -o conftest -g -O2   conftest.c  >&5
configure:10333: $? = 0
configure:10333: result: yes
configure:10333: checking for fcntl
configure:10333: gcc -o conftest -g -O2   conftest.c  >&5
configure:10333: $? = 0
configure:10333: result: yes
configure:10333: checking for symlink
configure:10333: gcc -o conftest -g -O2   conftest.c  >&5
configure:10333: $? = 0
configure:10333: result: yes
configure:10333: checking for fdopendir
configure:10333: gcc -o conftest -g -O2   conftest.c  >&5
configure:10333: $? = 0
configure:10333: result: yes
configure:10333: checking for fnmatch
configure:10333: gcc -o conftest -g -O2   conftest.c  >&5
configure:10333: $? = 0
configure:10333: result: yes
configure:10333: checking for mbsrtowcs
configure:10333: gcc -o conftest -g -O2   conftest.c  >&5
configure:10333: $? = 0
configure:10333: result: yes
configure:10333: checking for fstatat
configure:10333: gcc -o conftest -g -O2   conftest.c  >&5
configure:10333: $? = 0
configure:10333: result: yes
configure:10333: checking for getdtablesize
configure:10333: gcc -o conftest -g -O2   conftest.c  >&5
configure:10333: $? = 0
configure:10333: result: yes
configure:10333: checking for getexecname
configure:10333: gcc -o conftest -g -O2   conftest.c  >&5
/usr/bin/ld: /tmp/cclgAsRK.o: in function `main':
/home/derek/Code/diffutils-bcr/conftest.c:112:(.text.startup+0x9): undefined reference to `getexecname'
collect2: error: ld returned 1 exit status
configure:10333: $? = 1
configure: failed program was:
| /* confdefs.h */
| #define PACKAGE_NAME "GNU diffutils"
| #define PACKAGE_TARNAME "diffutils"
| #define PACKAGE_VERSION "3.12"
| #define PACKAGE_STRING "GNU diffutils 3.12"
| #define PACKAGE_BUGREPORT "bug-diffutils@gnu.org"
| #define PACKAGE_URL "https://www.gnu.org/software/diffutils/"
| #define PACKAGE "diffutils"
| #define VERSION "3.12"
| #define HAVE_STDIO_H 1
| #define HAVE_STDLIB_H 1
| #define HAVE_STRING_H 1
| #define HAVE_INTTYPES_H 1
| #define HAVE_STDINT_H 1
| #define HAVE_STRINGS_H 1
| #define HAVE_SYS_STAT_H 1
| #define HAVE_SYS_TYPES_H 1
| #define HAVE_UNISTD_H 1
| #define HAVE_WCHAR_H 1
| #define HAVE_STDBOOL_H 1
| #define HAVE_UCHAR_H 1
| #define HAVE_SYS_PARAM_H 1
| #define HAVE_SYS_SOCKET_H 1
| #define HAVE_DIRENT_H 1
| #define HAVE_ERROR_H 1
| #define HAVE_FNMATCH_H 1
| #define HAVE_GETOPT_H 1
| #define HAVE_SYS_TIME_H 1
| #define HAVE_THREADS_H 1
| #define HAVE_LIMITS_H 1
| #define HAVE_WCTYPE_H 1
| #define HAVE_LANGINFO_H 1
| #define HAVE_SYS_MMAN_H 1
| #define HAVE_PTHREAD_H 1
| #define HAVE_MALLOC_H 1
| #define HAVE_STDBIT_H 1
| #define HAVE_SYS_RANDOM_H 1
| #define HAVE_SYS_WAIT_H 1
| #define HAVE_FEATURES_H 1
| #define HAVE_ARPA_INET_H 1
| #define HAVE_NETDB_H 1
| #define HAVE_NETINET_IN_H 1
| #define HAVE_MATH_H 1
| #define HAVE_SYS_SELECT_H 1
| #define HAVE_SEMAPHORE_H 1
| #define HAVE_SYS_IOCTL_H 1
| #define HAVE_SYS_UN_H 1
| #define HAVE_SYS_UIO_H 1
| #define STDC_HEADERS 1
| #define _ALL_SOURCE 1
| #define _COSMO_SOURCE 1
| #define _DARWIN_C_SOURCE 1
| #define _GNU_SOURCE 1
| #define _HPUX_ALT_XOPEN_SOCKET_API 1
| #define _NETBSD_SOURCE 1
| #define _OPENBSD_SOURCE 1
| #define _POSIX_PTHREAD_SEMANTICS 1
| #define __STDC_WANT_IEC_60559_ATTRIBS_EXT__ 1
| #define __STDC_WANT_IEC_60559_BFP_EXT__ 1
| #define __STDC_WANT_IEC_60559_DFP_EXT__ 1
| #define __STDC_WANT_IEC_60559_EXT__ 1
| #define __STDC_WANT_IEC_60559_FUNCS_EXT__ 1
| #define __STDC_WANT_IEC_60559_TYPES_EXT__ 1
| #define __STDC_WANT_LIB_EXT2__ 1
| #define __STDC_WANT_MATH_SPEC_FUNCS__ 1
| #define _TANDEM_SOURCE 1
| #define __EXTENSIONS__ 1
| #define _LINUX_SOURCE_COMPAT 1
| #define __USE_MINGW_ANSI_STDIO 1
| #define HAVE_ALLOCA_H 1
| #define HAVE_ALLOCA 1
| #define HAVE_WINT_T 1
| #define HAVE_BTOWC 1
| #define HAVE_MBRTOWC 1
| #define HAVE_MBSINIT 1
| #define HAVE_FCHDIR 1
| #define HAVE_FCNTL 1
| #define HAVE_SYMLINK 1
| #define HAVE_FDOPENDIR 1
| #define HAVE_FNMATCH 1
| #define HAVE_MBSRTOWCS 1
| #define HAVE_FSTATAT 1
| #define HAVE_GETDTABLESIZE 1
| /* end confdefs.h.  */
| /* Define getexecname to an innocuous variant, in case <limits.h> declares getexecname.
|    For example, HP-UX 11i <limits.h> declares gettimeofday.  */
| #define getexecname innocuous_getexecname
| 
| /* System header to define __stub macros and hopefully few prototypes,
|    which can conflict with char getexecname (void); below.  */
| 
| #include <limits.h>
| #undef getexecname
| 
| /* Override any GCC internal prototype to avoid an error.
|    Use char because int might match the return type of a GCC
|    builtin and then its argument prototype would still apply.  */
| #ifdef __cplusplus
| extern "C"
| #endif
| char getexecname (void);
| /* The GNU C library defines this for functions which it implements
|     to always fail with ENOSYS.  Some functions are actually named
|     something starting with __ and the normal name is an alias.  */
| #if defined __stub_getexecname || defined __stub___getexecname
| choke me
| #endif
| 
| int
| main (void)
| {
| return getexecname ();
|   ;
|   return 0;
| }
configure:10333: result: no
configure:10333: checking for gettimeofday
configure:10333: gcc -o conftest -g -O2   conftest.c  >&5
configure:10333: $? = 0
configure:10333: result: yes
configure:10333: checking for isblank
configure:10333: gcc -o conftest -g -O2   conftest.c  >&5
conftest.c:102:6: warning: conflicting types for built-in function 'isblank'; expected 'int(int)' [-Wbuiltin-declaration-mismatch]
  102 | char isblank (void);
      |      ^~~~~~~
conftest.c:94:1: note: 'isblank' is declared in header '<ctype.h>'
   93 | #include <limits.h>
   94 | #undef isblank
configure:10333: $? = 0
configure:10333: result: yes
configure:10333: checking for iswcntrl
configure:10333: gcc -o conftest -g -O2   conftest.c  >&5
conftest.c:103:6: warning: conflicting types for built-in function 'iswcntrl'; expected 'int(unsigned int)' [-Wbuiltin-declaration-mismatch]
  103 | char iswcntrl (void);
      |      ^~~~~~~~
conftest.c:95:1: note: 'iswcntrl' is declared in header '<wctype.h>'
   94 | #include <limits.h>
   95 | #undef iswcntrl
configure:10333: $? = 0
configure:10333: result: yes
configure:10333: checking for lstat
configure:10333: gcc -o conftest -g -O2   conftest.c  >&5
configure:10333: $? = 0
configure:10333: result: yes
configure:10333: checking for mprotect
configure:10333: gcc -o conftest -g -O2   conftest.c  >&5
configure:10333: $? = 0
configure:10333: result: yes
configure:10333: checking for mkstemp
configure:10333: gcc -o conftest -g -O2   conftest.c  >&5
configure:10333: $? = 0
configure:10333: result: yes
configure:10333: checking for strftime_z
configure:10333: gcc -o conftest -g -O2   conftest.c  >&5
/usr/bin/ld: /tmp/ccfCF6Zd.o: in function `main':
/home/derek/Code/diffutils-bcr/conftest.c:118:(.text.startup+0x9): undefined reference to `strftime_z'
collect2: error: ld returned 1 exit status
configure:10333: $? = 1
configure: failed program was:
| /* confdefs.h */
| #define PACKAGE_NAME "GNU diffutils"
| #define PACKAGE_TARNAME "diffutils"
| #define PACKAGE_VERSION "3.12"
| #define PACKAGE_STRING "GNU diffutils 3.12"
| #define PACKAGE_BUGREPORT "bug-diffutils@gnu.org"
| #define PACKAGE_URL "https://www.gnu.org/software/diffutils/"
| #define PACKAGE "diffutils"
| #define VERSION "3.12"
| #define HAVE_STDIO_H 1
| #define HAVE_STDLIB_H 1
| #define HAVE_STRING_H 1
| #define HAVE_INTTYPES_H 1
| #define HAVE_STDINT_H 1
| #define HAVE_STRINGS_H 1
| #define HAVE_SYS_STAT_H 1
| #define HAVE_SYS_TYPES_H 1
| #define HAVE_UNISTD_H 1
| #define HAVE_WCHAR_H 1
| #define HAVE_STDBOOL_H 1
| #define HAVE_UCHAR_H 1
| #define HAVE_SYS_PARAM_H 1
| #define HAVE_SYS_SOCKET_H 1
| #define HAVE_DIRENT_H 1
| #define HAVE_ERROR_H 1
| #define HAVE_FNMATCH_H 1
| #define HAVE_GETOPT_H 1
| #define HAVE_SYS_TIME_H 1
| #define HAVE_THREADS_H 1
| #define HAVE_LIMITS_H 1
| #define HAVE_WCTYPE_H 1
| #define HAVE_LANGINFO_H 1
| #define HAVE_SYS_MMAN_H 1
| #define HAVE_PTHREAD_H 1
| #define HAVE_MALLOC_H 1
| #define HAVE_STDBIT_H 1
| #define HAVE_SYS_RANDOM_H 1
| #define HAVE_SYS_WAIT_H 1
| #define HAVE_FEATURES_H 1
| #define HAVE_ARPA_INET_H 1
| #define HAVE_NETDB_H 1
| #define HAVE_NETINET_IN_H 1
| #define HAVE_MATH_H 1
| #define HAVE_SYS_SELECT_H 1
| #define HAVE_SEMAPHORE_H 1
| #define HAVE_SYS_IOCTL_H 1
| #define HAVE_SYS_UN_H 1
| #define HAVE_SYS_UIO_H 1
| #define STDC_HEADERS 1
| #define _ALL_SOURCE 1
| #define _COSMO_SOURCE 1
| #define _DARWIN_C_SOURCE 1
| #define _GNU_SOURCE 1
| #define _HPUX_ALT_XOPEN_SOCKET_API 1
| #define _NETBSD_SOURCE 1
| #define _OPENBSD_SOURCE 1
| #define _POSIX_PTHREAD_SEMANTICS 1
| #define __STDC_WANT_IEC_60559_ATTRIBS_EXT__ 1
| #define __STDC_WANT_IEC_60559_BFP_EXT__ 1
| #define __STDC_WANT_IEC_60559_DFP_EXT__ 1
| #define __STDC_WANT_IEC_60559_EXT__ 1
| #define __STDC_WANT_IEC_60559_FUNCS_EXT__ 1
| #define __STDC_WANT_IEC_60559_TYPES_EXT__ 1
| #define __STDC_WANT_LIB_EXT2__ 1
| #define __STDC_WANT_MATH_SPEC_FUNCS__ 1
| #define _TANDEM_SOURCE 1
| #define __EXTENSIONS__ 1
| #define _LINUX_SOURCE_COMPAT 1
| #define __USE_MINGW_ANSI_STDIO 1
| #define HAVE_ALLOCA_H 1
| #define HAVE_ALLOCA 1
| #define HAVE_WINT_T 1
| #define HAVE_BTOWC 1
| #define HAVE_MBRTOWC 1
| #define HAVE_MBSINIT 1
| #define HAVE_FCHDIR 1
| #define HAVE_FCNTL 1
| #define HAVE_SYMLINK 1
| #define HAVE_FDOPENDIR 1
| #define HAVE_FNMATCH 1
| #define HAVE_MBSRTOWCS 1
| #define HAVE_FSTATAT 1
| #define HAVE_GETDTABLESIZE 1
| #define HAVE_GETTIMEOFDAY 1
| #define HAVE_ISBLANK 1
| #define HAVE_ISWCNTRL 1
| #define HAVE_LSTAT 1
| #define HAVE_MPROTECT 1
| #define HAVE_MKSTEMP 1
| /* end confdefs.h.  */
| /* Define strftime_z to an innocuous variant, in case <limits.h> declares strftime_z.
|    For example, HP-UX 11i <limits.h> declares gettimeofday.  */
| #define strftime_z innocuous_strftime_z
| 
| /* System header to define __stub macros and hopefully few prototypes,
|    which can conflict with char strftime_z (void); below.  */
| 
| #include <limits.h>
| #undef strftime_z
| 
| /* Override any GCC internal prototype to avoid an error.
|    Use char because int might match the return type of a GCC
|    builtin and then its argument prototype would still apply.  */
| #ifdef __cplusplus
| extern "C"
| #endif
| char strftime_z (void);
| /* The GNU C library defines this for functions which it implements
|     to always fail with ENOSYS.  Some functions are actually named
|     something starting with __ and the normal name is an alias.  */
| #if defined __stub_strftime_z || defined __stub___strftime_z
| choke me
| #endif
| 
| int
| main (void)
| {
| return strftime_z ();
|   ;
|   return 0;
| }
configure:10333: result: no
configure:10333: checking for openat
configure:10333: gcc -o conftest -g -O2   conftest.c  >&5
configure:10333: $? = 0
configure:10333: result: yes
configure:10333: checking for pclose
configure:10333: gcc -o conftest -g -O2   conftest.c  >&5
configure:10333: $? = 0
configure:10333: result: yes
configure:10333: checking for popen
configure:10333: gcc -o conftest -g -O2   conftest.c  >&5
configure:10333: $? = 0
configure:10333: result: yes
configure:10333: checking for readlink
configure:10333: gcc -o conftest -g -O2   conftest.c  >&5
configure:10333: $? = 0
configure:10333: result: yes
configure:10333: checking for iswctype
configure:10333: gcc -o conftest -g -O2   conftest.c  >&5
configure:10333: $? = 0
configure:10333: result: yes
configure:10333: checking for setenv
configure:10333: gcc -o conftest -g -O2   conftest.c  >&5
configure:10333: $? = 0
configure:10333: result: yes
configure:10333: checking for sigaction
configure:10333: gcc -o conftest -g -O2   conftest.c  >&5
configure:10333: $? = 0
configure:10333: result: yes
configure:10333: checking for sigaltstack
configure:10333: gcc -o conftest -g -O2   conftest.c  >&5
configure:10333: $? = 0
configure:10333: result: yes
configure:10333: checking for siginterrupt
configure:10333: gcc -o conftest -g -O2   conftest.c  >&5
configure:10333: $? = 0
configure:10333: result: yes
configure:10333: checking for setrlimit
configure:10333: gcc -o conftest -g -O2   conftest.c  >&5
configure:10333: $? = 0
configure:10333: result: yes
configure:10333: checking for getrlimit
configure:10333: gcc -o conftest -g -O2   conftest.c  >&5
configure:10333: $? = 0
configure:10333: result: yes
configure:10333: checking for __xpg_strerror_r
configure:10333: gcc -o conftest -g -O2   conftest.c  >&5
configure:10333: $? = 0
configure:10333: result: yes
configure:10333: checking for strptime
configure:10333: gcc -o conftest -g -O2   conftest.c  >&5
configure:10333: $? = 0
configure:10333: result: yes
configure:10333: checking for strtoimax
configure:10333: gcc -o conftest -g -O2   conftest.c  >&5
configure:10333: $? = 0
configure:10333: result: yes
configure:10333: checking for localtime_r
configure:10333: gcc -o conftest -g -O2   conftest.c  >&5
configure:10333: $? = 0
configure:10333: result: yes
configure:10333: checking for wcrtomb
configure:10333: gcc -o conftest -g -O2   conftest.c  >&5
configure:10333: $? = 0
configure:10333: result: yes
configure:10333: checking for wcwidth
configure:10333: gcc -o conftest -g -O2   conftest.c  >&5
configure:10333: $? = 0
configure:10333: result: yes
configure:10333: checking for pipe
configure:10333: gcc -o conftest -g -O2   conftest.c  >&5
configure:10333: $? = 0
configure:10333: result: yes
configure:10333: checking for pselect
configure:10333: gcc -o conftest -g -O2   conftest.c  >&5
configure:10333: $? = 0
configure:10333: result: yes
configure:10333: checking for pthread_sigmask
configure:10333: gcc -o conftest -g -O2   conftest.c  >&5
configure:10333: $? = 0
configure:10333: result: yes
configure:10333: checking for sleep
configure:10333: gcc -o conftest -g -O2   conftest.c  >&5
configure:10333: $? = 0
configure:10333: result: yes
configure:10333: checking for snprintf
configure:10333: gcc -o conftest -g -O2   conftest.c  >&5
conftest.c:128:6: warning: conflicting types for built-in function 'snprintf'; expected 'int(char *, long unsigned int,  const char *, ...)' [-Wbuiltin-declaration-mismatch]
  128 | char snprintf (void);
      |      ^~~~~~~~
conftest.c:120:1: note: 'snprintf' is declared in header '<stdio.h>'
  119 | #include <limits.h>
  120 | #undef snprintf
configure:10333: $? = 0
configure:10333: result: yes
configure:10333: checking for shutdown
configure:10333: gcc -o conftest -g -O2   conftest.c  >&5
configure:10333: $? = 0
configure:10333: result: yes
configure:10333: checking for unlinkat
configure:10333: gcc -o conftest -g -O2   conftest.c  >&5
configure:10333: $? = 0
configure:10333: result: yes
configure:10333: checking for vasnprintf
configure:10333: gcc -o conftest -g -O2   conftest.c  >&5
/usr/bin/ld: /tmp/ccSb2sts.o: in function `main':
/home/derek/Code/diffutils-bcr/conftest.c:142:(.text.startup+0x9): undefined reference to `vasnprintf'
collect2: error: ld returned 1 exit status
configure:10333: $? = 1
configure: failed program was:
| /* confdefs.h */
| #define PACKAGE_NAME "GNU diffutils"
| #define PACKAGE_TARNAME "diffutils"
| #define PACKAGE_VERSION "3.12"
| #define PACKAGE_STRING "GNU diffutils 3.12"
| #define PACKAGE_BUGREPORT "bug-diffutils@gnu.org"
| #define PACKAGE_URL "https://www.gnu.org/software/diffutils/"
| #define PACKAGE "diffutils"
| #define VERSION "3.12"
| #define HAVE_STDIO_H 1
| #define HAVE_STDLIB_H 1
| #define HAVE_STRING_H 1
| #define HAVE_INTTYPES_H 1
| #define HAVE_STDINT_H 1
| #define HAVE_STRINGS_H 1
| #define HAVE_SYS_STAT_H 1
| #define HAVE_SYS_TYPES_H 1
| #define HAVE_UNISTD_H 1
| #define HAVE_WCHAR_H 1
| #define HAVE_STDBOOL_H 1
| #define HAVE_UCHAR_H 1
| #define HAVE_SYS_PARAM_H 1
| #define HAVE_SYS_SOCKET_H 1
| #define HAVE_DIRENT_H 1
| #define HAVE_ERROR_H 1
| #define HAVE_FNMATCH_H 1
| #define HAVE_GETOPT_H 1
| #define HAVE_SYS_TIME_H 1
| #define HAVE_THREADS_H 1
| #define HAVE_LIMITS_H 1
| #define HAVE_WCTYPE_H 1
| #define HAVE_LANGINFO_H 1
| #define HAVE_SYS_MMAN_H 1
| #define HAVE_PTHREAD_H 1
| #define HAVE_MALLOC_H 1
| #define HAVE_STDBIT_H 1
| #define HAVE_SYS_RANDOM_H 1
| #define HAVE_SYS_WAIT_H 1
| #define HAVE_FEATURES_H 1
| #define HAVE_ARPA_INET_H 1
| #define HAVE_NETDB_H 1
| #define HAVE_NETINET_IN_H 1
| #define HAVE_MATH_H 1
| #define HAVE_SYS_SELECT_H 1
| #define HAVE_SEMAPHORE_H 1
| #define HAVE_SYS_IOCTL_H 1
| #define HAVE_SYS_UN_H 1
| #define HAVE_SYS_UIO_H 1
| #define STDC_HEADERS 1
| #define _ALL_SOURCE 1
| #define _COSMO_SOURCE 1
| #define _DARWIN_C_SOURCE 1
| #define _GNU_SOURCE 1
| #define _HPUX_ALT_XOPEN_SOCKET_API 1
| #define _NETBSD_SOURCE 1
| #define _OPENBSD_SOURCE 1
| #define _POSIX_PTHREAD_SEMANTICS 1
| #define __STDC_WANT_IEC_60559_ATTRIBS_EXT__ 1
| #define __STDC_WANT_IEC_60559_BFP_EXT__ 1
| #define __STDC_WANT_IEC_60559_DFP_EXT__ 1
| #define __STDC_WANT_IEC_60559_EXT__ 1
| #define __STDC_WANT_IEC_60559_FUNCS_EXT__ 1
| #define __STDC_WANT_IEC_60559_TYPES_EXT__ 1
| #define __STDC_WANT_LIB_EXT2__ 1
| #define __STDC_WANT_MATH_SPEC_FUNCS__ 1
| #define _TANDEM_SOURCE 1
| #define __EXTENSIONS__ 1
| #define _LINUX_SOURCE_COMPAT 1
| #define __USE_MINGW_ANSI_STDIO 1
| #define HAVE_ALLOCA_H 1
| #define HAVE_ALLOCA 1
| #define HAVE_WINT_T 1
| #define HAVE_BTOWC 1
| #define HAVE_MBRTOWC 1
| #define HAVE_MBSINIT 1
| #define HAVE_FCHDIR 1
| #define HAVE_FCNTL 1
| #define HAVE_SYMLINK 1
| #define HAVE_FDOPENDIR 1
| #define HAVE_FNMATCH 1
| #define HAVE_MBSRTOWCS 1
| #define HAVE_FSTATAT 1
| #define HAVE_GETDTABLESIZE 1
| #define HAVE_GETTIMEOFDAY 1
| #define HAVE_ISBLANK 1
| #define HAVE_ISWCNTRL 1
| #define HAVE_LSTAT 1
| #define HAVE_MPROTECT 1
| #define HAVE_MKSTEMP 1
| #define HAVE_OPENAT 1
| #define HAVE_PCLOSE 1
| #define HAVE_POPEN 1
| #define HAVE_READLINK 1
| #define HAVE_ISWCTYPE 1
| #define HAVE_SETENV 1
| #define HAVE_SIGACTION 1
| #define HAVE_SIGALTSTACK 1
| #define HAVE_SIGINTERRUPT 1
| #define HAVE_SETRLIMIT 1
| #define HAVE_GETRLIMIT 1
| #define HAVE___XPG_STRERROR_R 1
| #define HAVE_STRPTIME 1
| #define HAVE_STRTOIMAX 1
| #define HAVE_LOCALTIME_R 1
| #define HAVE_WCRTOMB 1
| #define HAVE_WCWIDTH 1
| #define HAVE_PIPE 1
| #define HAVE_PSELECT 1
| #define HAVE_PTHREAD_SIGMASK 1
| #define HAVE_SLEEP 1
| #define HAVE_SNPRINTF 1
| #define HAVE_SHUTDOWN 1
| #define HAVE_UNLINKAT 1
| /* end confdefs.h.  */
| /* Define vasnprintf to an innocuous variant, in case <limits.h> declares vasnprintf.
|    For example, HP-UX 11i <limits.h> declares gettimeofday.  */
| #define vasnprintf innocuous_vasnprintf
| 
| /* System header to define __stub macros and hopefully few prototypes,
|    which can conflict with char vasnprintf (void); below.  */
| 
| #include <limits.h>
| #undef vasnprintf
| 
| /* Override any GCC internal prototype to avoid an error.
|    Use char because int might match the return type of a GCC
|    builtin and then its argument prototype would still apply.  */
| #ifdef __cplusplus
| extern "C"
| #endif
| char vasnprintf (void);
| /* The GNU C library defines this for functions which it implements
|     to always fail with ENOSYS.  Some functions are actually named
|     something starting with __ and the normal name is an alias.  */
| #if defined __stub_vasnprintf || defined __stub___vasnprintf
| choke me
| #endif
| 
| int
| main (void)
| {
| return vasnprintf ();
|   ;
|   return 0;
| }
configure:10333: result: no
configure:10333: checking for wctob
configure:10333: gcc -o conftest -g -O2   conftest.c  >&5
configure:10333: $? = 0
configure:10333: result: yes
configure:10333: checking for sigprocmask
configure:10333: gcc -o conftest -g -O2   conftest.c  >&5
configure:10333: $? = 0
configure:10333: result: yes
configure:10333: checking for fork
configure:10333: gcc -o conftest -g -O2   conftest.c  >&5
conftest.c:133:6: warning: conflicting types for built-in function 'fork'; expected 'int(void)' [-Wbuiltin-declaration-mismatch]
  133 | char fork (void);
      |      ^~~~
configure:10333: $? = 0
configure:10333: result: yes
configure:10333: checking for vfork
configure:10333: gcc -o conftest -g -O2   conftest.c  >&5
configure:10333: $? = 0
configure:10333: result: yes
configure:10343: checking for nl_langinfo and CODESET
configure:10360: gcc -o conftest -g -O2   conftest.c  >&5
configure:10360: $? = 0
configure:10372: result: yes
configure:10383: checking for a traditional french locale
configure:10460: gcc -o conftest -g -O2   conftest.c  >&5
configure:10463: $? = 0
configure:10521: result: none
configure:11061: checking for ld used by gcc
configure:11191: result: /usr/bin/ld
configure:11198: checking if the linker (/usr/bin/ld) is GNU ld
configure:11215: result: yes
configure:11223: checking for shared library run path origin
configure:11238: result: done
configure:11261: checking 32-bit host C ABI
configure:11314: gcc -c -g -O2  conftest.c >&5
configure:11314: $? = 0
configure:11328: result: no
configure:11337: checking for ELF binary format
configure:11363: result: yes
configure:11415: checking for the common suffixes of directories in the library search path
configure:11492: result: lib,lib,lib64
configure:12101: checking whether char8_t is correctly defined
configure:12125: gcc -c -g -O2  conftest.c >&5
configure:12125: $? = 0
configure:12136: result: yes
configure:12146: checking whether char16_t is correctly defined
configure:12172: gcc -c -g -O2  conftest.c >&5
configure:12172: $? = 0
configure:12183: result: yes
configure:12193: checking whether char32_t is correctly defined
configure:12219: gcc -c -g -O2  conftest.c >&5
configure:12219: $? = 0
configure:12230: result: yes
configure:12409: checking for bit size of wchar_t
configure:12415: gcc -o conftest -g -O2   conftest.c  >&5
configure:12415: $? = 0
configure:12415: ./conftest
configure:12415: $? = 0
configure:12435: result: 32
configure:12461: checking for mbstate_t
configure:12479: gcc -c -g -O2  conftest.c >&5
configure:12479: $? = 0
configure:12489: result: yes
configure:12505: checking for a traditional japanese locale
configure:12585: gcc -o conftest -g -O2   conftest.c  >&5
configure:12588: $? = 0
configure:12648: result: none
configure:12662: checking for an english Unicode locale
configure:12731: gcc -o conftest -g -O2   conftest.c  >&5
configure:12734: $? = 0
configure:12785: result: en_US.UTF-8
configure:12799: checking for a transitional chinese locale
configure:12894: gcc -o conftest -g -O2   conftest.c  >&5
configure:12897: $? = 0
configure:12950: result: none
configure:12977: checking whether mbrtowc handles incomplete characters
configure:13057: gcc -o conftest -g -O2   conftest.c  >&5
configure:13057: $? = 0
configure:13057: ./conftest
configure:13057: $? = 0
configure:13074: result: yes
configure:13080: checking whether mbrtowc works as well as mbtowc
configure:13140: result: guessing yes
configure:13156: checking for gcc options needed to detect all undeclared functions
configure:13178: gcc -c -g -O2   conftest.c >&5
conftest.c: In function 'main':
conftest.c:126:8: error: 'strchr' undeclared (first use in this function)
  126 | (void) strchr;
      |        ^~~~~~
conftest.c:1:1: note: 'strchr' is defined in header '<string.h>'; did you forget to '#include <string.h>'?
    1 | /* confdefs.h */
conftest.c:126:8: note: each undeclared identifier is reported only once for each function it appears in
  126 | (void) strchr;
      |        ^~~~~~
configure:13178: $? = 1
configure: failed program was:
| /* confdefs.h */
| #define PACKAGE_NAME "GNU diffutils"
| #define PACKAGE_TARNAME "diffutils"
| #define PACKAGE_VERSION "3.12"
| #define PACKAGE_STRING "GNU diffutils 3.12"
| #define PACKAGE_BUGREPORT "bug-diffutils@gnu.org"
| #define PACKAGE_URL "https://www.gnu.org/software/diffutils/"
| #define PACKAGE "diffutils"
| #define VERSION "3.12"
| #define HAVE_STDIO_H 1
| #define HAVE_STDLIB_H 1
| #define HAVE_STRING_H 1
| #define HAVE_INTTYPES_H 1
| #define HAVE_STDINT_H 1
| #define HAVE_STRINGS_H 1
| #define HAVE_SYS_STAT_H 1
| #define HAVE_SYS_TYPES_H 1
| #define HAVE_UNISTD_H 1
| #define HAVE_WCHAR_H 1
| #define HAVE_STDBOOL_H 1
| #define HAVE_UCHAR_H 1
| #define HAVE_SYS_PARAM_H 1
| #define HAVE_SYS_SOCKET_H 1
| #define HAVE_DIRENT_H 1
| #define HAVE_ERROR_H 1
| #define HAVE_FNMATCH_H 1
| #define HAVE_GETOPT_H 1
| #define HAVE_SYS_TIME_H 1
| #define HAVE_THREADS_H 1
| #define HAVE_LIMITS_H 1
| #define HAVE_WCTYPE_H 1
| #define HAVE_LANGINFO_H 1
| #define HAVE_SYS_MMAN_H 1
| #define HAVE_PTHREAD_H 1
| #define HAVE_MALLOC_H 1
| #define HAVE_STDBIT_H 1
| #define HAVE_SYS_RANDOM_H 1
| #define HAVE_SYS_WAIT_H 1
| #define HAVE_FEATURES_H 1
| #define HAVE_ARPA_INET_H 1
| #define HAVE_NETDB_H 1
| #define HAVE_NETINET_IN_H 1
| #define HAVE_MATH_H 1
| #define HAVE_SYS_SELECT_H 1
| #define HAVE_SEMAPHORE_H 1
| #define HAVE_SYS_IOCTL_H 1
| #define HAVE_SYS_UN_H 1
| #define HAVE_SYS_UIO_H 1
| #define STDC_HEADERS 1
| #define _ALL_SOURCE 1
| #define _COSMO_SOURCE 1
| #define _DARWIN_C_SOURCE 1
| #define _GNU_SOURCE 1
| #define _HPUX_ALT_XOPEN_SOCKET_API 1
| #define _NETBSD_SOURCE 1
| #define _OPENBSD_SOURCE 1
| #define _POSIX_PTHREAD_SEMANTICS 1
| #define __STDC_WANT_IEC_60559_ATTRIBS_EXT__ 1
| #define __STDC_WANT_IEC_60559_BFP_EXT__ 1
| #define __STDC_WANT_IEC_60559_DFP_EXT__ 1
| #define __STDC_WANT_IEC_60559_EXT__ 1
| #define __STDC_WANT_IEC_60559_FUNCS_EXT__ 1
| #define __STDC_WANT_IEC_60559_TYPES_EXT__ 1
| #define __STDC_WANT_LIB_EXT2__ 1
| #define __STDC_WANT_MATH_SPEC_FUNCS__ 1
| #define _TANDEM_SOURCE 1
| #define __EXTENSIONS__ 1
| #define _LINUX_SOURCE_COMPAT 1
| #define __USE_MINGW_ANSI_STDIO 1
| #define HAVE_ALLOCA_H 1
| #define HAVE_ALLOCA 1
| #define HAVE_WINT_T 1
| #define HAVE_BTOWC 1
| #define HAVE_MBRTOWC 1
| #define HAVE_MBSINIT 1
| #define HAVE_FCHDIR 1
| #define HAVE_FCNTL 1
| #define HAVE_SYMLINK 1
| #define HAVE_FDOPENDIR 1
| #define HAVE_FNMATCH 1
| #define HAVE_MBSRTOWCS 1
| #define HAVE_FSTATAT 1
| #define HAVE_GETDTABLESIZE 1
| #define HAVE_GETTIMEOFDAY 1
| #define HAVE_ISBLANK 1
| #define HAVE_ISWCNTRL 1
| #define HAVE_LSTAT 1
| #define HAVE_MPROTECT 1
| #define HAVE_MKSTEMP 1
| #define HAVE_OPENAT 1
| #define HAVE_PCLOSE 1
| #define HAVE_POPEN 1
| #define HAVE_READLINK 1
| #define HAVE_ISWCTYPE 1
| #define HAVE_SETENV 1
| #define HAVE_SIGACTION 1
| #define HAVE_SIGALTSTACK 1
| #define HAVE_SIGINTERRUPT 1
| #define HAVE_SETRLIMIT 1
| #define HAVE_GETRLIMIT 1
| #define HAVE___XPG_STRERROR_R 1
| #define HAVE_STRPTIME 1
| #define HAVE_STRTOIMAX 1
| #define HAVE_LOCALTIME_R 1
| #define HAVE_WCRTOMB 1
| #define HAVE_WCWIDTH 1
| #define HAVE_PIPE 1
| #define HAVE_PSELECT 1
| #define HAVE_PTHREAD_SIGMASK 1
| #define HAVE_SLEEP 1
| #define HAVE_SNPRINTF 1
| #define HAVE_SHUTDOWN 1
| #define HAVE_UNLINKAT 1
| #define HAVE_WCTOB 1
| #define HAVE_SIGPROCMASK 1
| #define HAVE_FORK 1
| #define HAVE_VFORK 1
| #define HAVE_LANGINFO_CODESET 1
| #define BITSIZEOF_WCHAR_T 32
| #define HAVE_MBSTATE_T 1
| /* end confdefs.h.  */
| 
| int
| main (void)
| {
| (void) strchr;
|   ;
|   return 0;
| }
configure:13205: gcc -c -g -O2   conftest.c >&5
configure:13205: $? = 0
configure:13225: result: none needed
configure:13240: checking whether mbrtoc32 is declared
configure:13240: gcc -c -g -O2   conftest.c >&5
configure:13240: $? = 0
configure:13240: result: yes
configure:13251: checking for mbrtoc32
configure:13276: gcc -o conftest -g -O2   conftest.c  >&5
configure:13276: $? = 0
configure:13288: result: yes
configure:13304: checking whether mbrtoc32 works as well as mbrtowc
configure:13393: result: guessing yes
configure:13408: checking whether c32rtomb is declared
configure:13408: gcc -c -g -O2   conftest.c >&5
configure:13408: $? = 0
configure:13408: result: yes
configure:13419: checking for c32rtomb
configure:13444: gcc -o conftest -g -O2   conftest.c  >&5
configure:13444: $? = 0
configure:13456: result: yes
configure:13471: checking whether c32rtomb works as well as wcrtomb
configure:13551: result: guessing yes
configure:13566: checking whether malloc is ptrdiff_t safe
configure:13603: gcc -c -g -O2  conftest.c >&5
configure:13603: $? = 0
configure:13614: result: yes
configure:13632: checking whether malloc, realloc, calloc set errno on failure
configure:13675: result: yes
configure:13698: checking for C/C++ restrict keyword
configure:13728: gcc -c -g -O2  conftest.c >&5
configure:13728: $? = 0
configure:13738: result: __restrict__
configure:14650: checking if environ is properly declared
configure:14674: gcc -c -g -O2  conftest.c >&5
conftest.c:134:26: error: conflicting types for 'environ'; have 'foo_t'
  134 |             extern foo_t environ;
      |                          ^~~~~~~
In file included from conftest.c:128:
/usr/include/unistd.h:566:15: note: previous declaration of 'environ' with type 'char **'
  566 | extern char **environ;
      |               ^~~~~~~
configure:14674: $? = 1
configure: failed program was:
| /* confdefs.h */
| #define PACKAGE_NAME "GNU diffutils"
| #define PACKAGE_TARNAME "diffutils"
| #define PACKAGE_VERSION "3.12"
| #define PACKAGE_STRING "GNU diffutils 3.12"
| #define PACKAGE_BUGREPORT "bug-diffutils@gnu.org"
| #define PACKAGE_URL "https://www.gnu.org/software/diffutils/"
| #define PACKAGE "diffutils"
| #define VERSION "3.12"
| #define HAVE_STDIO_H 1
| #define HAVE_STDLIB_H 1
| #define HAVE_STRING_H 1
| #define HAVE_INTTYPES_H 1
| #define HAVE_STDINT_H 1
| #define HAVE_STRINGS_H 1
| #define HAVE_SYS_STAT_H 1
| #define HAVE_SYS_TYPES_H 1
| #define HAVE_UNISTD_H 1
| #define HAVE_WCHAR_H 1
| #define HAVE_STDBOOL_H 1
| #define HAVE_UCHAR_H 1
| #define HAVE_SYS_PARAM_H 1
| #define HAVE_SYS_SOCKET_H 1
| #define HAVE_DIRENT_H 1
| #define HAVE_ERROR_H 1
| #define HAVE_FNMATCH_H 1
| #define HAVE_GETOPT_H 1
| #define HAVE_SYS_TIME_H 1
| #define HAVE_THREADS_H 1
| #define HAVE_LIMITS_H 1
| #define HAVE_WCTYPE_H 1
| #define HAVE_LANGINFO_H 1
| #define HAVE_SYS_MMAN_H 1
| #define HAVE_PTHREAD_H 1
| #define HAVE_MALLOC_H 1
| #define HAVE_STDBIT_H 1
| #define HAVE_SYS_RANDOM_H 1
| #define HAVE_SYS_WAIT_H 1
| #define HAVE_FEATURES_H 1
| #define HAVE_ARPA_INET_H 1
| #define HAVE_NETDB_H 1
| #define HAVE_NETINET_IN_H 1
| #define HAVE_MATH_H 1
| #define HAVE_SYS_SELECT_H 1
| #define HAVE_SEMAPHORE_H 1
| #define HAVE_SYS_IOCTL_H 1
| #define HAVE_SYS_UN_H 1
| #define HAVE_SYS_UIO_H 1
| #define STDC_HEADERS 1
| #define _ALL_SOURCE 1
| #define _COSMO_SOURCE 1
| #define _DARWIN_C_SOURCE 1
| #define _GNU_SOURCE 1
| #define _HPUX_ALT_XOPEN_SOCKET_API 1
| #define _NETBSD_SOURCE 1
| #define _OPENBSD_SOURCE 1
| #define _POSIX_PTHREAD_SEMANTICS 1
| #define __STDC_WANT_IEC_60559_ATTRIBS_EXT__ 1
| #define __STDC_WANT_IEC_60559_BFP_EXT__ 1
| #define __STDC_WANT_IEC_60559_DFP_EXT__ 1
| #define __STDC_WANT_IEC_60559_EXT__ 1
| #define __STDC_WANT_IEC_60559_FUNCS_EXT__ 1
| #define __STDC_WANT_IEC_60559_TYPES_EXT__ 1
| #define __STDC_WANT_LIB_EXT2__ 1
| #define __STDC_WANT_MATH_SPEC_FUNCS__ 1
| #define _TANDEM_SOURCE 1
| #define __EXTENSIONS__ 1
| #define _LINUX_SOURCE_COMPAT 1
| #define __USE_MINGW_ANSI_STDIO 1
| #define HAVE_ALLOCA_H 1
| #define HAVE_ALLOCA 1
| #define HAVE_WINT_T 1
| #define HAVE_BTOWC 1
| #define HAVE_MBRTOWC 1
| #define HAVE_MBSINIT 1
| #define HAVE_FCHDIR 1
| #define HAVE_FCNTL 1
| #define HAVE_SYMLINK 1
| #define HAVE_FDOPENDIR 1
| #define HAVE_FNMATCH 1
| #define HAVE_MBSRTOWCS 1
| #define HAVE_FSTATAT 1
| #define HAVE_GETDTABLESIZE 1
| #define HAVE_GETTIMEOFDAY 1
| #define HAVE_ISBLANK 1
| #define HAVE_ISWCNTRL 1
| #define HAVE_LSTAT 1
| #define HAVE_MPROTECT 1
| #define HAVE_MKSTEMP 1
| #define HAVE_OPENAT 1
| #define HAVE_PCLOSE 1
| #define HAVE_POPEN 1
| #define HAVE_READLINK 1
| #define HAVE_ISWCTYPE 1
| #define HAVE_SETENV 1
| #define HAVE_SIGACTION 1
| #define HAVE_SIGALTSTACK 1
| #define HAVE_SIGINTERRUPT 1
| #define HAVE_SETRLIMIT 1
| #define HAVE_GETRLIMIT 1
| #define HAVE___XPG_STRERROR_R 1
| #define HAVE_STRPTIME 1
| #define HAVE_STRTOIMAX 1
| #define HAVE_LOCALTIME_R 1
| #define HAVE_WCRTOMB 1
| #define HAVE_WCWIDTH 1
| #define HAVE_PIPE 1
| #define HAVE_PSELECT 1
| #define HAVE_PTHREAD_SIGMASK 1
| #define HAVE_SLEEP 1
| #define HAVE_SNPRINTF 1
| #define HAVE_SHUTDOWN 1
| #define HAVE_UNLINKAT 1
| #define HAVE_WCTOB 1
| #define HAVE_SIGPROCMASK 1
| #define HAVE_FORK 1
| #define HAVE_VFORK 1
| #define HAVE_LANGINFO_CODESET 1
| #define BITSIZEOF_WCHAR_T 32
| #define HAVE_MBSTATE_T 1
| #define HAVE_WORKING_MBRTOC32 1
| #define HAVE_WORKING_C32RTOMB 1
| #define HAVE_MALLOC_PTRDIFF 1
| #define HAVE_MALLOC_POSIX 1
| #define restrict __restrict__
| /* end confdefs.h.  */
| #if HAVE_UNISTD_H
|      #include <unistd.h>
|      #endif
|      /* mingw, BeOS, Haiku declare environ in <stdlib.h>, not in <unistd.h>.  */
|      #include <stdlib.h>
| 
|             typedef struct { int foo; } foo_t;
|             extern foo_t environ;
| int
| main (void)
| {
| environ.foo = 1;
|   ;
|   return 0;
| }
configure:14684: result: yes
configure:14701: checking for complete errno.h
configure:14781: result: yes
configure:15187: checking for error
configure:15224: checking for error
configure:15224: gcc -o conftest -g -O2   conftest.c  >&5
configure:15224: $? = 0
configure:15224: result: yes
configure:15240: result: yes
configure:15263: checking whether error_at_line is declared
configure:15263: gcc -c -g -O2   conftest.c >&5
configure:15263: $? = 0
configure:15263: result: yes
configure:15270: checking for error_at_line
configure:15287: gcc -o conftest -g -O2   conftest.c  >&5
configure:15287: $? = 0
configure:15298: result: yes
configure:15311: checking for working error function
configure:15336: gcc -o conftest -g -O2   conftest.c  >&5
configure:15336: $? = 0
configure:15394: result: yes
configure:15417: checking whether strerror_r is declared
configure:15417: gcc -c -g -O2   conftest.c >&5
configure:15417: $? = 0
configure:15417: result: yes
configure:15437: checking whether strerror_r returns char *
configure:15462: gcc -c -g -O2  conftest.c >&5
configure:15462: $? = 0
configure:15472: result: yes
configure:15484: checking whether ctype.h defines __header_inline
configure:15498: gcc -E  conftest.c
conftest.c:134:28: error: #error "<ctype.h> does not define __header_inline"
  134 |                           #error "<ctype.h> does not define __header_inline"
      |                            ^~~~~
configure:15498: $? = 1
configure: failed program was:
| /* confdefs.h */
| #define PACKAGE_NAME "GNU diffutils"
| #define PACKAGE_TARNAME "diffutils"
| #define PACKAGE_VERSION "3.12"
| #define PACKAGE_STRING "GNU diffutils 3.12"
| #define PACKAGE_BUGREPORT "bug-diffutils@gnu.org"
| #define PACKAGE_URL "https://www.gnu.org/software/diffutils/"
| #define PACKAGE "diffutils"
| #define VERSION "3.12"
| #define HAVE_STDIO_H 1
| #define HAVE_STDLIB_H 1
| #define HAVE_STRING_H 1
| #define HAVE_INTTYPES_H 1
| #define HAVE_STDINT_H 1
| #define HAVE_STRINGS_H 1
| #define HAVE_SYS_STAT_H 1
| #define HAVE_SYS_TYPES_H 1
| #define HAVE_UNISTD_H 1
| #define HAVE_WCHAR_H 1
| #define HAVE_STDBOOL_H 1
| #define HAVE_UCHAR_H 1
| #define HAVE_SYS_PARAM_H 1
| #define HAVE_SYS_SOCKET_H 1
| #define HAVE_DIRENT_H 1
| #define HAVE_ERROR_H 1
| #define HAVE_FNMATCH_H 1
| #define HAVE_GETOPT_H 1
| #define HAVE_SYS_TIME_H 1
| #define HAVE_THREADS_H 1
| #define HAVE_LIMITS_H 1
| #define HAVE_WCTYPE_H 1
| #define HAVE_LANGINFO_H 1
| #define HAVE_SYS_MMAN_H 1
| #define HAVE_PTHREAD_H 1
| #define HAVE_MALLOC_H 1
| #define HAVE_STDBIT_H 1
| #define HAVE_SYS_RANDOM_H 1
| #define HAVE_SYS_WAIT_H 1
| #define HAVE_FEATURES_H 1
| #define HAVE_ARPA_INET_H 1
| #define HAVE_NETDB_H 1
| #define HAVE_NETINET_IN_H 1
| #define HAVE_MATH_H 1
| #define HAVE_SYS_SELECT_H 1
| #define HAVE_SEMAPHORE_H 1
| #define HAVE_SYS_IOCTL_H 1
| #define HAVE_SYS_UN_H 1
| #define HAVE_SYS_UIO_H 1
| #define STDC_HEADERS 1
| #define _ALL_SOURCE 1
| #define _COSMO_SOURCE 1
| #define _DARWIN_C_SOURCE 1
| #define _GNU_SOURCE 1
| #define _HPUX_ALT_XOPEN_SOCKET_API 1
| #define _NETBSD_SOURCE 1
| #define _OPENBSD_SOURCE 1
| #define _POSIX_PTHREAD_SEMANTICS 1
| #define __STDC_WANT_IEC_60559_ATTRIBS_EXT__ 1
| #define __STDC_WANT_IEC_60559_BFP_EXT__ 1
| #define __STDC_WANT_IEC_60559_DFP_EXT__ 1
| #define __STDC_WANT_IEC_60559_EXT__ 1
| #define __STDC_WANT_IEC_60559_FUNCS_EXT__ 1
| #define __STDC_WANT_IEC_60559_TYPES_EXT__ 1
| #define __STDC_WANT_LIB_EXT2__ 1
| #define __STDC_WANT_MATH_SPEC_FUNCS__ 1
| #define _TANDEM_SOURCE 1
| #define __EXTENSIONS__ 1
| #define _LINUX_SOURCE_COMPAT 1
| #define __USE_MINGW_ANSI_STDIO 1
| #define HAVE_ALLOCA_H 1
| #define HAVE_ALLOCA 1
| #define HAVE_WINT_T 1
| #define HAVE_BTOWC 1
| #define HAVE_MBRTOWC 1
| #define HAVE_MBSINIT 1
| #define HAVE_FCHDIR 1
| #define HAVE_FCNTL 1
| #define HAVE_SYMLINK 1
| #define HAVE_FDOPENDIR 1
| #define HAVE_FNMATCH 1
| #define HAVE_MBSRTOWCS 1
| #define HAVE_FSTATAT 1
| #define HAVE_GETDTABLESIZE 1
| #define HAVE_GETTIMEOFDAY 1
| #define HAVE_ISBLANK 1
| #define HAVE_ISWCNTRL 1
| #define HAVE_LSTAT 1
| #define HAVE_MPROTECT 1
| #define HAVE_MKSTEMP 1
| #define HAVE_OPENAT 1
| #define HAVE_PCLOSE 1
| #define HAVE_POPEN 1
| #define HAVE_READLINK 1
| #define HAVE_ISWCTYPE 1
| #define HAVE_SETENV 1
| #define HAVE_SIGACTION 1
| #define HAVE_SIGALTSTACK 1
| #define HAVE_SIGINTERRUPT 1
| #define HAVE_SETRLIMIT 1
| #define HAVE_GETRLIMIT 1
| #define HAVE___XPG_STRERROR_R 1
| #define HAVE_STRPTIME 1
| #define HAVE_STRTOIMAX 1
| #define HAVE_LOCALTIME_R 1
| #define HAVE_WCRTOMB 1
| #define HAVE_WCWIDTH 1
| #define HAVE_PIPE 1
| #define HAVE_PSELECT 1
| #define HAVE_PTHREAD_SIGMASK 1
| #define HAVE_SLEEP 1
| #define HAVE_SNPRINTF 1
| #define HAVE_SHUTDOWN 1
| #define HAVE_UNLINKAT 1
| #define HAVE_WCTOB 1
| #define HAVE_SIGPROCMASK 1
| #define HAVE_FORK 1
| #define HAVE_VFORK 1
| #define HAVE_LANGINFO_CODESET 1
| #define BITSIZEOF_WCHAR_T 32
| #define HAVE_MBSTATE_T 1
| #define HAVE_WORKING_MBRTOC32 1
| #define HAVE_WORKING_C32RTOMB 1
| #define HAVE_MALLOC_PTRDIFF 1
| #define HAVE_MALLOC_POSIX 1
| #define restrict __restrict__
| #define HAVE_ENVIRON_DECL 1
| #define HAVE_ERROR 1
| #define HAVE_DECL_STRERROR_R 1
| #define HAVE_STRERROR_R 1
| #define STRERROR_R_CHAR_P 1
| /* end confdefs.h.  */
| #include <ctype.h>
|                          #ifndef __header_inline
|                           #error "<ctype.h> does not define __header_inline"
|                          #endif
| 
configure:15508: result: no
configure:15518: checking whether fchdir is declared
configure:15518: gcc -c -g -O2   conftest.c >&5
configure:15518: $? = 0
configure:15518: result: yes
configure:15573: checking for working fcntl.h
configure:15687: gcc -o conftest -g -O2   conftest.c  >&5
configure:15687: $? = 0
configure:15687: ./conftest
configure:15687: $? = 0
configure:15707: result: yes
configure:15727: checking for pid_t
configure:15727: gcc -c -g -O2  conftest.c >&5
configure:15727: $? = 0
configure:15727: gcc -c -g -O2  conftest.c >&5
conftest.c: In function 'main':
conftest.c:167:20: error: expected expression before ')' token
  167 | if (sizeof ((pid_t)))
      |                    ^
configure:15727: $? = 1
configure: failed program was:
| /* confdefs.h */
| #define PACKAGE_NAME "GNU diffutils"
| #define PACKAGE_TARNAME "diffutils"
| #define PACKAGE_VERSION "3.12"
| #define PACKAGE_STRING "GNU diffutils 3.12"
| #define PACKAGE_BUGREPORT "bug-diffutils@gnu.org"
| #define PACKAGE_URL "https://www.gnu.org/software/diffutils/"
| #define PACKAGE "diffutils"
| #define VERSION "3.12"
| #define HAVE_STDIO_H 1
| #define HAVE_STDLIB_H 1
| #define HAVE_STRING_H 1
| #define HAVE_INTTYPES_H 1
| #define HAVE_STDINT_H 1
| #define HAVE_STRINGS_H 1
| #define HAVE_SYS_STAT_H 1
| #define HAVE_SYS_TYPES_H 1
| #define HAVE_UNISTD_H 1
| #define HAVE_WCHAR_H 1
| #define HAVE_STDBOOL_H 1
| #define HAVE_UCHAR_H 1
| #define HAVE_SYS_PARAM_H 1
| #define HAVE_SYS_SOCKET_H 1
| #define HAVE_DIRENT_H 1
| #define HAVE_ERROR_H 1
| #define HAVE_FNMATCH_H 1
| #define HAVE_GETOPT_H 1
| #define HAVE_SYS_TIME_H 1
| #define HAVE_THREADS_H 1
| #define HAVE_LIMITS_H 1
| #define HAVE_WCTYPE_H 1
| #define HAVE_LANGINFO_H 1
| #define HAVE_SYS_MMAN_H 1
| #define HAVE_PTHREAD_H 1
| #define HAVE_MALLOC_H 1
| #define HAVE_STDBIT_H 1
| #define HAVE_SYS_RANDOM_H 1
| #define HAVE_SYS_WAIT_H 1
| #define HAVE_FEATURES_H 1
| #define HAVE_ARPA_INET_H 1
| #define HAVE_NETDB_H 1
| #define HAVE_NETINET_IN_H 1
| #define HAVE_MATH_H 1
| #define HAVE_SYS_SELECT_H 1
| #define HAVE_SEMAPHORE_H 1
| #define HAVE_SYS_IOCTL_H 1
| #define HAVE_SYS_UN_H 1
| #define HAVE_SYS_UIO_H 1
| #define STDC_HEADERS 1
| #define _ALL_SOURCE 1
| #define _COSMO_SOURCE 1
| #define _DARWIN_C_SOURCE 1
| #define _GNU_SOURCE 1
| #define _HPUX_ALT_XOPEN_SOCKET_API 1
| #define _NETBSD_SOURCE 1
| #define _OPENBSD_SOURCE 1
| #define _POSIX_PTHREAD_SEMANTICS 1
| #define __STDC_WANT_IEC_60559_ATTRIBS_EXT__ 1
| #define __STDC_WANT_IEC_60559_BFP_EXT__ 1
| #define __STDC_WANT_IEC_60559_DFP_EXT__ 1
| #define __STDC_WANT_IEC_60559_EXT__ 1
| #define __STDC_WANT_IEC_60559_FUNCS_EXT__ 1
| #define __STDC_WANT_IEC_60559_TYPES_EXT__ 1
| #define __STDC_WANT_LIB_EXT2__ 1
| #define __STDC_WANT_MATH_SPEC_FUNCS__ 1
| #define _TANDEM_SOURCE 1
| #define __EXTENSIONS__ 1
| #define _LINUX_SOURCE_COMPAT 1
| #define __USE_MINGW_ANSI_STDIO 1
| #define HAVE_ALLOCA_H 1
| #define HAVE_ALLOCA 1
| #define HAVE_WINT_T 1
| #define HAVE_BTOWC 1
| #define HAVE_MBRTOWC 1
| #define HAVE_MBSINIT 1
| #define HAVE_FCHDIR 1
| #define HAVE_FCNTL 1
| #define HAVE_SYMLINK 1
| #define HAVE_FDOPENDIR 1
| #define HAVE_FNMATCH 1
| #define HAVE_MBSRTOWCS 1
| #define HAVE_FSTATAT 1
| #define HAVE_GETDTABLESIZE 1
| #define HAVE_GETTIMEOFDAY 1
| #define HAVE_ISBLANK 1
| #define HAVE_ISWCNTRL 1
| #define HAVE_LSTAT 1
| #define HAVE_MPROTECT 1
| #define HAVE_MKSTEMP 1
| #define HAVE_OPENAT 1
| #define HAVE_PCLOSE 1
| #define HAVE_POPEN 1
| #define HAVE_READLINK 1
| #define HAVE_ISWCTYPE 1
| #define HAVE_SETENV 1
| #define HAVE_SIGACTION 1
| #define HAVE_SIGALTSTACK 1
| #define HAVE_SIGINTERRUPT 1
| #define HAVE_SETRLIMIT 1
| #define HAVE_GETRLIMIT 1
| #define HAVE___XPG_STRERROR_R 1
| #define HAVE_STRPTIME 1
| #define HAVE_STRTOIMAX 1
| #define HAVE_LOCALTIME_R 1
| #define HAVE_WCRTOMB 1
| #define HAVE_WCWIDTH 1
| #define HAVE_PIPE 1
| #define HAVE_PSELECT 1
| #define HAVE_PTHREAD_SIGMASK 1
| #define HAVE_SLEEP 1
| #define HAVE_SNPRINTF 1
| #define HAVE_SHUTDOWN 1
| #define HAVE_UNLINKAT 1
| #define HAVE_WCTOB 1
| #define HAVE_SIGPROCMASK 1
| #define HAVE_FORK 1
| #define HAVE_VFORK 1
| #define HAVE_LANGINFO_CODESET 1
| #define BITSIZEOF_WCHAR_T 32
| #define HAVE_MBSTATE_T 1
| #define HAVE_WORKING_MBRTOC32 1
| #define HAVE_WORKING_C32RTOMB 1
| #define HAVE_MALLOC_PTRDIFF 1
| #define HAVE_MALLOC_POSIX 1
| #define restrict __restrict__
| #define HAVE_ENVIRON_DECL 1
| #define HAVE_ERROR 1
| #define HAVE_DECL_STRERROR_R 1
| #define HAVE_STRERROR_R 1
| #define STRERROR_R_CHAR_P 1
| #define HAVE_DECL_FCHDIR 1
| #define HAVE_WORKING_O_NOATIME 1
| #define HAVE_WORKING_O_NOFOLLOW 1
| /* end confdefs.h.  */
| #include <stddef.h>
| #ifdef HAVE_STDIO_H
| # include <stdio.h>
| #endif
| #ifdef HAVE_STDLIB_H
| # include <stdlib.h>
| #endif
| #ifdef HAVE_STRING_H
| # include <string.h>
| #endif
| #ifdef HAVE_INTTYPES_H
| # include <inttypes.h>
| #endif
| #ifdef HAVE_STDINT_H
| # include <stdint.h>
| #endif
| #ifdef HAVE_STRINGS_H
| # include <strings.h>
| #endif
| #ifdef HAVE_SYS_TYPES_H
| # include <sys/types.h>
| #endif
| #ifdef HAVE_SYS_STAT_H
| # include <sys/stat.h>
| #endif
| #ifdef HAVE_UNISTD_H
| # include <unistd.h>
| #endif
| 
| int
| main (void)
| {
| if (sizeof ((pid_t)))
| 	    return 0;
|   ;
|   return 0;
| }
configure:15727: result: yes
configure:15765: checking for mode_t
configure:15765: gcc -c -g -O2  conftest.c >&5
configure:15765: $? = 0
configure:15765: gcc -c -g -O2  conftest.c >&5
conftest.c: In function 'main':
conftest.c:166:21: error: expected expression before ')' token
  166 | if (sizeof ((mode_t)))
      |                     ^
configure:15765: $? = 1
configure: failed program was:
| /* confdefs.h */
| #define PACKAGE_NAME "GNU diffutils"
| #define PACKAGE_TARNAME "diffutils"
| #define PACKAGE_VERSION "3.12"
| #define PACKAGE_STRING "GNU diffutils 3.12"
| #define PACKAGE_BUGREPORT "bug-diffutils@gnu.org"
| #define PACKAGE_URL "https://www.gnu.org/software/diffutils/"
| #define PACKAGE "diffutils"
| #define VERSION "3.12"
| #define HAVE_STDIO_H 1
| #define HAVE_STDLIB_H 1
| #define HAVE_STRING_H 1
| #define HAVE_INTTYPES_H 1
| #define HAVE_STDINT_H 1
| #define HAVE_STRINGS_H 1
| #define HAVE_SYS_STAT_H 1
| #define HAVE_SYS_TYPES_H 1
| #define HAVE_UNISTD_H 1
| #define HAVE_WCHAR_H 1
| #define HAVE_STDBOOL_H 1
| #define HAVE_UCHAR_H 1
| #define HAVE_SYS_PARAM_H 1
| #define HAVE_SYS_SOCKET_H 1
| #define HAVE_DIRENT_H 1
| #define HAVE_ERROR_H 1
| #define HAVE_FNMATCH_H 1
| #define HAVE_GETOPT_H 1
| #define HAVE_SYS_TIME_H 1
| #define HAVE_THREADS_H 1
| #define HAVE_LIMITS_H 1
| #define HAVE_WCTYPE_H 1
| #define HAVE_LANGINFO_H 1
| #define HAVE_SYS_MMAN_H 1
| #define HAVE_PTHREAD_H 1
| #define HAVE_MALLOC_H 1
| #define HAVE_STDBIT_H 1
| #define HAVE_SYS_RANDOM_H 1
| #define HAVE_SYS_WAIT_H 1
| #define HAVE_FEATURES_H 1
| #define HAVE_ARPA_INET_H 1
| #define HAVE_NETDB_H 1
| #define HAVE_NETINET_IN_H 1
| #define HAVE_MATH_H 1
| #define HAVE_SYS_SELECT_H 1
| #define HAVE_SEMAPHORE_H 1
| #define HAVE_SYS_IOCTL_H 1
| #define HAVE_SYS_UN_H 1
| #define HAVE_SYS_UIO_H 1
| #define STDC_HEADERS 1
| #define _ALL_SOURCE 1
| #define _COSMO_SOURCE 1
| #define _DARWIN_C_SOURCE 1
| #define _GNU_SOURCE 1
| #define _HPUX_ALT_XOPEN_SOCKET_API 1
| #define _NETBSD_SOURCE 1
| #define _OPENBSD_SOURCE 1
| #define _POSIX_PTHREAD_SEMANTICS 1
| #define __STDC_WANT_IEC_60559_ATTRIBS_EXT__ 1
| #define __STDC_WANT_IEC_60559_BFP_EXT__ 1
| #define __STDC_WANT_IEC_60559_DFP_EXT__ 1
| #define __STDC_WANT_IEC_60559_EXT__ 1
| #define __STDC_WANT_IEC_60559_FUNCS_EXT__ 1
| #define __STDC_WANT_IEC_60559_TYPES_EXT__ 1
| #define __STDC_WANT_LIB_EXT2__ 1
| #define __STDC_WANT_MATH_SPEC_FUNCS__ 1
| #define _TANDEM_SOURCE 1
| #define __EXTENSIONS__ 1
| #define _LINUX_SOURCE_COMPAT 1
| #define __USE_MINGW_ANSI_STDIO 1
| #define HAVE_ALLOCA_H 1
| #define HAVE_ALLOCA 1
| #define HAVE_WINT_T 1
| #define HAVE_BTOWC 1
| #define HAVE_MBRTOWC 1
| #define HAVE_MBSINIT 1
| #define HAVE_FCHDIR 1
| #define HAVE_FCNTL 1
| #define HAVE_SYMLINK 1
| #define HAVE_FDOPENDIR 1
| #define HAVE_FNMATCH 1
| #define HAVE_MBSRTOWCS 1
| #define HAVE_FSTATAT 1
| #define HAVE_GETDTABLESIZE 1
| #define HAVE_GETTIMEOFDAY 1
| #define HAVE_ISBLANK 1
| #define HAVE_ISWCNTRL 1
| #define HAVE_LSTAT 1
| #define HAVE_MPROTECT 1
| #define HAVE_MKSTEMP 1
| #define HAVE_OPENAT 1
| #define HAVE_PCLOSE 1
| #define HAVE_POPEN 1
| #define HAVE_READLINK 1
| #define HAVE_ISWCTYPE 1
| #define HAVE_SETENV 1
| #define HAVE_SIGACTION 1
| #define HAVE_SIGALTSTACK 1
| #define HAVE_SIGINTERRUPT 1
| #define HAVE_SETRLIMIT 1
| #define HAVE_GETRLIMIT 1
| #define HAVE___XPG_STRERROR_R 1
| #define HAVE_STRPTIME 1
| #define HAVE_STRTOIMAX 1
| #define HAVE_LOCALTIME_R 1
| #define HAVE_WCRTOMB 1
| #define HAVE_WCWIDTH 1
| #define HAVE_PIPE 1
| #define HAVE_PSELECT 1
| #define HAVE_PTHREAD_SIGMASK 1
| #define HAVE_SLEEP 1
| #define HAVE_SNPRINTF 1
| #define HAVE_SHUTDOWN 1
| #define HAVE_UNLINKAT 1
| #define HAVE_WCTOB 1
| #define HAVE_SIGPROCMASK 1
| #define HAVE_FORK 1
| #define HAVE_VFORK 1
| #define HAVE_LANGINFO_CODESET 1
| #define BITSIZEOF_WCHAR_T 32
| #define HAVE_MBSTATE_T 1
| #define HAVE_WORKING_MBRTOC32 1
| #define HAVE_WORKING_C32RTOMB 1
| #define HAVE_MALLOC_PTRDIFF 1
| #define HAVE_MALLOC_POSIX 1
| #define restrict __restrict__
| #define HAVE_ENVIRON_DECL 1
| #define HAVE_ERROR 1
| #define HAVE_DECL_STRERROR_R 1
| #define HAVE_STRERROR_R 1
| #define STRERROR_R_CHAR_P 1
| #define HAVE_DECL_FCHDIR 1
| #define HAVE_WORKING_O_NOATIME 1
| #define HAVE_WORKING_O_NOFOLLOW 1
| /* end confdefs.h.  */
| #include <stddef.h>
| #ifdef HAVE_STDIO_H
| # include <stdio.h>
| #endif
| #ifdef HAVE_STDLIB_H
| # include <stdlib.h>
| #endif
| #ifdef HAVE_STRING_H
| # include <string.h>
| #endif
| #ifdef HAVE_INTTYPES_H
| # include <inttypes.h>
| #endif
| #ifdef HAVE_STDINT_H
| # include <stdint.h>
| #endif
| #ifdef HAVE_STRINGS_H
| # include <strings.h>
| #endif
| #ifdef HAVE_SYS_TYPES_H
| # include <sys/types.h>
| #endif
| #ifdef HAVE_SYS_STAT_H
| # include <sys/stat.h>
| #endif
| #ifdef HAVE_UNISTD_H
| # include <unistd.h>
| #endif
| int
| main (void)
| {
| if (sizeof ((mode_t)))
| 	    return 0;
|   ;
|   return 0;
| }
configure:15765: result: yes
configure:15865: checking for mempcpy
configure:15902: checking for mempcpy
configure:15902: gcc -o conftest -g -O2   conftest.c  >&5
conftest.c:151:6: warning: conflicting types for built-in function 'mempcpy'; expected 'void *(void *, const void *, long unsigned int)' [-Wbuiltin-declaration-mismatch]
  151 | char mempcpy (void);
      |      ^~~~~~~
configure:15902: $? = 0
configure:15902: result: yes
configure:15918: result: yes
configure:16117: checking whether fopen recognizes a trailing slash
configure:16149: gcc -o conftest -g -O2   conftest.c  >&5
configure:16149: $? = 0
configure:16149: ./conftest
configure:16149: $? = 0
configure:16165: result: yes
configure:16184: checking whether fflush works on input streams
configure:16258: gcc -o conftest -g -O2   conftest.c  >&5
configure:16258: $? = 0
configure:16258: ./conftest
configure:16258: $? = 7
configure: program exited with status 7
configure: failed program was:
| /* confdefs.h */
| #define PACKAGE_NAME "GNU diffutils"
| #define PACKAGE_TARNAME "diffutils"
| #define PACKAGE_VERSION "3.12"
| #define PACKAGE_STRING "GNU diffutils 3.12"
| #define PACKAGE_BUGREPORT "bug-diffutils@gnu.org"
| #define PACKAGE_URL "https://www.gnu.org/software/diffutils/"
| #define PACKAGE "diffutils"
| #define VERSION "3.12"
| #define HAVE_STDIO_H 1
| #define HAVE_STDLIB_H 1
| #define HAVE_STRING_H 1
| #define HAVE_INTTYPES_H 1
| #define HAVE_STDINT_H 1
| #define HAVE_STRINGS_H 1
| #define HAVE_SYS_STAT_H 1
| #define HAVE_SYS_TYPES_H 1
| #define HAVE_UNISTD_H 1
| #define HAVE_WCHAR_H 1
| #define HAVE_STDBOOL_H 1
| #define HAVE_UCHAR_H 1
| #define HAVE_SYS_PARAM_H 1
| #define HAVE_SYS_SOCKET_H 1
| #define HAVE_DIRENT_H 1
| #define HAVE_ERROR_H 1
| #define HAVE_FNMATCH_H 1
| #define HAVE_GETOPT_H 1
| #define HAVE_SYS_TIME_H 1
| #define HAVE_THREADS_H 1
| #define HAVE_LIMITS_H 1
| #define HAVE_WCTYPE_H 1
| #define HAVE_LANGINFO_H 1
| #define HAVE_SYS_MMAN_H 1
| #define HAVE_PTHREAD_H 1
| #define HAVE_MALLOC_H 1
| #define HAVE_STDBIT_H 1
| #define HAVE_SYS_RANDOM_H 1
| #define HAVE_SYS_WAIT_H 1
| #define HAVE_FEATURES_H 1
| #define HAVE_ARPA_INET_H 1
| #define HAVE_NETDB_H 1
| #define HAVE_NETINET_IN_H 1
| #define HAVE_MATH_H 1
| #define HAVE_SYS_SELECT_H 1
| #define HAVE_SEMAPHORE_H 1
| #define HAVE_SYS_IOCTL_H 1
| #define HAVE_SYS_UN_H 1
| #define HAVE_SYS_UIO_H 1
| #define STDC_HEADERS 1
| #define _ALL_SOURCE 1
| #define _COSMO_SOURCE 1
| #define _DARWIN_C_SOURCE 1
| #define _GNU_SOURCE 1
| #define _HPUX_ALT_XOPEN_SOCKET_API 1
| #define _NETBSD_SOURCE 1
| #define _OPENBSD_SOURCE 1
| #define _POSIX_PTHREAD_SEMANTICS 1
| #define __STDC_WANT_IEC_60559_ATTRIBS_EXT__ 1
| #define __STDC_WANT_IEC_60559_BFP_EXT__ 1
| #define __STDC_WANT_IEC_60559_DFP_EXT__ 1
| #define __STDC_WANT_IEC_60559_EXT__ 1
| #define __STDC_WANT_IEC_60559_FUNCS_EXT__ 1
| #define __STDC_WANT_IEC_60559_TYPES_EXT__ 1
| #define __STDC_WANT_LIB_EXT2__ 1
| #define __STDC_WANT_MATH_SPEC_FUNCS__ 1
| #define _TANDEM_SOURCE 1
| #define __EXTENSIONS__ 1
| #define _LINUX_SOURCE_COMPAT 1
| #define __USE_MINGW_ANSI_STDIO 1
| #define HAVE_ALLOCA_H 1
| #define HAVE_ALLOCA 1
| #define HAVE_WINT_T 1
| #define HAVE_BTOWC 1
| #define HAVE_MBRTOWC 1
| #define HAVE_MBSINIT 1
| #define HAVE_FCHDIR 1
| #define HAVE_FCNTL 1
| #define HAVE_SYMLINK 1
| #define HAVE_FDOPENDIR 1
| #define HAVE_FNMATCH 1
| #define HAVE_MBSRTOWCS 1
| #define HAVE_FSTATAT 1
| #define HAVE_GETDTABLESIZE 1
| #define HAVE_GETTIMEOFDAY 1
| #define HAVE_ISBLANK 1
| #define HAVE_ISWCNTRL 1
| #define HAVE_LSTAT 1
| #define HAVE_MPROTECT 1
| #define HAVE_MKSTEMP 1
| #define HAVE_OPENAT 1
| #define HAVE_PCLOSE 1
| #define HAVE_POPEN 1
| #define HAVE_READLINK 1
| #define HAVE_ISWCTYPE 1
| #define HAVE_SETENV 1
| #define HAVE_SIGACTION 1
| #define HAVE_SIGALTSTACK 1
| #define HAVE_SIGINTERRUPT 1
| #define HAVE_SETRLIMIT 1
| #define HAVE_GETRLIMIT 1
| #define HAVE___XPG_STRERROR_R 1
| #define HAVE_STRPTIME 1
| #define HAVE_STRTOIMAX 1
| #define HAVE_LOCALTIME_R 1
| #define HAVE_WCRTOMB 1
| #define HAVE_WCWIDTH 1
| #define HAVE_PIPE 1
| #define HAVE_PSELECT 1
| #define HAVE_PTHREAD_SIGMASK 1
| #define HAVE_SLEEP 1
| #define HAVE_SNPRINTF 1
| #define HAVE_SHUTDOWN 1
| #define HAVE_UNLINKAT 1
| #define HAVE_WCTOB 1
| #define HAVE_SIGPROCMASK 1
| #define HAVE_FORK 1
| #define HAVE_VFORK 1
| #define HAVE_LANGINFO_CODESET 1
| #define BITSIZEOF_WCHAR_T 32
| #define HAVE_MBSTATE_T 1
| #define HAVE_WORKING_MBRTOC32 1
| #define HAVE_WORKING_C32RTOMB 1
| #define HAVE_MALLOC_PTRDIFF 1
| #define HAVE_MALLOC_POSIX 1
| #define restrict __restrict__
| #define HAVE_ENVIRON_DECL 1
| #define HAVE_ERROR 1
| #define HAVE_DECL_STRERROR_R 1
| #define HAVE_STRERROR_R 1
| #define STRERROR_R_CHAR_P 1
| #define HAVE_DECL_FCHDIR 1
| #define HAVE_WORKING_O_NOATIME 1
| #define HAVE_WORKING_O_NOFOLLOW 1
| #define HAVE_MEMPCPY 1
| /* end confdefs.h.  */
| 
| #include <stdio.h>
| #if HAVE_UNISTD_H
| # include <unistd.h>
| #else /* on Windows with MSVC */
| # include <io.h>
| #endif
| 
| 
| 
| #if defined _WIN32 && !defined __CYGWIN__
| #define access    _access
| #define chdir     _chdir
| #define chmod     _chmod
| #define close     _close
| #define creat     _creat
| #define dup       _dup
| #define dup2      _dup2
| #define ecvt      _ecvt
| #define execl     _execl
| #define execle    _execle
| #define execlp    _execlp
| #define execv     _execv
| #define execve    _execve
| #define execvp    _execvp
| #define execvpe   _execvpe
| #define fcloseall _fcloseall
| #define fcvt      _fcvt
| #define fdopen    _fdopen
| #define fileno    _fileno
| #define gcvt      _gcvt
| #define getcwd    _getcwd
| #define getpid    _getpid
| #define getw      _getw
| #define isatty    _isatty
| #define j0        _j0
| #define j1        _j1
| #define jn        _jn
| #define lfind     _lfind
| #define lsearch   _lsearch
| #define lseek     _lseek
| #define memccpy   _memccpy
| #define mkdir     _mkdir
| #define mktemp    _mktemp
| #define open      _open
| #define putenv    _putenv
| #define putw      _putw
| #define read      _read
| #define rmdir     _rmdir
| #define strdup    _strdup
| #define swab      _swab
| #define tempnam   _tempnam
| #define tzset     _tzset
| #define umask     _umask
| #define unlink    _unlink
| #define utime     _utime
| #define wcsdup    _wcsdup
| #define write     _write
| #define y0        _y0
| #define y1        _y1
| #define yn        _yn
| #endif
| 
| 
| int
| main (void)
| {
| FILE *f = fopen ("conftest.txt", "r");
|          char buffer[10];
|          int fd;
|          int c;
|          if (f == NULL)
|            return 1;
|          fd = fileno (f);
|          if (fd < 0 || fread (buffer, 1, 5, f) != 5)
|            { fclose (f); return 2; }
|          /* For deterministic results, ensure f read a bigger buffer.  */
|          if (lseek (fd, 0, SEEK_CUR) == 5)
|            { fclose (f); return 3; }
|          /* POSIX requires fflush-fseek to set file offset of fd.  This fails
|             on BSD systems and on mingw.  */
|          if (fflush (f) != 0 || fseek (f, 0, SEEK_CUR) != 0)
|            { fclose (f); return 4; }
|          if (lseek (fd, 0, SEEK_CUR) != 5)
|            { fclose (f); return 5; }
|          /* Verify behaviour of fflush after ungetc. See
|             <https://www.opengroup.org/austin/aardvark/latest/xshbug3.txt>  */
|          /* Verify behaviour of fflush after a backup ungetc.  This fails on
|             mingw.  */
|          c = fgetc (f);
|          ungetc (c, f);
|          fflush (f);
|          if (fgetc (f) != c)
|            { fclose (f); return 6; }
|          /* Verify behaviour of fflush after a non-backup ungetc.  This fails
|             on glibc 2.8 and on BSD systems.  */
|          c = fgetc (f);
|          ungetc ('@', f);
|          fflush (f);
|          if (fgetc (f) != c)
|            { fclose (f); return 7; }
|          fclose (f);
|          return 0;
| 
|   ;
|   return 0;
| }
configure:16274: result: no
configure:16712: checking whether stat file-mode macros are broken
configure:16740: gcc -c -g -O2  conftest.c >&5
configure:16740: $? = 0
configure:16750: result: no
configure:16942: checking for nlink_t
configure:16942: gcc -c -g -O2  conftest.c >&5
configure:16942: $? = 0
configure:16942: gcc -c -g -O2  conftest.c >&5
conftest.c: In function 'main':
conftest.c:143:22: error: expected expression before ')' token
  143 | if (sizeof ((nlink_t)))
      |                      ^
configure:16942: $? = 1
configure: failed program was:
| /* confdefs.h */
| #define PACKAGE_NAME "GNU diffutils"
| #define PACKAGE_TARNAME "diffutils"
| #define PACKAGE_VERSION "3.12"
| #define PACKAGE_STRING "GNU diffutils 3.12"
| #define PACKAGE_BUGREPORT "bug-diffutils@gnu.org"
| #define PACKAGE_URL "https://www.gnu.org/software/diffutils/"
| #define PACKAGE "diffutils"
| #define VERSION "3.12"
| #define HAVE_STDIO_H 1
| #define HAVE_STDLIB_H 1
| #define HAVE_STRING_H 1
| #define HAVE_INTTYPES_H 1
| #define HAVE_STDINT_H 1
| #define HAVE_STRINGS_H 1
| #define HAVE_SYS_STAT_H 1
| #define HAVE_SYS_TYPES_H 1
| #define HAVE_UNISTD_H 1
| #define HAVE_WCHAR_H 1
| #define HAVE_STDBOOL_H 1
| #define HAVE_UCHAR_H 1
| #define HAVE_SYS_PARAM_H 1
| #define HAVE_SYS_SOCKET_H 1
| #define HAVE_DIRENT_H 1
| #define HAVE_ERROR_H 1
| #define HAVE_FNMATCH_H 1
| #define HAVE_GETOPT_H 1
| #define HAVE_SYS_TIME_H 1
| #define HAVE_THREADS_H 1
| #define HAVE_LIMITS_H 1
| #define HAVE_WCTYPE_H 1
| #define HAVE_LANGINFO_H 1
| #define HAVE_SYS_MMAN_H 1
| #define HAVE_PTHREAD_H 1
| #define HAVE_MALLOC_H 1
| #define HAVE_STDBIT_H 1
| #define HAVE_SYS_RANDOM_H 1
| #define HAVE_SYS_WAIT_H 1
| #define HAVE_FEATURES_H 1
| #define HAVE_ARPA_INET_H 1
| #define HAVE_NETDB_H 1
| #define HAVE_NETINET_IN_H 1
| #define HAVE_MATH_H 1
| #define HAVE_SYS_SELECT_H 1
| #define HAVE_SEMAPHORE_H 1
| #define HAVE_SYS_IOCTL_H 1
| #define HAVE_SYS_UN_H 1
| #define HAVE_SYS_UIO_H 1
| #define STDC_HEADERS 1
| #define _ALL_SOURCE 1
| #define _COSMO_SOURCE 1
| #define _DARWIN_C_SOURCE 1
| #define _GNU_SOURCE 1
| #define _HPUX_ALT_XOPEN_SOCKET_API 1
| #define _NETBSD_SOURCE 1
| #define _OPENBSD_SOURCE 1
| #define _POSIX_PTHREAD_SEMANTICS 1
| #define __STDC_WANT_IEC_60559_ATTRIBS_EXT__ 1
| #define __STDC_WANT_IEC_60559_BFP_EXT__ 1
| #define __STDC_WANT_IEC_60559_DFP_EXT__ 1
| #define __STDC_WANT_IEC_60559_EXT__ 1
| #define __STDC_WANT_IEC_60559_FUNCS_EXT__ 1
| #define __STDC_WANT_IEC_60559_TYPES_EXT__ 1
| #define __STDC_WANT_LIB_EXT2__ 1
| #define __STDC_WANT_MATH_SPEC_FUNCS__ 1
| #define _TANDEM_SOURCE 1
| #define __EXTENSIONS__ 1
| #define _LINUX_SOURCE_COMPAT 1
| #define __USE_MINGW_ANSI_STDIO 1
| #define HAVE_ALLOCA_H 1
| #define HAVE_ALLOCA 1
| #define HAVE_WINT_T 1
| #define HAVE_BTOWC 1
| #define HAVE_MBRTOWC 1
| #define HAVE_MBSINIT 1
| #define HAVE_FCHDIR 1
| #define HAVE_FCNTL 1
| #define HAVE_SYMLINK 1
| #define HAVE_FDOPENDIR 1
| #define HAVE_FNMATCH 1
| #define HAVE_MBSRTOWCS 1
| #define HAVE_FSTATAT 1
| #define HAVE_GETDTABLESIZE 1
| #define HAVE_GETTIMEOFDAY 1
| #define HAVE_ISBLANK 1
| #define HAVE_ISWCNTRL 1
| #define HAVE_LSTAT 1
| #define HAVE_MPROTECT 1
| #define HAVE_MKSTEMP 1
| #define HAVE_OPENAT 1
| #define HAVE_PCLOSE 1
| #define HAVE_POPEN 1
| #define HAVE_READLINK 1
| #define HAVE_ISWCTYPE 1
| #define HAVE_SETENV 1
| #define HAVE_SIGACTION 1
| #define HAVE_SIGALTSTACK 1
| #define HAVE_SIGINTERRUPT 1
| #define HAVE_SETRLIMIT 1
| #define HAVE_GETRLIMIT 1
| #define HAVE___XPG_STRERROR_R 1
| #define HAVE_STRPTIME 1
| #define HAVE_STRTOIMAX 1
| #define HAVE_LOCALTIME_R 1
| #define HAVE_WCRTOMB 1
| #define HAVE_WCWIDTH 1
| #define HAVE_PIPE 1
| #define HAVE_PSELECT 1
| #define HAVE_PTHREAD_SIGMASK 1
| #define HAVE_SLEEP 1
| #define HAVE_SNPRINTF 1
| #define HAVE_SHUTDOWN 1
| #define HAVE_UNLINKAT 1
| #define HAVE_WCTOB 1
| #define HAVE_SIGPROCMASK 1
| #define HAVE_FORK 1
| #define HAVE_VFORK 1
| #define HAVE_LANGINFO_CODESET 1
| #define BITSIZEOF_WCHAR_T 32
| #define HAVE_MBSTATE_T 1
| #define HAVE_WORKING_MBRTOC32 1
| #define HAVE_WORKING_C32RTOMB 1
| #define HAVE_MALLOC_PTRDIFF 1
| #define HAVE_MALLOC_POSIX 1
| #define restrict __restrict__
| #define HAVE_ENVIRON_DECL 1
| #define HAVE_ERROR 1
| #define HAVE_DECL_STRERROR_R 1
| #define HAVE_STRERROR_R 1
| #define STRERROR_R_CHAR_P 1
| #define HAVE_DECL_FCHDIR 1
| #define HAVE_WORKING_O_NOATIME 1
| #define HAVE_WORKING_O_NOFOLLOW 1
| #define HAVE_MEMPCPY 1
| #define FUNC_FFLUSH_STDIN 0
| /* end confdefs.h.  */
| #include <sys/types.h>
|      #include <sys/stat.h>
| 
| int
| main (void)
| {
| if (sizeof ((nlink_t)))
| 	    return 0;
|   ;
|   return 0;
| }
configure:16942: result: yes
configure:17063: checking whether lstat correctly handles trailing slash
configure:17110: gcc -o conftest -g -O2   conftest.c  >&5
configure:17110: $? = 0
configure:17110: ./conftest
configure:17110: $? = 0
configure:17126: result: yes
configure:17139: checking whether getcwd (NULL, 0) allocates memory for result
configure:17202: gcc -o conftest -g -O2   conftest.c  >&5
configure:17202: $? = 0
configure:17202: ./conftest
configure:17202: $? = 0
configure:17216: result: yes
configure:17220: checking for getcwd with POSIX signature
configure:17247: gcc -c -g -O2  conftest.c >&5
configure:17247: $? = 0
configure:17258: result: yes
configure:17262: checking whether getdtablesize is declared
configure:17262: gcc -c -g -O2   conftest.c >&5
configure:17262: $? = 0
configure:17262: result: yes
configure:17369: checking for getopt.h
configure:17369: result: yes
configure:17386: checking for getopt_long_only
configure:17386: gcc -o conftest -g -O2   conftest.c  >&5
configure:17386: $? = 0
configure:17386: result: yes
configure:17400: checking whether getopt is POSIX compatible
configure:17444: gcc -o conftest -g -O2   conftest.c  >&5
configure:17444: $? = 0
configure:17444: ./conftest
configure:17444: $? = 0
configure:17507: gcc -o conftest -g -O2   conftest.c  >&5
configure:17507: $? = 0
configure:17507: ./conftest
configure:17507: $? = 0
configure:17553: gcc -o conftest -g -O2   conftest.c  >&5
configure:17553: $? = 0
configure:17553: ./conftest
program: option requires an argument -- 'b'
configure:17553: $? = 0
configure:17575: result: yes
configure:17583: checking for working GNU getopt function
configure:17807: gcc -o conftest -g -O2   conftest.c  >&5
configure:17807: $? = 0
configure:17807: ./conftest
configure:17807: $? = 0
configure:17827: result: yes
configure:17832: checking for working GNU getopt_long function
configure:17879: gcc -o conftest -g -O2   conftest.c  >&5
configure:17879: $? = 0
configure:17879: ./conftest
configure:17879: $? = 0
configure:17894: result: yes
configure:17903: checking for glibc-compatible sys/cdefs.h
configure:17916: gcc -c -g -O2  conftest.c >&5
configure:17916: $? = 0
configure:17926: result: yes
configure:17961: checking whether timespec_get is declared
configure:17961: gcc -c -g -O2   conftest.c >&5
configure:17961: $? = 0
configure:17961: result: yes
configure:17967: checking for timespec_get
configure:17988: gcc -o conftest -g -O2   conftest.c  >&5
configure:17988: $? = 0
configure:18010: result: yes
configure:18136: checking for struct timeval
configure:18160: gcc -c -g -O2  conftest.c >&5
configure:18160: $? = 0
configure:18171: result: yes
configure:18176: checking for wide-enough struct timeval.tv_sec member
configure:18204: gcc -c -g -O2  conftest.c >&5
configure:18204: $? = 0
configure:18215: result: yes
configure:18253: checking for pthread.h
configure:18253: result: yes
configure:18291: gcc -o conftest -g -O2   conftest.c   >&5
configure:18291: $? = 0
configure:18302: gl_pthread_api=yes
configure:18303: LIBPTHREAD=
configure:18329: gl_pthread_in_glibc=yes
configure:18336: checking for pthread_kill in -lpthread
configure:18365: gcc -o conftest -g -O2   conftest.c -lpthread   >&5
configure:18365: $? = 0
configure:18377: result: yes
configure:18563: LIBPMULTITHREAD=
configure:18565: checking whether POSIX threads API is available
configure:18567: result: yes
configure:18588: gcc -o conftest -g -O2   conftest.c  >&5
configure:18588: $? = 0
configure:18710: checking whether setlocale (LC_ALL, NULL) is multithread-safe
configure:18754: result: yes
configure:18772: checking whether setlocale (category, NULL) is multithread-safe
configure:18792: result: yes
configure:18986: checking host CPU and C ABI
configure:19016: gcc -c -g -O2  conftest.c >&5
configure:19016: $? = 0
configure:19027: gcc -c -g -O2  conftest.c >&5
conftest.c:147:21: error: unknown type name 'error'
  147 |                     error fail
      |                     ^~~~~
conftest.c:147:21: error: expected '=', ',', ';', 'asm' or '__attribute__' at end of input
configure:19027: $? = 1
configure: failed program was:
| /* confdefs.h */
| #define PACKAGE_NAME "GNU diffutils"
| #define PACKAGE_TARNAME "diffutils"
| #define PACKAGE_VERSION "3.12"
| #define PACKAGE_STRING "GNU diffutils 3.12"
| #define PACKAGE_BUGREPORT "bug-diffutils@gnu.org"
| #define PACKAGE_URL "https://www.gnu.org/software/diffutils/"
| #define PACKAGE "diffutils"
| #define VERSION "3.12"
| #define HAVE_STDIO_H 1
| #define HAVE_STDLIB_H 1
| #define HAVE_STRING_H 1
| #define HAVE_INTTYPES_H 1
| #define HAVE_STDINT_H 1
| #define HAVE_STRINGS_H 1
| #define HAVE_SYS_STAT_H 1
| #define HAVE_SYS_TYPES_H 1
| #define HAVE_UNISTD_H 1
| #define HAVE_WCHAR_H 1
| #define HAVE_STDBOOL_H 1
| #define HAVE_UCHAR_H 1
| #define HAVE_SYS_PARAM_H 1
| #define HAVE_SYS_SOCKET_H 1
| #define HAVE_DIRENT_H 1
| #define HAVE_ERROR_H 1
| #define HAVE_FNMATCH_H 1
| #define HAVE_GETOPT_H 1
| #define HAVE_SYS_TIME_H 1
| #define HAVE_THREADS_H 1
| #define HAVE_LIMITS_H 1
| #define HAVE_WCTYPE_H 1
| #define HAVE_LANGINFO_H 1
| #define HAVE_SYS_MMAN_H 1
| #define HAVE_PTHREAD_H 1
| #define HAVE_MALLOC_H 1
| #define HAVE_STDBIT_H 1
| #define HAVE_SYS_RANDOM_H 1
| #define HAVE_SYS_WAIT_H 1
| #define HAVE_FEATURES_H 1
| #define HAVE_ARPA_INET_H 1
| #define HAVE_NETDB_H 1
| #define HAVE_NETINET_IN_H 1
| #define HAVE_MATH_H 1
| #define HAVE_SYS_SELECT_H 1
| #define HAVE_SEMAPHORE_H 1
| #define HAVE_SYS_IOCTL_H 1
| #define HAVE_SYS_UN_H 1
| #define HAVE_SYS_UIO_H 1
| #define STDC_HEADERS 1
| #define _ALL_SOURCE 1
| #define _COSMO_SOURCE 1
| #define _DARWIN_C_SOURCE 1
| #define _GNU_SOURCE 1
| #define _HPUX_ALT_XOPEN_SOCKET_API 1
| #define _NETBSD_SOURCE 1
| #define _OPENBSD_SOURCE 1
| #define _POSIX_PTHREAD_SEMANTICS 1
| #define __STDC_WANT_IEC_60559_ATTRIBS_EXT__ 1
| #define __STDC_WANT_IEC_60559_BFP_EXT__ 1
| #define __STDC_WANT_IEC_60559_DFP_EXT__ 1
| #define __STDC_WANT_IEC_60559_EXT__ 1
| #define __STDC_WANT_IEC_60559_FUNCS_EXT__ 1
| #define __STDC_WANT_IEC_60559_TYPES_EXT__ 1
| #define __STDC_WANT_LIB_EXT2__ 1
| #define __STDC_WANT_MATH_SPEC_FUNCS__ 1
| #define _TANDEM_SOURCE 1
| #define __EXTENSIONS__ 1
| #define _LINUX_SOURCE_COMPAT 1
| #define __USE_MINGW_ANSI_STDIO 1
| #define HAVE_ALLOCA_H 1
| #define HAVE_ALLOCA 1
| #define HAVE_WINT_T 1
| #define HAVE_BTOWC 1
| #define HAVE_MBRTOWC 1
| #define HAVE_MBSINIT 1
| #define HAVE_FCHDIR 1
| #define HAVE_FCNTL 1
| #define HAVE_SYMLINK 1
| #define HAVE_FDOPENDIR 1
| #define HAVE_FNMATCH 1
| #define HAVE_MBSRTOWCS 1
| #define HAVE_FSTATAT 1
| #define HAVE_GETDTABLESIZE 1
| #define HAVE_GETTIMEOFDAY 1
| #define HAVE_ISBLANK 1
| #define HAVE_ISWCNTRL 1
| #define HAVE_LSTAT 1
| #define HAVE_MPROTECT 1
| #define HAVE_MKSTEMP 1
| #define HAVE_OPENAT 1
| #define HAVE_PCLOSE 1
| #define HAVE_POPEN 1
| #define HAVE_READLINK 1
| #define HAVE_ISWCTYPE 1
| #define HAVE_SETENV 1
| #define HAVE_SIGACTION 1
| #define HAVE_SIGALTSTACK 1
| #define HAVE_SIGINTERRUPT 1
| #define HAVE_SETRLIMIT 1
| #define HAVE_GETRLIMIT 1
| #define HAVE___XPG_STRERROR_R 1
| #define HAVE_STRPTIME 1
| #define HAVE_STRTOIMAX 1
| #define HAVE_LOCALTIME_R 1
| #define HAVE_WCRTOMB 1
| #define HAVE_WCWIDTH 1
| #define HAVE_PIPE 1
| #define HAVE_PSELECT 1
| #define HAVE_PTHREAD_SIGMASK 1
| #define HAVE_SLEEP 1
| #define HAVE_SNPRINTF 1
| #define HAVE_SHUTDOWN 1
| #define HAVE_UNLINKAT 1
| #define HAVE_WCTOB 1
| #define HAVE_SIGPROCMASK 1
| #define HAVE_FORK 1
| #define HAVE_VFORK 1
| #define HAVE_LANGINFO_CODESET 1
| #define BITSIZEOF_WCHAR_T 32
| #define HAVE_MBSTATE_T 1
| #define HAVE_WORKING_MBRTOC32 1
| #define HAVE_WORKING_C32RTOMB 1
| #define HAVE_MALLOC_PTRDIFF 1
| #define HAVE_MALLOC_POSIX 1
| #define restrict __restrict__
| #define HAVE_ENVIRON_DECL 1
| #define HAVE_ERROR 1
| #define HAVE_DECL_STRERROR_R 1
| #define HAVE_STRERROR_R 1
| #define STRERROR_R_CHAR_P 1
| #define HAVE_DECL_FCHDIR 1
| #define HAVE_WORKING_O_NOATIME 1
| #define HAVE_WORKING_O_NOFOLLOW 1
| #define HAVE_MEMPCPY 1
| #define FUNC_FFLUSH_STDIN 0
| #define LSTAT_FOLLOWS_SLASHED_SYMLINK 1
| #define HAVE_DECL_GETDTABLESIZE 1
| #define HAVE_GETOPT_H 1
| #define HAVE_GETOPT_LONG_ONLY 1
| #define HAVE_PTHREAD_API 1
| #define SETLOCALE_NULL_ALL_MTSAFE 1
| #define SETLOCALE_NULL_ONE_MTSAFE 1
| /* end confdefs.h.  */
| #if defined __ILP32__ || defined _ILP32
|                     int ok;
|                    #else
|                     error fail
|                    #endif
| 
configure:19381: result: x86_64
configure:19404: checking for inline
configure:19421: gcc -c -g -O2  conftest.c >&5
configure:19421: $? = 0
configure:19431: result: inline
configure:19532: checking whether limits.h has WORD_BIT, BOOL_WIDTH etc.
configure:19559: gcc -c -g -O2  conftest.c >&5
configure:19559: $? = 0
configure:19569: result: yes
configure:19574: checking whether limits.h has SSIZE_MAX
configure:19588: gcc -c -g -O2  conftest.c >&5
configure:19588: $? = 0
configure:19598: result: yes
configure:19606: checking whether the compiler produces multi-arch binaries
configure:19621: gcc -c -g -O2  conftest.c >&5
conftest.c:151:13: error: unknown type name 'not'
  151 |             not a universal capable compiler
      |             ^~~
conftest.c:151:19: error: expected '=', ',', ';', 'asm' or '__attribute__' before 'universal'
  151 |             not a universal capable compiler
      |                   ^~~~~~~~~
conftest.c:151:19: error: unknown type name 'universal'
configure:19621: $? = 1
configure: failed program was:
| /* confdefs.h */
| #define PACKAGE_NAME "GNU diffutils"
| #define PACKAGE_TARNAME "diffutils"
| #define PACKAGE_VERSION "3.12"
| #define PACKAGE_STRING "GNU diffutils 3.12"
| #define PACKAGE_BUGREPORT "bug-diffutils@gnu.org"
| #define PACKAGE_URL "https://www.gnu.org/software/diffutils/"
| #define PACKAGE "diffutils"
| #define VERSION "3.12"
| #define HAVE_STDIO_H 1
| #define HAVE_STDLIB_H 1
| #define HAVE_STRING_H 1
| #define HAVE_INTTYPES_H 1
| #define HAVE_STDINT_H 1
| #define HAVE_STRINGS_H 1
| #define HAVE_SYS_STAT_H 1
| #define HAVE_SYS_TYPES_H 1
| #define HAVE_UNISTD_H 1
| #define HAVE_WCHAR_H 1
| #define HAVE_STDBOOL_H 1
| #define HAVE_UCHAR_H 1
| #define HAVE_SYS_PARAM_H 1
| #define HAVE_SYS_SOCKET_H 1
| #define HAVE_DIRENT_H 1
| #define HAVE_ERROR_H 1
| #define HAVE_FNMATCH_H 1
| #define HAVE_GETOPT_H 1
| #define HAVE_SYS_TIME_H 1
| #define HAVE_THREADS_H 1
| #define HAVE_LIMITS_H 1
| #define HAVE_WCTYPE_H 1
| #define HAVE_LANGINFO_H 1
| #define HAVE_SYS_MMAN_H 1
| #define HAVE_PTHREAD_H 1
| #define HAVE_MALLOC_H 1
| #define HAVE_STDBIT_H 1
| #define HAVE_SYS_RANDOM_H 1
| #define HAVE_SYS_WAIT_H 1
| #define HAVE_FEATURES_H 1
| #define HAVE_ARPA_INET_H 1
| #define HAVE_NETDB_H 1
| #define HAVE_NETINET_IN_H 1
| #define HAVE_MATH_H 1
| #define HAVE_SYS_SELECT_H 1
| #define HAVE_SEMAPHORE_H 1
| #define HAVE_SYS_IOCTL_H 1
| #define HAVE_SYS_UN_H 1
| #define HAVE_SYS_UIO_H 1
| #define STDC_HEADERS 1
| #define _ALL_SOURCE 1
| #define _COSMO_SOURCE 1
| #define _DARWIN_C_SOURCE 1
| #define _GNU_SOURCE 1
| #define _HPUX_ALT_XOPEN_SOCKET_API 1
| #define _NETBSD_SOURCE 1
| #define _OPENBSD_SOURCE 1
| #define _POSIX_PTHREAD_SEMANTICS 1
| #define __STDC_WANT_IEC_60559_ATTRIBS_EXT__ 1
| #define __STDC_WANT_IEC_60559_BFP_EXT__ 1
| #define __STDC_WANT_IEC_60559_DFP_EXT__ 1
| #define __STDC_WANT_IEC_60559_EXT__ 1
| #define __STDC_WANT_IEC_60559_FUNCS_EXT__ 1
| #define __STDC_WANT_IEC_60559_TYPES_EXT__ 1
| #define __STDC_WANT_LIB_EXT2__ 1
| #define __STDC_WANT_MATH_SPEC_FUNCS__ 1
| #define _TANDEM_SOURCE 1
| #define __EXTENSIONS__ 1
| #define _LINUX_SOURCE_COMPAT 1
| #define __USE_MINGW_ANSI_STDIO 1
| #define HAVE_ALLOCA_H 1
| #define HAVE_ALLOCA 1
| #define HAVE_WINT_T 1
| #define HAVE_BTOWC 1
| #define HAVE_MBRTOWC 1
| #define HAVE_MBSINIT 1
| #define HAVE_FCHDIR 1
| #define HAVE_FCNTL 1
| #define HAVE_SYMLINK 1
| #define HAVE_FDOPENDIR 1
| #define HAVE_FNMATCH 1
| #define HAVE_MBSRTOWCS 1
| #define HAVE_FSTATAT 1
| #define HAVE_GETDTABLESIZE 1
| #define HAVE_GETTIMEOFDAY 1
| #define HAVE_ISBLANK 1
| #define HAVE_ISWCNTRL 1
| #define HAVE_LSTAT 1
| #define HAVE_MPROTECT 1
| #define HAVE_MKSTEMP 1
| #define HAVE_OPENAT 1
| #define HAVE_PCLOSE 1
| #define HAVE_POPEN 1
| #define HAVE_READLINK 1
| #define HAVE_ISWCTYPE 1
| #define HAVE_SETENV 1
| #define HAVE_SIGACTION 1
| #define HAVE_SIGALTSTACK 1
| #define HAVE_SIGINTERRUPT 1
| #define HAVE_SETRLIMIT 1
| #define HAVE_GETRLIMIT 1
| #define HAVE___XPG_STRERROR_R 1
| #define HAVE_STRPTIME 1
| #define HAVE_STRTOIMAX 1
| #define HAVE_LOCALTIME_R 1
| #define HAVE_WCRTOMB 1
| #define HAVE_WCWIDTH 1
| #define HAVE_PIPE 1
| #define HAVE_PSELECT 1
| #define HAVE_PTHREAD_SIGMASK 1
| #define HAVE_SLEEP 1
| #define HAVE_SNPRINTF 1
| #define HAVE_SHUTDOWN 1
| #define HAVE_UNLINKAT 1
| #define HAVE_WCTOB 1
| #define HAVE_SIGPROCMASK 1
| #define HAVE_FORK 1
| #define HAVE_VFORK 1
| #define HAVE_LANGINFO_CODESET 1
| #define BITSIZEOF_WCHAR_T 32
| #define HAVE_MBSTATE_T 1
| #define HAVE_WORKING_MBRTOC32 1
| #define HAVE_WORKING_C32RTOMB 1
| #define HAVE_MALLOC_PTRDIFF 1
| #define HAVE_MALLOC_POSIX 1
| #define restrict __restrict__
| #define HAVE_ENVIRON_DECL 1
| #define HAVE_ERROR 1
| #define HAVE_DECL_STRERROR_R 1
| #define HAVE_STRERROR_R 1
| #define STRERROR_R_CHAR_P 1
| #define HAVE_DECL_FCHDIR 1
| #define HAVE_WORKING_O_NOATIME 1
| #define HAVE_WORKING_O_NOFOLLOW 1
| #define HAVE_MEMPCPY 1
| #define FUNC_FFLUSH_STDIN 0
| #define LSTAT_FOLLOWS_SLASHED_SYMLINK 1
| #define HAVE_DECL_GETDTABLESIZE 1
| #define HAVE_GETOPT_H 1
| #define HAVE_GETOPT_LONG_ONLY 1
| #define HAVE_PTHREAD_API 1
| #define SETLOCALE_NULL_ALL_MTSAFE 1
| #define SETLOCALE_NULL_ONE_MTSAFE 1
| #ifndef __x86_64__
| #define __x86_64__ 1
| #endif
| #ifndef __x86_64__
| #define __x86_64__ 1
| #endif
| /* end confdefs.h.  */
| #ifndef __APPLE_CC__
|             not a universal capable compiler
|            #endif
|            typedef int dummy;
| 
configure:19650: result: no
configure:19783: checking whether stdint.h conforms to C99
configure:19963: gcc -c -g -O2  conftest.c >&5
configure:19963: $? = 0
configure:20048: gcc -o conftest -g -O2   conftest.c  >&5
configure:20048: $? = 0
configure:20048: ./conftest
configure:20048: $? = 0
configure:20063: result: yes
configure:20074: checking whether stdint.h works without ISO C predefines
configure:20107: gcc -c -g -O2  conftest.c >&5
configure:20107: $? = 0
configure:20115: result: yes
configure:20126: checking whether stdint.h has UINTMAX_WIDTH etc.
configure:20159: gcc -c -g -O2  conftest.c >&5
configure:20159: $? = 0
configure:20166: result: yes
configure:20653: gcc -c -g -O2  conftest.c >&5
conftest.c:154:23: error: conflicting types for 'foo'; have 'int'
  154 |            extern int foo;
      |                       ^~~
conftest.c:153:28: note: previous declaration of 'foo' with type 'intptr_t' {aka 'long int'}
  153 |            extern intptr_t foo;
      |                            ^~~
configure:20653: $? = 1
configure: failed program was:
| /* confdefs.h */
| #define PACKAGE_NAME "GNU diffutils"
| #define PACKAGE_TARNAME "diffutils"
| #define PACKAGE_VERSION "3.12"
| #define PACKAGE_STRING "GNU diffutils 3.12"
| #define PACKAGE_BUGREPORT "bug-diffutils@gnu.org"
| #define PACKAGE_URL "https://www.gnu.org/software/diffutils/"
| #define PACKAGE "diffutils"
| #define VERSION "3.12"
| #define HAVE_STDIO_H 1
| #define HAVE_STDLIB_H 1
| #define HAVE_STRING_H 1
| #define HAVE_INTTYPES_H 1
| #define HAVE_STDINT_H 1
| #define HAVE_STRINGS_H 1
| #define HAVE_SYS_STAT_H 1
| #define HAVE_SYS_TYPES_H 1
| #define HAVE_UNISTD_H 1
| #define HAVE_WCHAR_H 1
| #define HAVE_STDBOOL_H 1
| #define HAVE_UCHAR_H 1
| #define HAVE_SYS_PARAM_H 1
| #define HAVE_SYS_SOCKET_H 1
| #define HAVE_DIRENT_H 1
| #define HAVE_ERROR_H 1
| #define HAVE_FNMATCH_H 1
| #define HAVE_GETOPT_H 1
| #define HAVE_SYS_TIME_H 1
| #define HAVE_THREADS_H 1
| #define HAVE_LIMITS_H 1
| #define HAVE_WCTYPE_H 1
| #define HAVE_LANGINFO_H 1
| #define HAVE_SYS_MMAN_H 1
| #define HAVE_PTHREAD_H 1
| #define HAVE_MALLOC_H 1
| #define HAVE_STDBIT_H 1
| #define HAVE_SYS_RANDOM_H 1
| #define HAVE_SYS_WAIT_H 1
| #define HAVE_FEATURES_H 1
| #define HAVE_ARPA_INET_H 1
| #define HAVE_NETDB_H 1
| #define HAVE_NETINET_IN_H 1
| #define HAVE_MATH_H 1
| #define HAVE_SYS_SELECT_H 1
| #define HAVE_SEMAPHORE_H 1
| #define HAVE_SYS_IOCTL_H 1
| #define HAVE_SYS_UN_H 1
| #define HAVE_SYS_UIO_H 1
| #define STDC_HEADERS 1
| #define _ALL_SOURCE 1
| #define _COSMO_SOURCE 1
| #define _DARWIN_C_SOURCE 1
| #define _GNU_SOURCE 1
| #define _HPUX_ALT_XOPEN_SOCKET_API 1
| #define _NETBSD_SOURCE 1
| #define _OPENBSD_SOURCE 1
| #define _POSIX_PTHREAD_SEMANTICS 1
| #define __STDC_WANT_IEC_60559_ATTRIBS_EXT__ 1
| #define __STDC_WANT_IEC_60559_BFP_EXT__ 1
| #define __STDC_WANT_IEC_60559_DFP_EXT__ 1
| #define __STDC_WANT_IEC_60559_EXT__ 1
| #define __STDC_WANT_IEC_60559_FUNCS_EXT__ 1
| #define __STDC_WANT_IEC_60559_TYPES_EXT__ 1
| #define __STDC_WANT_LIB_EXT2__ 1
| #define __STDC_WANT_MATH_SPEC_FUNCS__ 1
| #define _TANDEM_SOURCE 1
| #define __EXTENSIONS__ 1
| #define _LINUX_SOURCE_COMPAT 1
| #define __USE_MINGW_ANSI_STDIO 1
| #define HAVE_ALLOCA_H 1
| #define HAVE_ALLOCA 1
| #define HAVE_WINT_T 1
| #define HAVE_BTOWC 1
| #define HAVE_MBRTOWC 1
| #define HAVE_MBSINIT 1
| #define HAVE_FCHDIR 1
| #define HAVE_FCNTL 1
| #define HAVE_SYMLINK 1
| #define HAVE_FDOPENDIR 1
| #define HAVE_FNMATCH 1
| #define HAVE_MBSRTOWCS 1
| #define HAVE_FSTATAT 1
| #define HAVE_GETDTABLESIZE 1
| #define HAVE_GETTIMEOFDAY 1
| #define HAVE_ISBLANK 1
| #define HAVE_ISWCNTRL 1
| #define HAVE_LSTAT 1
| #define HAVE_MPROTECT 1
| #define HAVE_MKSTEMP 1
| #define HAVE_OPENAT 1
| #define HAVE_PCLOSE 1
| #define HAVE_POPEN 1
| #define HAVE_READLINK 1
| #define HAVE_ISWCTYPE 1
| #define HAVE_SETENV 1
| #define HAVE_SIGACTION 1
| #define HAVE_SIGALTSTACK 1
| #define HAVE_SIGINTERRUPT 1
| #define HAVE_SETRLIMIT 1
| #define HAVE_GETRLIMIT 1
| #define HAVE___XPG_STRERROR_R 1
| #define HAVE_STRPTIME 1
| #define HAVE_STRTOIMAX 1
| #define HAVE_LOCALTIME_R 1
| #define HAVE_WCRTOMB 1
| #define HAVE_WCWIDTH 1
| #define HAVE_PIPE 1
| #define HAVE_PSELECT 1
| #define HAVE_PTHREAD_SIGMASK 1
| #define HAVE_SLEEP 1
| #define HAVE_SNPRINTF 1
| #define HAVE_SHUTDOWN 1
| #define HAVE_UNLINKAT 1
| #define HAVE_WCTOB 1
| #define HAVE_SIGPROCMASK 1
| #define HAVE_FORK 1
| #define HAVE_VFORK 1
| #define HAVE_LANGINFO_CODESET 1
| #define BITSIZEOF_WCHAR_T 32
| #define HAVE_MBSTATE_T 1
| #define HAVE_WORKING_MBRTOC32 1
| #define HAVE_WORKING_C32RTOMB 1
| #define HAVE_MALLOC_PTRDIFF 1
| #define HAVE_MALLOC_POSIX 1
| #define restrict __restrict__
| #define HAVE_ENVIRON_DECL 1
| #define HAVE_ERROR 1
| #define HAVE_DECL_STRERROR_R 1
| #define HAVE_STRERROR_R 1
| #define STRERROR_R_CHAR_P 1
| #define HAVE_DECL_FCHDIR 1
| #define HAVE_WORKING_O_NOATIME 1
| #define HAVE_WORKING_O_NOFOLLOW 1
| #define HAVE_MEMPCPY 1
| #define FUNC_FFLUSH_STDIN 0
| #define LSTAT_FOLLOWS_SLASHED_SYMLINK 1
| #define HAVE_DECL_GETDTABLESIZE 1
| #define HAVE_GETOPT_H 1
| #define HAVE_GETOPT_LONG_ONLY 1
| #define HAVE_PTHREAD_API 1
| #define SETLOCALE_NULL_ALL_MTSAFE 1
| #define SETLOCALE_NULL_ONE_MTSAFE 1
| #ifndef __x86_64__
| #define __x86_64__ 1
| #endif
| #ifndef __x86_64__
| #define __x86_64__ 1
| #endif
| #define HAVE_LONG_LONG_INT 1
| #define HAVE_UNSIGNED_LONG_LONG_INT 1
| /* end confdefs.h.  */
| #include <stdint.h>
|            extern intptr_t foo;
|            extern int foo;
| int
| main (void)
| {
| 
|   ;
|   return 0;
| }
configure:20653: gcc -c -g -O2  conftest.c >&5
configure:20653: $? = 0
configure:20664: checking whether INT32_MAX < INTMAX_MAX
configure:20697: gcc -c -g -O2  conftest.c >&5
configure:20697: $? = 0
configure:20707: result: yes
configure:20718: checking whether INT64_MAX == LONG_MAX
configure:20751: gcc -c -g -O2  conftest.c >&5
configure:20751: $? = 0
configure:20761: result: yes
configure:20774: checking whether UINT32_MAX < UINTMAX_MAX
configure:20807: gcc -c -g -O2  conftest.c >&5
configure:20807: $? = 0
configure:20817: result: yes
configure:20828: checking whether UINT64_MAX == ULONG_MAX
configure:20861: gcc -c -g -O2  conftest.c >&5
configure:20861: $? = 0
configure:20871: result: yes
configure:21031: checking whether iswcntrl works
configure:21072: gcc -o conftest -g -O2   conftest.c  >&5
configure:21072: $? = 0
configure:21072: ./conftest
configure:21072: $? = 0
configure:21087: result: yes
configure:21113: checking for towlower
configure:21113: gcc -o conftest -g -O2   conftest.c  >&5
conftest.c:168:6: warning: conflicting types for built-in function 'towlower'; expected 'unsigned int(unsigned int)' [-Wbuiltin-declaration-mismatch]
  168 | char towlower (void);
      |      ^~~~~~~~
conftest.c:160:1: note: 'towlower' is declared in header '<wctype.h>'
  159 | #include <limits.h>
  160 | #undef towlower
configure:21113: $? = 0
configure:21113: result: yes
configure:21151: checking for wctype_t
configure:21173: gcc -c -g -O2  conftest.c >&5
configure:21173: $? = 0
configure:21184: result: yes
configure:21190: checking for wctrans_t
configure:21210: gcc -c -g -O2  conftest.c >&5
configure:21210: $? = 0
configure:21221: result: yes
configure:21270: checking whether wctype supports the "blank" and "punct" character classes
configure:21309: gcc -o conftest -g -O2   conftest.c  >&5
configure:21309: $? = 0
configure:21309: ./conftest
configure:21309: $? = 0
configure:21324: result: yes
configure:21432: checking whether langinfo.h defines CODESET
configure:21451: gcc -c -g -O2  conftest.c >&5
configure:21451: $? = 0
configure:21462: result: yes
configure:21467: checking whether langinfo.h defines T_FMT_AMPM
configure:21486: gcc -c -g -O2  conftest.c >&5
configure:21486: $? = 0
configure:21497: result: yes
configure:21502: checking whether langinfo.h defines ALTMON_1
configure:21521: gcc -c -g -O2  conftest.c >&5
configure:21521: $? = 0
configure:21532: result: yes
configure:21537: checking whether langinfo.h defines ABALTMON_1
configure:21556: gcc -c -g -O2  conftest.c >&5
conftest.c:154:9: error: 'ABALTMON_1' undeclared here (not in a function); did you mean 'ALTMON_1'?
  154 | int a = ABALTMON_1;
      |         ^~~~~~~~~~
      |         ALTMON_1
configure:21556: $? = 1
configure: failed program was:
| /* confdefs.h */
| #define PACKAGE_NAME "GNU diffutils"
| #define PACKAGE_TARNAME "diffutils"
| #define PACKAGE_VERSION "3.12"
| #define PACKAGE_STRING "GNU diffutils 3.12"
| #define PACKAGE_BUGREPORT "bug-diffutils@gnu.org"
| #define PACKAGE_URL "https://www.gnu.org/software/diffutils/"
| #define PACKAGE "diffutils"
| #define VERSION "3.12"
| #define HAVE_STDIO_H 1
| #define HAVE_STDLIB_H 1
| #define HAVE_STRING_H 1
| #define HAVE_INTTYPES_H 1
| #define HAVE_STDINT_H 1
| #define HAVE_STRINGS_H 1
| #define HAVE_SYS_STAT_H 1
| #define HAVE_SYS_TYPES_H 1
| #define HAVE_UNISTD_H 1
| #define HAVE_WCHAR_H 1
| #define HAVE_STDBOOL_H 1
| #define HAVE_UCHAR_H 1
| #define HAVE_SYS_PARAM_H 1
| #define HAVE_SYS_SOCKET_H 1
| #define HAVE_DIRENT_H 1
| #define HAVE_ERROR_H 1
| #define HAVE_FNMATCH_H 1
| #define HAVE_GETOPT_H 1
| #define HAVE_SYS_TIME_H 1
| #define HAVE_THREADS_H 1
| #define HAVE_LIMITS_H 1
| #define HAVE_WCTYPE_H 1
| #define HAVE_LANGINFO_H 1
| #define HAVE_SYS_MMAN_H 1
| #define HAVE_PTHREAD_H 1
| #define HAVE_MALLOC_H 1
| #define HAVE_STDBIT_H 1
| #define HAVE_SYS_RANDOM_H 1
| #define HAVE_SYS_WAIT_H 1
| #define HAVE_FEATURES_H 1
| #define HAVE_ARPA_INET_H 1
| #define HAVE_NETDB_H 1
| #define HAVE_NETINET_IN_H 1
| #define HAVE_MATH_H 1
| #define HAVE_SYS_SELECT_H 1
| #define HAVE_SEMAPHORE_H 1
| #define HAVE_SYS_IOCTL_H 1
| #define HAVE_SYS_UN_H 1
| #define HAVE_SYS_UIO_H 1
| #define STDC_HEADERS 1
| #define _ALL_SOURCE 1
| #define _COSMO_SOURCE 1
| #define _DARWIN_C_SOURCE 1
| #define _GNU_SOURCE 1
| #define _HPUX_ALT_XOPEN_SOCKET_API 1
| #define _NETBSD_SOURCE 1
| #define _OPENBSD_SOURCE 1
| #define _POSIX_PTHREAD_SEMANTICS 1
| #define __STDC_WANT_IEC_60559_ATTRIBS_EXT__ 1
| #define __STDC_WANT_IEC_60559_BFP_EXT__ 1
| #define __STDC_WANT_IEC_60559_DFP_EXT__ 1
| #define __STDC_WANT_IEC_60559_EXT__ 1
| #define __STDC_WANT_IEC_60559_FUNCS_EXT__ 1
| #define __STDC_WANT_IEC_60559_TYPES_EXT__ 1
| #define __STDC_WANT_LIB_EXT2__ 1
| #define __STDC_WANT_MATH_SPEC_FUNCS__ 1
| #define _TANDEM_SOURCE 1
| #define __EXTENSIONS__ 1
| #define _LINUX_SOURCE_COMPAT 1
| #define __USE_MINGW_ANSI_STDIO 1
| #define HAVE_ALLOCA_H 1
| #define HAVE_ALLOCA 1
| #define HAVE_WINT_T 1
| #define HAVE_BTOWC 1
| #define HAVE_MBRTOWC 1
| #define HAVE_MBSINIT 1
| #define HAVE_FCHDIR 1
| #define HAVE_FCNTL 1
| #define HAVE_SYMLINK 1
| #define HAVE_FDOPENDIR 1
| #define HAVE_FNMATCH 1
| #define HAVE_MBSRTOWCS 1
| #define HAVE_FSTATAT 1
| #define HAVE_GETDTABLESIZE 1
| #define HAVE_GETTIMEOFDAY 1
| #define HAVE_ISBLANK 1
| #define HAVE_ISWCNTRL 1
| #define HAVE_LSTAT 1
| #define HAVE_MPROTECT 1
| #define HAVE_MKSTEMP 1
| #define HAVE_OPENAT 1
| #define HAVE_PCLOSE 1
| #define HAVE_POPEN 1
| #define HAVE_READLINK 1
| #define HAVE_ISWCTYPE 1
| #define HAVE_SETENV 1
| #define HAVE_SIGACTION 1
| #define HAVE_SIGALTSTACK 1
| #define HAVE_SIGINTERRUPT 1
| #define HAVE_SETRLIMIT 1
| #define HAVE_GETRLIMIT 1
| #define HAVE___XPG_STRERROR_R 1
| #define HAVE_STRPTIME 1
| #define HAVE_STRTOIMAX 1
| #define HAVE_LOCALTIME_R 1
| #define HAVE_WCRTOMB 1
| #define HAVE_WCWIDTH 1
| #define HAVE_PIPE 1
| #define HAVE_PSELECT 1
| #define HAVE_PTHREAD_SIGMASK 1
| #define HAVE_SLEEP 1
| #define HAVE_SNPRINTF 1
| #define HAVE_SHUTDOWN 1
| #define HAVE_UNLINKAT 1
| #define HAVE_WCTOB 1
| #define HAVE_SIGPROCMASK 1
| #define HAVE_FORK 1
| #define HAVE_VFORK 1
| #define HAVE_LANGINFO_CODESET 1
| #define BITSIZEOF_WCHAR_T 32
| #define HAVE_MBSTATE_T 1
| #define HAVE_WORKING_MBRTOC32 1
| #define HAVE_WORKING_C32RTOMB 1
| #define HAVE_MALLOC_PTRDIFF 1
| #define HAVE_MALLOC_POSIX 1
| #define restrict __restrict__
| #define HAVE_ENVIRON_DECL 1
| #define HAVE_ERROR 1
| #define HAVE_DECL_STRERROR_R 1
| #define HAVE_STRERROR_R 1
| #define STRERROR_R_CHAR_P 1
| #define HAVE_DECL_FCHDIR 1
| #define HAVE_WORKING_O_NOATIME 1
| #define HAVE_WORKING_O_NOFOLLOW 1
| #define HAVE_MEMPCPY 1
| #define FUNC_FFLUSH_STDIN 0
| #define LSTAT_FOLLOWS_SLASHED_SYMLINK 1
| #define HAVE_DECL_GETDTABLESIZE 1
| #define HAVE_GETOPT_H 1
| #define HAVE_GETOPT_LONG_ONLY 1
| #define HAVE_PTHREAD_API 1
| #define SETLOCALE_NULL_ALL_MTSAFE 1
| #define SETLOCALE_NULL_ONE_MTSAFE 1
| #ifndef __x86_64__
| #define __x86_64__ 1
| #endif
| #ifndef __x86_64__
| #define __x86_64__ 1
| #endif
| #define HAVE_LONG_LONG_INT 1
| #define HAVE_UNSIGNED_LONG_LONG_INT 1
| #define HAVE_TOWLOWER 1
| /* end confdefs.h.  */
| #include <langinfo.h>
| int a = ABALTMON_1;
| 
| int
| main (void)
| {
| 
|   ;
|   return 0;
| }
configure:21567: result: no
configure:21572: checking whether langinfo.h defines ERA
configure:21591: gcc -c -g -O2  conftest.c >&5
configure:21591: $? = 0
configure:21602: result: yes
configure:21607: checking whether langinfo.h defines YESEXPR
configure:21626: gcc -c -g -O2  conftest.c >&5
configure:21626: $? = 0
configure:21637: result: yes
configure:21690: checking for good max_align_t
configure:21727: gcc -c -g -O2  conftest.c >&5
configure:21727: $? = 0
configure:21738: result: yes
configure:21745: checking whether NULL can be used in arbitrary expressions
configure:21764: gcc -c -g -O2  conftest.c >&5
configure:21764: $? = 0
configure:21774: result: yes
configure:21781: checking for unreachable
configure:21800: gcc -o conftest -g -O2   conftest.c  >&5
conftest.c: In function 'main':
conftest.c:158:1: warning: implicit declaration of function 'unreachable' [-Wimplicit-function-declaration]
  158 | unreachable ();
      | ^~~~~~~~~~~
/usr/bin/ld: /tmp/ccYYdDeL.o: in function `main':
/home/derek/Code/diffutils-bcr/conftest.c:158:(.text.startup+0xb): undefined reference to `unreachable'
collect2: error: ld returned 1 exit status
configure:21800: $? = 1
configure: failed program was:
| /* confdefs.h */
| #define PACKAGE_NAME "GNU diffutils"
| #define PACKAGE_TARNAME "diffutils"
| #define PACKAGE_VERSION "3.12"
| #define PACKAGE_STRING "GNU diffutils 3.12"
| #define PACKAGE_BUGREPORT "bug-diffutils@gnu.org"
| #define PACKAGE_URL "https://www.gnu.org/software/diffutils/"
| #define PACKAGE "diffutils"
| #define VERSION "3.12"
| #define HAVE_STDIO_H 1
| #define HAVE_STDLIB_H 1
| #define HAVE_STRING_H 1
| #define HAVE_INTTYPES_H 1
| #define HAVE_STDINT_H 1
| #define HAVE_STRINGS_H 1
| #define HAVE_SYS_STAT_H 1
| #define HAVE_SYS_TYPES_H 1
| #define HAVE_UNISTD_H 1
| #define HAVE_WCHAR_H 1
| #define HAVE_STDBOOL_H 1
| #define HAVE_UCHAR_H 1
| #define HAVE_SYS_PARAM_H 1
| #define HAVE_SYS_SOCKET_H 1
| #define HAVE_DIRENT_H 1
| #define HAVE_ERROR_H 1
| #define HAVE_FNMATCH_H 1
| #define HAVE_GETOPT_H 1
| #define HAVE_SYS_TIME_H 1
| #define HAVE_THREADS_H 1
| #define HAVE_LIMITS_H 1
| #define HAVE_WCTYPE_H 1
| #define HAVE_LANGINFO_H 1
| #define HAVE_SYS_MMAN_H 1
| #define HAVE_PTHREAD_H 1
| #define HAVE_MALLOC_H 1
| #define HAVE_STDBIT_H 1
| #define HAVE_SYS_RANDOM_H 1
| #define HAVE_SYS_WAIT_H 1
| #define HAVE_FEATURES_H 1
| #define HAVE_ARPA_INET_H 1
| #define HAVE_NETDB_H 1
| #define HAVE_NETINET_IN_H 1
| #define HAVE_MATH_H 1
| #define HAVE_SYS_SELECT_H 1
| #define HAVE_SEMAPHORE_H 1
| #define HAVE_SYS_IOCTL_H 1
| #define HAVE_SYS_UN_H 1
| #define HAVE_SYS_UIO_H 1
| #define STDC_HEADERS 1
| #define _ALL_SOURCE 1
| #define _COSMO_SOURCE 1
| #define _DARWIN_C_SOURCE 1
| #define _GNU_SOURCE 1
| #define _HPUX_ALT_XOPEN_SOCKET_API 1
| #define _NETBSD_SOURCE 1
| #define _OPENBSD_SOURCE 1
| #define _POSIX_PTHREAD_SEMANTICS 1
| #define __STDC_WANT_IEC_60559_ATTRIBS_EXT__ 1
| #define __STDC_WANT_IEC_60559_BFP_EXT__ 1
| #define __STDC_WANT_IEC_60559_DFP_EXT__ 1
| #define __STDC_WANT_IEC_60559_EXT__ 1
| #define __STDC_WANT_IEC_60559_FUNCS_EXT__ 1
| #define __STDC_WANT_IEC_60559_TYPES_EXT__ 1
| #define __STDC_WANT_LIB_EXT2__ 1
| #define __STDC_WANT_MATH_SPEC_FUNCS__ 1
| #define _TANDEM_SOURCE 1
| #define __EXTENSIONS__ 1
| #define _LINUX_SOURCE_COMPAT 1
| #define __USE_MINGW_ANSI_STDIO 1
| #define HAVE_ALLOCA_H 1
| #define HAVE_ALLOCA 1
| #define HAVE_WINT_T 1
| #define HAVE_BTOWC 1
| #define HAVE_MBRTOWC 1
| #define HAVE_MBSINIT 1
| #define HAVE_FCHDIR 1
| #define HAVE_FCNTL 1
| #define HAVE_SYMLINK 1
| #define HAVE_FDOPENDIR 1
| #define HAVE_FNMATCH 1
| #define HAVE_MBSRTOWCS 1
| #define HAVE_FSTATAT 1
| #define HAVE_GETDTABLESIZE 1
| #define HAVE_GETTIMEOFDAY 1
| #define HAVE_ISBLANK 1
| #define HAVE_ISWCNTRL 1
| #define HAVE_LSTAT 1
| #define HAVE_MPROTECT 1
| #define HAVE_MKSTEMP 1
| #define HAVE_OPENAT 1
| #define HAVE_PCLOSE 1
| #define HAVE_POPEN 1
| #define HAVE_READLINK 1
| #define HAVE_ISWCTYPE 1
| #define HAVE_SETENV 1
| #define HAVE_SIGACTION 1
| #define HAVE_SIGALTSTACK 1
| #define HAVE_SIGINTERRUPT 1
| #define HAVE_SETRLIMIT 1
| #define HAVE_GETRLIMIT 1
| #define HAVE___XPG_STRERROR_R 1
| #define HAVE_STRPTIME 1
| #define HAVE_STRTOIMAX 1
| #define HAVE_LOCALTIME_R 1
| #define HAVE_WCRTOMB 1
| #define HAVE_WCWIDTH 1
| #define HAVE_PIPE 1
| #define HAVE_PSELECT 1
| #define HAVE_PTHREAD_SIGMASK 1
| #define HAVE_SLEEP 1
| #define HAVE_SNPRINTF 1
| #define HAVE_SHUTDOWN 1
| #define HAVE_UNLINKAT 1
| #define HAVE_WCTOB 1
| #define HAVE_SIGPROCMASK 1
| #define HAVE_FORK 1
| #define HAVE_VFORK 1
| #define HAVE_LANGINFO_CODESET 1
| #define BITSIZEOF_WCHAR_T 32
| #define HAVE_MBSTATE_T 1
| #define HAVE_WORKING_MBRTOC32 1
| #define HAVE_WORKING_C32RTOMB 1
| #define HAVE_MALLOC_PTRDIFF 1
| #define HAVE_MALLOC_POSIX 1
| #define restrict __restrict__
| #define HAVE_ENVIRON_DECL 1
| #define HAVE_ERROR 1
| #define HAVE_DECL_STRERROR_R 1
| #define HAVE_STRERROR_R 1
| #define STRERROR_R_CHAR_P 1
| #define HAVE_DECL_FCHDIR 1
| #define HAVE_WORKING_O_NOATIME 1
| #define HAVE_WORKING_O_NOFOLLOW 1
| #define HAVE_MEMPCPY 1
| #define FUNC_FFLUSH_STDIN 0
| #define LSTAT_FOLLOWS_SLASHED_SYMLINK 1
| #define HAVE_DECL_GETDTABLESIZE 1
| #define HAVE_GETOPT_H 1
| #define HAVE_GETOPT_LONG_ONLY 1
| #define HAVE_PTHREAD_API 1
| #define SETLOCALE_NULL_ALL_MTSAFE 1
| #define SETLOCALE_NULL_ONE_MTSAFE 1
| #ifndef __x86_64__
| #define __x86_64__ 1
| #endif
| #ifndef __x86_64__
| #define __x86_64__ 1
| #endif
| #define HAVE_LONG_LONG_INT 1
| #define HAVE_UNSIGNED_LONG_LONG_INT 1
| #define HAVE_TOWLOWER 1
| /* end confdefs.h.  */
| #include <stddef.h>
| 
| int
| main (void)
| {
| unreachable ();
| 
|   ;
|   return 0;
| }
configure:21812: result: no
configure:21818: checking whether nullptr_t needs <stddef.h>
configure:21828: gcc -c -g -O2  conftest.c >&5
configure:21828: $? = 0
configure:21838: result: no
configure:21845: checking for clean definition of __STDC_VERSION_STDDEF_H__
configure:21862: gcc -E  conftest.c
configure:21862: $? = 0
configure:21872: result: yes
configure:21959: checking whether locale.h defines locale_t
configure:21977: gcc -c -g -O2  conftest.c >&5
configure:21977: $? = 0
configure:21988: result: yes
configure:22020: checking whether locale.h defines _locale_t
configure:22038: gcc -c -g -O2  conftest.c >&5
conftest.c:154:13: error: unknown type name '_locale_t'; did you mean 'locale_t'?
  154 |             _locale_t x;
      |             ^~~~~~~~~
      |             locale_t
configure:22038: $? = 1
configure: failed program was:
| /* confdefs.h */
| #define PACKAGE_NAME "GNU diffutils"
| #define PACKAGE_TARNAME "diffutils"
| #define PACKAGE_VERSION "3.12"
| #define PACKAGE_STRING "GNU diffutils 3.12"
| #define PACKAGE_BUGREPORT "bug-diffutils@gnu.org"
| #define PACKAGE_URL "https://www.gnu.org/software/diffutils/"
| #define PACKAGE "diffutils"
| #define VERSION "3.12"
| #define HAVE_STDIO_H 1
| #define HAVE_STDLIB_H 1
| #define HAVE_STRING_H 1
| #define HAVE_INTTYPES_H 1
| #define HAVE_STDINT_H 1
| #define HAVE_STRINGS_H 1
| #define HAVE_SYS_STAT_H 1
| #define HAVE_SYS_TYPES_H 1
| #define HAVE_UNISTD_H 1
| #define HAVE_WCHAR_H 1
| #define HAVE_STDBOOL_H 1
| #define HAVE_UCHAR_H 1
| #define HAVE_SYS_PARAM_H 1
| #define HAVE_SYS_SOCKET_H 1
| #define HAVE_DIRENT_H 1
| #define HAVE_ERROR_H 1
| #define HAVE_FNMATCH_H 1
| #define HAVE_GETOPT_H 1
| #define HAVE_SYS_TIME_H 1
| #define HAVE_THREADS_H 1
| #define HAVE_LIMITS_H 1
| #define HAVE_WCTYPE_H 1
| #define HAVE_LANGINFO_H 1
| #define HAVE_SYS_MMAN_H 1
| #define HAVE_PTHREAD_H 1
| #define HAVE_MALLOC_H 1
| #define HAVE_STDBIT_H 1
| #define HAVE_SYS_RANDOM_H 1
| #define HAVE_SYS_WAIT_H 1
| #define HAVE_FEATURES_H 1
| #define HAVE_ARPA_INET_H 1
| #define HAVE_NETDB_H 1
| #define HAVE_NETINET_IN_H 1
| #define HAVE_MATH_H 1
| #define HAVE_SYS_SELECT_H 1
| #define HAVE_SEMAPHORE_H 1
| #define HAVE_SYS_IOCTL_H 1
| #define HAVE_SYS_UN_H 1
| #define HAVE_SYS_UIO_H 1
| #define STDC_HEADERS 1
| #define _ALL_SOURCE 1
| #define _COSMO_SOURCE 1
| #define _DARWIN_C_SOURCE 1
| #define _GNU_SOURCE 1
| #define _HPUX_ALT_XOPEN_SOCKET_API 1
| #define _NETBSD_SOURCE 1
| #define _OPENBSD_SOURCE 1
| #define _POSIX_PTHREAD_SEMANTICS 1
| #define __STDC_WANT_IEC_60559_ATTRIBS_EXT__ 1
| #define __STDC_WANT_IEC_60559_BFP_EXT__ 1
| #define __STDC_WANT_IEC_60559_DFP_EXT__ 1
| #define __STDC_WANT_IEC_60559_EXT__ 1
| #define __STDC_WANT_IEC_60559_FUNCS_EXT__ 1
| #define __STDC_WANT_IEC_60559_TYPES_EXT__ 1
| #define __STDC_WANT_LIB_EXT2__ 1
| #define __STDC_WANT_MATH_SPEC_FUNCS__ 1
| #define _TANDEM_SOURCE 1
| #define __EXTENSIONS__ 1
| #define _LINUX_SOURCE_COMPAT 1
| #define __USE_MINGW_ANSI_STDIO 1
| #define HAVE_ALLOCA_H 1
| #define HAVE_ALLOCA 1
| #define HAVE_WINT_T 1
| #define HAVE_BTOWC 1
| #define HAVE_MBRTOWC 1
| #define HAVE_MBSINIT 1
| #define HAVE_FCHDIR 1
| #define HAVE_FCNTL 1
| #define HAVE_SYMLINK 1
| #define HAVE_FDOPENDIR 1
| #define HAVE_FNMATCH 1
| #define HAVE_MBSRTOWCS 1
| #define HAVE_FSTATAT 1
| #define HAVE_GETDTABLESIZE 1
| #define HAVE_GETTIMEOFDAY 1
| #define HAVE_ISBLANK 1
| #define HAVE_ISWCNTRL 1
| #define HAVE_LSTAT 1
| #define HAVE_MPROTECT 1
| #define HAVE_MKSTEMP 1
| #define HAVE_OPENAT 1
| #define HAVE_PCLOSE 1
| #define HAVE_POPEN 1
| #define HAVE_READLINK 1
| #define HAVE_ISWCTYPE 1
| #define HAVE_SETENV 1
| #define HAVE_SIGACTION 1
| #define HAVE_SIGALTSTACK 1
| #define HAVE_SIGINTERRUPT 1
| #define HAVE_SETRLIMIT 1
| #define HAVE_GETRLIMIT 1
| #define HAVE___XPG_STRERROR_R 1
| #define HAVE_STRPTIME 1
| #define HAVE_STRTOIMAX 1
| #define HAVE_LOCALTIME_R 1
| #define HAVE_WCRTOMB 1
| #define HAVE_WCWIDTH 1
| #define HAVE_PIPE 1
| #define HAVE_PSELECT 1
| #define HAVE_PTHREAD_SIGMASK 1
| #define HAVE_SLEEP 1
| #define HAVE_SNPRINTF 1
| #define HAVE_SHUTDOWN 1
| #define HAVE_UNLINKAT 1
| #define HAVE_WCTOB 1
| #define HAVE_SIGPROCMASK 1
| #define HAVE_FORK 1
| #define HAVE_VFORK 1
| #define HAVE_LANGINFO_CODESET 1
| #define BITSIZEOF_WCHAR_T 32
| #define HAVE_MBSTATE_T 1
| #define HAVE_WORKING_MBRTOC32 1
| #define HAVE_WORKING_C32RTOMB 1
| #define HAVE_MALLOC_PTRDIFF 1
| #define HAVE_MALLOC_POSIX 1
| #define restrict __restrict__
| #define HAVE_ENVIRON_DECL 1
| #define HAVE_ERROR 1
| #define HAVE_DECL_STRERROR_R 1
| #define HAVE_STRERROR_R 1
| #define STRERROR_R_CHAR_P 1
| #define HAVE_DECL_FCHDIR 1
| #define HAVE_WORKING_O_NOATIME 1
| #define HAVE_WORKING_O_NOFOLLOW 1
| #define HAVE_MEMPCPY 1
| #define FUNC_FFLUSH_STDIN 0
| #define LSTAT_FOLLOWS_SLASHED_SYMLINK 1
| #define HAVE_DECL_GETDTABLESIZE 1
| #define HAVE_GETOPT_H 1
| #define HAVE_GETOPT_LONG_ONLY 1
| #define HAVE_PTHREAD_API 1
| #define SETLOCALE_NULL_ALL_MTSAFE 1
| #define SETLOCALE_NULL_ONE_MTSAFE 1
| #ifndef __x86_64__
| #define __x86_64__ 1
| #endif
| #ifndef __x86_64__
| #define __x86_64__ 1
| #endif
| #define HAVE_LONG_LONG_INT 1
| #define HAVE_UNSIGNED_LONG_LONG_INT 1
| #define HAVE_TOWLOWER 1
| /* end confdefs.h.  */
| #include <locale.h>
|             _locale_t x;
| int
| main (void)
| {
| 
|   ;
|   return 0;
| }
configure:22049: result: no
configure:22070: checking whether locale.h conforms to POSIX:2001
configure:22089: gcc -c -g -O2  conftest.c >&5
configure:22089: $? = 0
configure:22099: result: yes
configure:22102: checking whether struct lconv is properly defined
configure:22122: gcc -c -g -O2  conftest.c >&5
configure:22122: $? = 0
configure:22133: result: yes
configure:22280: checking for LC_MESSAGES
configure:22297: gcc -o conftest -g -O2   conftest.c  >&5
configure:22297: $? = 0
configure:22308: result: yes
configure:22326: checking whether imported symbols can be declared weak
configure:22350: gcc -o conftest -g -O2   conftest.c  >&5
configure:22350: $? = 0
configure:22388: gcc -o conftest -g -O2   conftest.c  >&5
configure:22388: $? = 0
configure:22388: ./conftest
configure:22388: $? = 0
configure:22430: result: yes
configure:23591: checking for multithread API to use
configure:23593: result: posix
configure:23605: checking for a sed that does not truncate output
configure:23677: result: /usr/bin/sed
configure:23682: checking for grep that handles long lines and -e
configure:23748: result: /usr/bin/grep
configure:23755: checking whether malloc (0) returns nonnull
configure:23791: gcc -o conftest -g -O2   conftest.c  >&5
configure:23791: $? = 0
configure:23791: ./conftest
configure:23791: $? = 0
configure:23805: result: yes
configure:24071: checking for mmap
configure:24071: gcc -o conftest -g -O2   conftest.c  >&5
configure:24071: $? = 0
configure:24071: result: yes
configure:24084: checking for MAP_ANONYMOUS
configure:24123: result: yes
configure:24150: checking whether memchr works
configure:24236: gcc -o conftest -g -O2   conftest.c  >&5
configure:24236: $? = 0
configure:24236: ./conftest
configure:24236: $? = 0
configure:24251: result: yes
configure:24258: checking whether memrchr is declared
configure:24258: gcc -c -g -O2   conftest.c >&5
configure:24258: $? = 0
configure:24258: result: yes
configure:24272: checking whether <limits.h> defines MIN and MAX
configure:24290: gcc -c -g -O2  conftest.c >&5
conftest.c:161:21: warning: implicit declaration of function 'MIN' [-Wimplicit-function-declaration]
  161 |             int x = MIN (42, 17);
      |                     ^~~
conftest.c:161:21: error: initializer element is not constant
configure:24290: $? = 1
configure: failed program was:
| /* confdefs.h */
| #define PACKAGE_NAME "GNU diffutils"
| #define PACKAGE_TARNAME "diffutils"
| #define PACKAGE_VERSION "3.12"
| #define PACKAGE_STRING "GNU diffutils 3.12"
| #define PACKAGE_BUGREPORT "bug-diffutils@gnu.org"
| #define PACKAGE_URL "https://www.gnu.org/software/diffutils/"
| #define PACKAGE "diffutils"
| #define VERSION "3.12"
| #define HAVE_STDIO_H 1
| #define HAVE_STDLIB_H 1
| #define HAVE_STRING_H 1
| #define HAVE_INTTYPES_H 1
| #define HAVE_STDINT_H 1
| #define HAVE_STRINGS_H 1
| #define HAVE_SYS_STAT_H 1
| #define HAVE_SYS_TYPES_H 1
| #define HAVE_UNISTD_H 1
| #define HAVE_WCHAR_H 1
| #define HAVE_STDBOOL_H 1
| #define HAVE_UCHAR_H 1
| #define HAVE_SYS_PARAM_H 1
| #define HAVE_SYS_SOCKET_H 1
| #define HAVE_DIRENT_H 1
| #define HAVE_ERROR_H 1
| #define HAVE_FNMATCH_H 1
| #define HAVE_GETOPT_H 1
| #define HAVE_SYS_TIME_H 1
| #define HAVE_THREADS_H 1
| #define HAVE_LIMITS_H 1
| #define HAVE_WCTYPE_H 1
| #define HAVE_LANGINFO_H 1
| #define HAVE_SYS_MMAN_H 1
| #define HAVE_PTHREAD_H 1
| #define HAVE_MALLOC_H 1
| #define HAVE_STDBIT_H 1
| #define HAVE_SYS_RANDOM_H 1
| #define HAVE_SYS_WAIT_H 1
| #define HAVE_FEATURES_H 1
| #define HAVE_ARPA_INET_H 1
| #define HAVE_NETDB_H 1
| #define HAVE_NETINET_IN_H 1
| #define HAVE_MATH_H 1
| #define HAVE_SYS_SELECT_H 1
| #define HAVE_SEMAPHORE_H 1
| #define HAVE_SYS_IOCTL_H 1
| #define HAVE_SYS_UN_H 1
| #define HAVE_SYS_UIO_H 1
| #define STDC_HEADERS 1
| #define _ALL_SOURCE 1
| #define _COSMO_SOURCE 1
| #define _DARWIN_C_SOURCE 1
| #define _GNU_SOURCE 1
| #define _HPUX_ALT_XOPEN_SOCKET_API 1
| #define _NETBSD_SOURCE 1
| #define _OPENBSD_SOURCE 1
| #define _POSIX_PTHREAD_SEMANTICS 1
| #define __STDC_WANT_IEC_60559_ATTRIBS_EXT__ 1
| #define __STDC_WANT_IEC_60559_BFP_EXT__ 1
| #define __STDC_WANT_IEC_60559_DFP_EXT__ 1
| #define __STDC_WANT_IEC_60559_EXT__ 1
| #define __STDC_WANT_IEC_60559_FUNCS_EXT__ 1
| #define __STDC_WANT_IEC_60559_TYPES_EXT__ 1
| #define __STDC_WANT_LIB_EXT2__ 1
| #define __STDC_WANT_MATH_SPEC_FUNCS__ 1
| #define _TANDEM_SOURCE 1
| #define __EXTENSIONS__ 1
| #define _LINUX_SOURCE_COMPAT 1
| #define __USE_MINGW_ANSI_STDIO 1
| #define HAVE_ALLOCA_H 1
| #define HAVE_ALLOCA 1
| #define HAVE_WINT_T 1
| #define HAVE_BTOWC 1
| #define HAVE_MBRTOWC 1
| #define HAVE_MBSINIT 1
| #define HAVE_FCHDIR 1
| #define HAVE_FCNTL 1
| #define HAVE_SYMLINK 1
| #define HAVE_FDOPENDIR 1
| #define HAVE_FNMATCH 1
| #define HAVE_MBSRTOWCS 1
| #define HAVE_FSTATAT 1
| #define HAVE_GETDTABLESIZE 1
| #define HAVE_GETTIMEOFDAY 1
| #define HAVE_ISBLANK 1
| #define HAVE_ISWCNTRL 1
| #define HAVE_LSTAT 1
| #define HAVE_MPROTECT 1
| #define HAVE_MKSTEMP 1
| #define HAVE_OPENAT 1
| #define HAVE_PCLOSE 1
| #define HAVE_POPEN 1
| #define HAVE_READLINK 1
| #define HAVE_ISWCTYPE 1
| #define HAVE_SETENV 1
| #define HAVE_SIGACTION 1
| #define HAVE_SIGALTSTACK 1
| #define HAVE_SIGINTERRUPT 1
| #define HAVE_SETRLIMIT 1
| #define HAVE_GETRLIMIT 1
| #define HAVE___XPG_STRERROR_R 1
| #define HAVE_STRPTIME 1
| #define HAVE_STRTOIMAX 1
| #define HAVE_LOCALTIME_R 1
| #define HAVE_WCRTOMB 1
| #define HAVE_WCWIDTH 1
| #define HAVE_PIPE 1
| #define HAVE_PSELECT 1
| #define HAVE_PTHREAD_SIGMASK 1
| #define HAVE_SLEEP 1
| #define HAVE_SNPRINTF 1
| #define HAVE_SHUTDOWN 1
| #define HAVE_UNLINKAT 1
| #define HAVE_WCTOB 1
| #define HAVE_SIGPROCMASK 1
| #define HAVE_FORK 1
| #define HAVE_VFORK 1
| #define HAVE_LANGINFO_CODESET 1
| #define BITSIZEOF_WCHAR_T 32
| #define HAVE_MBSTATE_T 1
| #define HAVE_WORKING_MBRTOC32 1
| #define HAVE_WORKING_C32RTOMB 1
| #define HAVE_MALLOC_PTRDIFF 1
| #define HAVE_MALLOC_POSIX 1
| #define restrict __restrict__
| #define HAVE_ENVIRON_DECL 1
| #define HAVE_ERROR 1
| #define HAVE_DECL_STRERROR_R 1
| #define HAVE_STRERROR_R 1
| #define STRERROR_R_CHAR_P 1
| #define HAVE_DECL_FCHDIR 1
| #define HAVE_WORKING_O_NOATIME 1
| #define HAVE_WORKING_O_NOFOLLOW 1
| #define HAVE_MEMPCPY 1
| #define FUNC_FFLUSH_STDIN 0
| #define LSTAT_FOLLOWS_SLASHED_SYMLINK 1
| #define HAVE_DECL_GETDTABLESIZE 1
| #define HAVE_GETOPT_H 1
| #define HAVE_GETOPT_LONG_ONLY 1
| #define HAVE_PTHREAD_API 1
| #define SETLOCALE_NULL_ALL_MTSAFE 1
| #define SETLOCALE_NULL_ONE_MTSAFE 1
| #ifndef __x86_64__
| #define __x86_64__ 1
| #endif
| #ifndef __x86_64__
| #define __x86_64__ 1
| #endif
| #define HAVE_LONG_LONG_INT 1
| #define HAVE_UNSIGNED_LONG_LONG_INT 1
| #define HAVE_TOWLOWER 1
| #define HAVE_LC_MESSAGES 1
| #define HAVE_WEAK_SYMBOLS 1
| #define USE_POSIX_THREADS 1
| #define USE_POSIX_THREADS_FROM_LIBC 1
| #define HAVE_MALLOC_0_NONNULL 1
| #define HAVE_MAP_ANONYMOUS 1
| #define HAVE_DECL_MEMRCHR 1
| /* end confdefs.h.  */
| #include <limits.h>
|             int x = MIN (42, 17);
| int
| main (void)
| {
| 
|   ;
|   return 0;
| }
configure:24300: result: no
configure:24313: checking whether <sys/param.h> defines MIN and MAX
configure:24331: gcc -c -g -O2  conftest.c >&5
configure:24331: $? = 0
configure:24341: result: yes
configure:24378: checking whether time_t is signed
configure:24396: gcc -c -g -O2  conftest.c >&5
configure:24396: $? = 0
configure:24406: result: yes
configure:24414: checking whether alarm is declared
configure:24414: gcc -c -g -O2   conftest.c >&5
configure:24414: $? = 0
configure:24414: result: yes
configure:24430: checking for working mktime
configure:24677: gcc -o conftest -g -O2   conftest.c  >&5
configure:24677: $? = 0
configure:24677: ./conftest
configure:24677: $? = 0
configure:24693: result: yes
configure:24762: checking for struct tm.tm_gmtoff
configure:24762: gcc -c -g -O2  conftest.c >&5
configure:24762: $? = 0
configure:24762: result: yes
configure:24772: checking for struct tm.tm_zone
configure:24772: gcc -c -g -O2  conftest.c >&5
configure:24772: $? = 0
configure:24772: result: yes
configure:24793: checking for O_CLOEXEC
configure:24814: gcc -c -g -O2  conftest.c >&5
configure:24814: $? = 0
configure:24824: result: yes
configure:24829: checking for promoted mode_t type
configure:24847: gcc -c -g -O2  conftest.c >&5
conftest.c: In function 'main':
conftest.c:170:13: error: size of array 'array' is negative
  170 | typedef int array[2 * (sizeof (mode_t) < sizeof (int)) - 1];
      |             ^~~~~
configure:24847: $? = 1
configure: failed program was:
| /* confdefs.h */
| #define PACKAGE_NAME "GNU diffutils"
| #define PACKAGE_TARNAME "diffutils"
| #define PACKAGE_VERSION "3.12"
| #define PACKAGE_STRING "GNU diffutils 3.12"
| #define PACKAGE_BUGREPORT "bug-diffutils@gnu.org"
| #define PACKAGE_URL "https://www.gnu.org/software/diffutils/"
| #define PACKAGE "diffutils"
| #define VERSION "3.12"
| #define HAVE_STDIO_H 1
| #define HAVE_STDLIB_H 1
| #define HAVE_STRING_H 1
| #define HAVE_INTTYPES_H 1
| #define HAVE_STDINT_H 1
| #define HAVE_STRINGS_H 1
| #define HAVE_SYS_STAT_H 1
| #define HAVE_SYS_TYPES_H 1
| #define HAVE_UNISTD_H 1
| #define HAVE_WCHAR_H 1
| #define HAVE_STDBOOL_H 1
| #define HAVE_UCHAR_H 1
| #define HAVE_SYS_PARAM_H 1
| #define HAVE_SYS_SOCKET_H 1
| #define HAVE_DIRENT_H 1
| #define HAVE_ERROR_H 1
| #define HAVE_FNMATCH_H 1
| #define HAVE_GETOPT_H 1
| #define HAVE_SYS_TIME_H 1
| #define HAVE_THREADS_H 1
| #define HAVE_LIMITS_H 1
| #define HAVE_WCTYPE_H 1
| #define HAVE_LANGINFO_H 1
| #define HAVE_SYS_MMAN_H 1
| #define HAVE_PTHREAD_H 1
| #define HAVE_MALLOC_H 1
| #define HAVE_STDBIT_H 1
| #define HAVE_SYS_RANDOM_H 1
| #define HAVE_SYS_WAIT_H 1
| #define HAVE_FEATURES_H 1
| #define HAVE_ARPA_INET_H 1
| #define HAVE_NETDB_H 1
| #define HAVE_NETINET_IN_H 1
| #define HAVE_MATH_H 1
| #define HAVE_SYS_SELECT_H 1
| #define HAVE_SEMAPHORE_H 1
| #define HAVE_SYS_IOCTL_H 1
| #define HAVE_SYS_UN_H 1
| #define HAVE_SYS_UIO_H 1
| #define STDC_HEADERS 1
| #define _ALL_SOURCE 1
| #define _COSMO_SOURCE 1
| #define _DARWIN_C_SOURCE 1
| #define _GNU_SOURCE 1
| #define _HPUX_ALT_XOPEN_SOCKET_API 1
| #define _NETBSD_SOURCE 1
| #define _OPENBSD_SOURCE 1
| #define _POSIX_PTHREAD_SEMANTICS 1
| #define __STDC_WANT_IEC_60559_ATTRIBS_EXT__ 1
| #define __STDC_WANT_IEC_60559_BFP_EXT__ 1
| #define __STDC_WANT_IEC_60559_DFP_EXT__ 1
| #define __STDC_WANT_IEC_60559_EXT__ 1
| #define __STDC_WANT_IEC_60559_FUNCS_EXT__ 1
| #define __STDC_WANT_IEC_60559_TYPES_EXT__ 1
| #define __STDC_WANT_LIB_EXT2__ 1
| #define __STDC_WANT_MATH_SPEC_FUNCS__ 1
| #define _TANDEM_SOURCE 1
| #define __EXTENSIONS__ 1
| #define _LINUX_SOURCE_COMPAT 1
| #define __USE_MINGW_ANSI_STDIO 1
| #define HAVE_ALLOCA_H 1
| #define HAVE_ALLOCA 1
| #define HAVE_WINT_T 1
| #define HAVE_BTOWC 1
| #define HAVE_MBRTOWC 1
| #define HAVE_MBSINIT 1
| #define HAVE_FCHDIR 1
| #define HAVE_FCNTL 1
| #define HAVE_SYMLINK 1
| #define HAVE_FDOPENDIR 1
| #define HAVE_FNMATCH 1
| #define HAVE_MBSRTOWCS 1
| #define HAVE_FSTATAT 1
| #define HAVE_GETDTABLESIZE 1
| #define HAVE_GETTIMEOFDAY 1
| #define HAVE_ISBLANK 1
| #define HAVE_ISWCNTRL 1
| #define HAVE_LSTAT 1
| #define HAVE_MPROTECT 1
| #define HAVE_MKSTEMP 1
| #define HAVE_OPENAT 1
| #define HAVE_PCLOSE 1
| #define HAVE_POPEN 1
| #define HAVE_READLINK 1
| #define HAVE_ISWCTYPE 1
| #define HAVE_SETENV 1
| #define HAVE_SIGACTION 1
| #define HAVE_SIGALTSTACK 1
| #define HAVE_SIGINTERRUPT 1
| #define HAVE_SETRLIMIT 1
| #define HAVE_GETRLIMIT 1
| #define HAVE___XPG_STRERROR_R 1
| #define HAVE_STRPTIME 1
| #define HAVE_STRTOIMAX 1
| #define HAVE_LOCALTIME_R 1
| #define HAVE_WCRTOMB 1
| #define HAVE_WCWIDTH 1
| #define HAVE_PIPE 1
| #define HAVE_PSELECT 1
| #define HAVE_PTHREAD_SIGMASK 1
| #define HAVE_SLEEP 1
| #define HAVE_SNPRINTF 1
| #define HAVE_SHUTDOWN 1
| #define HAVE_UNLINKAT 1
| #define HAVE_WCTOB 1
| #define HAVE_SIGPROCMASK 1
| #define HAVE_FORK 1
| #define HAVE_VFORK 1
| #define HAVE_LANGINFO_CODESET 1
| #define BITSIZEOF_WCHAR_T 32
| #define HAVE_MBSTATE_T 1
| #define HAVE_WORKING_MBRTOC32 1
| #define HAVE_WORKING_C32RTOMB 1
| #define HAVE_MALLOC_PTRDIFF 1
| #define HAVE_MALLOC_POSIX 1
| #define restrict __restrict__
| #define HAVE_ENVIRON_DECL 1
| #define HAVE_ERROR 1
| #define HAVE_DECL_STRERROR_R 1
| #define HAVE_STRERROR_R 1
| #define STRERROR_R_CHAR_P 1
| #define HAVE_DECL_FCHDIR 1
| #define HAVE_WORKING_O_NOATIME 1
| #define HAVE_WORKING_O_NOFOLLOW 1
| #define HAVE_MEMPCPY 1
| #define FUNC_FFLUSH_STDIN 0
| #define LSTAT_FOLLOWS_SLASHED_SYMLINK 1
| #define HAVE_DECL_GETDTABLESIZE 1
| #define HAVE_GETOPT_H 1
| #define HAVE_GETOPT_LONG_ONLY 1
| #define HAVE_PTHREAD_API 1
| #define SETLOCALE_NULL_ALL_MTSAFE 1
| #define SETLOCALE_NULL_ONE_MTSAFE 1
| #ifndef __x86_64__
| #define __x86_64__ 1
| #endif
| #ifndef __x86_64__
| #define __x86_64__ 1
| #endif
| #define HAVE_LONG_LONG_INT 1
| #define HAVE_UNSIGNED_LONG_LONG_INT 1
| #define HAVE_TOWLOWER 1
| #define HAVE_LC_MESSAGES 1
| #define HAVE_WEAK_SYMBOLS 1
| #define USE_POSIX_THREADS 1
| #define USE_POSIX_THREADS_FROM_LIBC 1
| #define HAVE_MALLOC_0_NONNULL 1
| #define HAVE_MAP_ANONYMOUS 1
| #define HAVE_DECL_MEMRCHR 1
| #define HAVE_MINMAX_IN_SYS_PARAM_H 1
| #define TIME_T_IS_SIGNED 1
| #define HAVE_DECL_ALARM 1
| #define HAVE_STRUCT_TM_TM_GMTOFF 1
| #define HAVE_STRUCT_TM_TM_ZONE 1
| #define HAVE_TM_GMTOFF 1
| /* end confdefs.h.  */
| #include <sys/types.h>
| int
| main (void)
| {
| typedef int array[2 * (sizeof (mode_t) < sizeof (int)) - 1];
|   ;
|   return 0;
| }
configure:24858: result: mode_t
configure:25078: checking for pthread_t
configure:25078: gcc -c -g -O2  conftest.c >&5
configure:25078: $? = 0
configure:25078: gcc -c -g -O2  conftest.c >&5
conftest.c: In function 'main':
conftest.c:202:24: error: expected expression before ')' token
  202 | if (sizeof ((pthread_t)))
      |                        ^
configure:25078: $? = 1
configure: failed program was:
| /* confdefs.h */
| #define PACKAGE_NAME "GNU diffutils"
| #define PACKAGE_TARNAME "diffutils"
| #define PACKAGE_VERSION "3.12"
| #define PACKAGE_STRING "GNU diffutils 3.12"
| #define PACKAGE_BUGREPORT "bug-diffutils@gnu.org"
| #define PACKAGE_URL "https://www.gnu.org/software/diffutils/"
| #define PACKAGE "diffutils"
| #define VERSION "3.12"
| #define HAVE_STDIO_H 1
| #define HAVE_STDLIB_H 1
| #define HAVE_STRING_H 1
| #define HAVE_INTTYPES_H 1
| #define HAVE_STDINT_H 1
| #define HAVE_STRINGS_H 1
| #define HAVE_SYS_STAT_H 1
| #define HAVE_SYS_TYPES_H 1
| #define HAVE_UNISTD_H 1
| #define HAVE_WCHAR_H 1
| #define HAVE_STDBOOL_H 1
| #define HAVE_UCHAR_H 1
| #define HAVE_SYS_PARAM_H 1
| #define HAVE_SYS_SOCKET_H 1
| #define HAVE_DIRENT_H 1
| #define HAVE_ERROR_H 1
| #define HAVE_FNMATCH_H 1
| #define HAVE_GETOPT_H 1
| #define HAVE_SYS_TIME_H 1
| #define HAVE_THREADS_H 1
| #define HAVE_LIMITS_H 1
| #define HAVE_WCTYPE_H 1
| #define HAVE_LANGINFO_H 1
| #define HAVE_SYS_MMAN_H 1
| #define HAVE_PTHREAD_H 1
| #define HAVE_MALLOC_H 1
| #define HAVE_STDBIT_H 1
| #define HAVE_SYS_RANDOM_H 1
| #define HAVE_SYS_WAIT_H 1
| #define HAVE_FEATURES_H 1
| #define HAVE_ARPA_INET_H 1
| #define HAVE_NETDB_H 1
| #define HAVE_NETINET_IN_H 1
| #define HAVE_MATH_H 1
| #define HAVE_SYS_SELECT_H 1
| #define HAVE_SEMAPHORE_H 1
| #define HAVE_SYS_IOCTL_H 1
| #define HAVE_SYS_UN_H 1
| #define HAVE_SYS_UIO_H 1
| #define STDC_HEADERS 1
| #define _ALL_SOURCE 1
| #define _COSMO_SOURCE 1
| #define _DARWIN_C_SOURCE 1
| #define _GNU_SOURCE 1
| #define _HPUX_ALT_XOPEN_SOCKET_API 1
| #define _NETBSD_SOURCE 1
| #define _OPENBSD_SOURCE 1
| #define _POSIX_PTHREAD_SEMANTICS 1
| #define __STDC_WANT_IEC_60559_ATTRIBS_EXT__ 1
| #define __STDC_WANT_IEC_60559_BFP_EXT__ 1
| #define __STDC_WANT_IEC_60559_DFP_EXT__ 1
| #define __STDC_WANT_IEC_60559_EXT__ 1
| #define __STDC_WANT_IEC_60559_FUNCS_EXT__ 1
| #define __STDC_WANT_IEC_60559_TYPES_EXT__ 1
| #define __STDC_WANT_LIB_EXT2__ 1
| #define __STDC_WANT_MATH_SPEC_FUNCS__ 1
| #define _TANDEM_SOURCE 1
| #define __EXTENSIONS__ 1
| #define _LINUX_SOURCE_COMPAT 1
| #define __USE_MINGW_ANSI_STDIO 1
| #define HAVE_ALLOCA_H 1
| #define HAVE_ALLOCA 1
| #define HAVE_WINT_T 1
| #define HAVE_BTOWC 1
| #define HAVE_MBRTOWC 1
| #define HAVE_MBSINIT 1
| #define HAVE_FCHDIR 1
| #define HAVE_FCNTL 1
| #define HAVE_SYMLINK 1
| #define HAVE_FDOPENDIR 1
| #define HAVE_FNMATCH 1
| #define HAVE_MBSRTOWCS 1
| #define HAVE_FSTATAT 1
| #define HAVE_GETDTABLESIZE 1
| #define HAVE_GETTIMEOFDAY 1
| #define HAVE_ISBLANK 1
| #define HAVE_ISWCNTRL 1
| #define HAVE_LSTAT 1
| #define HAVE_MPROTECT 1
| #define HAVE_MKSTEMP 1
| #define HAVE_OPENAT 1
| #define HAVE_PCLOSE 1
| #define HAVE_POPEN 1
| #define HAVE_READLINK 1
| #define HAVE_ISWCTYPE 1
| #define HAVE_SETENV 1
| #define HAVE_SIGACTION 1
| #define HAVE_SIGALTSTACK 1
| #define HAVE_SIGINTERRUPT 1
| #define HAVE_SETRLIMIT 1
| #define HAVE_GETRLIMIT 1
| #define HAVE___XPG_STRERROR_R 1
| #define HAVE_STRPTIME 1
| #define HAVE_STRTOIMAX 1
| #define HAVE_LOCALTIME_R 1
| #define HAVE_WCRTOMB 1
| #define HAVE_WCWIDTH 1
| #define HAVE_PIPE 1
| #define HAVE_PSELECT 1
| #define HAVE_PTHREAD_SIGMASK 1
| #define HAVE_SLEEP 1
| #define HAVE_SNPRINTF 1
| #define HAVE_SHUTDOWN 1
| #define HAVE_UNLINKAT 1
| #define HAVE_WCTOB 1
| #define HAVE_SIGPROCMASK 1
| #define HAVE_FORK 1
| #define HAVE_VFORK 1
| #define HAVE_LANGINFO_CODESET 1
| #define BITSIZEOF_WCHAR_T 32
| #define HAVE_MBSTATE_T 1
| #define HAVE_WORKING_MBRTOC32 1
| #define HAVE_WORKING_C32RTOMB 1
| #define HAVE_MALLOC_PTRDIFF 1
| #define HAVE_MALLOC_POSIX 1
| #define restrict __restrict__
| #define HAVE_ENVIRON_DECL 1
| #define HAVE_ERROR 1
| #define HAVE_DECL_STRERROR_R 1
| #define HAVE_STRERROR_R 1
| #define STRERROR_R_CHAR_P 1
| #define HAVE_DECL_FCHDIR 1
| #define HAVE_WORKING_O_NOATIME 1
| #define HAVE_WORKING_O_NOFOLLOW 1
| #define HAVE_MEMPCPY 1
| #define FUNC_FFLUSH_STDIN 0
| #define LSTAT_FOLLOWS_SLASHED_SYMLINK 1
| #define HAVE_DECL_GETDTABLESIZE 1
| #define HAVE_GETOPT_H 1
| #define HAVE_GETOPT_LONG_ONLY 1
| #define HAVE_PTHREAD_API 1
| #define SETLOCALE_NULL_ALL_MTSAFE 1
| #define SETLOCALE_NULL_ONE_MTSAFE 1
| #ifndef __x86_64__
| #define __x86_64__ 1
| #endif
| #ifndef __x86_64__
| #define __x86_64__ 1
| #endif
| #define HAVE_LONG_LONG_INT 1
| #define HAVE_UNSIGNED_LONG_LONG_INT 1
| #define HAVE_TOWLOWER 1
| #define HAVE_LC_MESSAGES 1
| #define HAVE_WEAK_SYMBOLS 1
| #define USE_POSIX_THREADS 1
| #define USE_POSIX_THREADS_FROM_LIBC 1
| #define HAVE_MALLOC_0_NONNULL 1
| #define HAVE_MAP_ANONYMOUS 1
| #define HAVE_DECL_MEMRCHR 1
| #define HAVE_MINMAX_IN_SYS_PARAM_H 1
| #define TIME_T_IS_SIGNED 1
| #define HAVE_DECL_ALARM 1
| #define HAVE_STRUCT_TM_TM_GMTOFF 1
| #define HAVE_STRUCT_TM_TM_ZONE 1
| #define HAVE_TM_GMTOFF 1
| #define PROMOTED_MODE_T mode_t
| /* end confdefs.h.  */
| #include <stddef.h>
| #ifdef HAVE_STDIO_H
| # include <stdio.h>
| #endif
| #ifdef HAVE_STDLIB_H
| # include <stdlib.h>
| #endif
| #ifdef HAVE_STRING_H
| # include <string.h>
| #endif
| #ifdef HAVE_INTTYPES_H
| # include <inttypes.h>
| #endif
| #ifdef HAVE_STDINT_H
| # include <stdint.h>
| #endif
| #ifdef HAVE_STRINGS_H
| # include <strings.h>
| #endif
| #ifdef HAVE_SYS_TYPES_H
| # include <sys/types.h>
| #endif
| #ifdef HAVE_SYS_STAT_H
| # include <sys/stat.h>
| #endif
| #ifdef HAVE_UNISTD_H
| # include <unistd.h>
| #endif
|      #if HAVE_PTHREAD_H
|       #include <pthread.h>
|      #endif
| 
| int
| main (void)
| {
| if (sizeof ((pthread_t)))
| 	    return 0;
|   ;
|   return 0;
| }
configure:25078: result: yes
configure:25090: checking for pthread_spinlock_t
configure:25090: gcc -c -g -O2  conftest.c >&5
configure:25090: $? = 0
configure:25090: gcc -c -g -O2  conftest.c >&5
conftest.c: In function 'main':
conftest.c:203:33: error: expected expression before ')' token
  203 | if (sizeof ((pthread_spinlock_t)))
      |                                 ^
configure:25090: $? = 1
configure: failed program was:
| /* confdefs.h */
| #define PACKAGE_NAME "GNU diffutils"
| #define PACKAGE_TARNAME "diffutils"
| #define PACKAGE_VERSION "3.12"
| #define PACKAGE_STRING "GNU diffutils 3.12"
| #define PACKAGE_BUGREPORT "bug-diffutils@gnu.org"
| #define PACKAGE_URL "https://www.gnu.org/software/diffutils/"
| #define PACKAGE "diffutils"
| #define VERSION "3.12"
| #define HAVE_STDIO_H 1
| #define HAVE_STDLIB_H 1
| #define HAVE_STRING_H 1
| #define HAVE_INTTYPES_H 1
| #define HAVE_STDINT_H 1
| #define HAVE_STRINGS_H 1
| #define HAVE_SYS_STAT_H 1
| #define HAVE_SYS_TYPES_H 1
| #define HAVE_UNISTD_H 1
| #define HAVE_WCHAR_H 1
| #define HAVE_STDBOOL_H 1
| #define HAVE_UCHAR_H 1
| #define HAVE_SYS_PARAM_H 1
| #define HAVE_SYS_SOCKET_H 1
| #define HAVE_DIRENT_H 1
| #define HAVE_ERROR_H 1
| #define HAVE_FNMATCH_H 1
| #define HAVE_GETOPT_H 1
| #define HAVE_SYS_TIME_H 1
| #define HAVE_THREADS_H 1
| #define HAVE_LIMITS_H 1
| #define HAVE_WCTYPE_H 1
| #define HAVE_LANGINFO_H 1
| #define HAVE_SYS_MMAN_H 1
| #define HAVE_PTHREAD_H 1
| #define HAVE_MALLOC_H 1
| #define HAVE_STDBIT_H 1
| #define HAVE_SYS_RANDOM_H 1
| #define HAVE_SYS_WAIT_H 1
| #define HAVE_FEATURES_H 1
| #define HAVE_ARPA_INET_H 1
| #define HAVE_NETDB_H 1
| #define HAVE_NETINET_IN_H 1
| #define HAVE_MATH_H 1
| #define HAVE_SYS_SELECT_H 1
| #define HAVE_SEMAPHORE_H 1
| #define HAVE_SYS_IOCTL_H 1
| #define HAVE_SYS_UN_H 1
| #define HAVE_SYS_UIO_H 1
| #define STDC_HEADERS 1
| #define _ALL_SOURCE 1
| #define _COSMO_SOURCE 1
| #define _DARWIN_C_SOURCE 1
| #define _GNU_SOURCE 1
| #define _HPUX_ALT_XOPEN_SOCKET_API 1
| #define _NETBSD_SOURCE 1
| #define _OPENBSD_SOURCE 1
| #define _POSIX_PTHREAD_SEMANTICS 1
| #define __STDC_WANT_IEC_60559_ATTRIBS_EXT__ 1
| #define __STDC_WANT_IEC_60559_BFP_EXT__ 1
| #define __STDC_WANT_IEC_60559_DFP_EXT__ 1
| #define __STDC_WANT_IEC_60559_EXT__ 1
| #define __STDC_WANT_IEC_60559_FUNCS_EXT__ 1
| #define __STDC_WANT_IEC_60559_TYPES_EXT__ 1
| #define __STDC_WANT_LIB_EXT2__ 1
| #define __STDC_WANT_MATH_SPEC_FUNCS__ 1
| #define _TANDEM_SOURCE 1
| #define __EXTENSIONS__ 1
| #define _LINUX_SOURCE_COMPAT 1
| #define __USE_MINGW_ANSI_STDIO 1
| #define HAVE_ALLOCA_H 1
| #define HAVE_ALLOCA 1
| #define HAVE_WINT_T 1
| #define HAVE_BTOWC 1
| #define HAVE_MBRTOWC 1
| #define HAVE_MBSINIT 1
| #define HAVE_FCHDIR 1
| #define HAVE_FCNTL 1
| #define HAVE_SYMLINK 1
| #define HAVE_FDOPENDIR 1
| #define HAVE_FNMATCH 1
| #define HAVE_MBSRTOWCS 1
| #define HAVE_FSTATAT 1
| #define HAVE_GETDTABLESIZE 1
| #define HAVE_GETTIMEOFDAY 1
| #define HAVE_ISBLANK 1
| #define HAVE_ISWCNTRL 1
| #define HAVE_LSTAT 1
| #define HAVE_MPROTECT 1
| #define HAVE_MKSTEMP 1
| #define HAVE_OPENAT 1
| #define HAVE_PCLOSE 1
| #define HAVE_POPEN 1
| #define HAVE_READLINK 1
| #define HAVE_ISWCTYPE 1
| #define HAVE_SETENV 1
| #define HAVE_SIGACTION 1
| #define HAVE_SIGALTSTACK 1
| #define HAVE_SIGINTERRUPT 1
| #define HAVE_SETRLIMIT 1
| #define HAVE_GETRLIMIT 1
| #define HAVE___XPG_STRERROR_R 1
| #define HAVE_STRPTIME 1
| #define HAVE_STRTOIMAX 1
| #define HAVE_LOCALTIME_R 1
| #define HAVE_WCRTOMB 1
| #define HAVE_WCWIDTH 1
| #define HAVE_PIPE 1
| #define HAVE_PSELECT 1
| #define HAVE_PTHREAD_SIGMASK 1
| #define HAVE_SLEEP 1
| #define HAVE_SNPRINTF 1
| #define HAVE_SHUTDOWN 1
| #define HAVE_UNLINKAT 1
| #define HAVE_WCTOB 1
| #define HAVE_SIGPROCMASK 1
| #define HAVE_FORK 1
| #define HAVE_VFORK 1
| #define HAVE_LANGINFO_CODESET 1
| #define BITSIZEOF_WCHAR_T 32
| #define HAVE_MBSTATE_T 1
| #define HAVE_WORKING_MBRTOC32 1
| #define HAVE_WORKING_C32RTOMB 1
| #define HAVE_MALLOC_PTRDIFF 1
| #define HAVE_MALLOC_POSIX 1
| #define restrict __restrict__
| #define HAVE_ENVIRON_DECL 1
| #define HAVE_ERROR 1
| #define HAVE_DECL_STRERROR_R 1
| #define HAVE_STRERROR_R 1
| #define STRERROR_R_CHAR_P 1
| #define HAVE_DECL_FCHDIR 1
| #define HAVE_WORKING_O_NOATIME 1
| #define HAVE_WORKING_O_NOFOLLOW 1
| #define HAVE_MEMPCPY 1
| #define FUNC_FFLUSH_STDIN 0
| #define LSTAT_FOLLOWS_SLASHED_SYMLINK 1
| #define HAVE_DECL_GETDTABLESIZE 1
| #define HAVE_GETOPT_H 1
| #define HAVE_GETOPT_LONG_ONLY 1
| #define HAVE_PTHREAD_API 1
| #define SETLOCALE_NULL_ALL_MTSAFE 1
| #define SETLOCALE_NULL_ONE_MTSAFE 1
| #ifndef __x86_64__
| #define __x86_64__ 1
| #endif
| #ifndef __x86_64__
| #define __x86_64__ 1
| #endif
| #define HAVE_LONG_LONG_INT 1
| #define HAVE_UNSIGNED_LONG_LONG_INT 1
| #define HAVE_TOWLOWER 1
| #define HAVE_LC_MESSAGES 1
| #define HAVE_WEAK_SYMBOLS 1
| #define USE_POSIX_THREADS 1
| #define USE_POSIX_THREADS_FROM_LIBC 1
| #define HAVE_MALLOC_0_NONNULL 1
| #define HAVE_MAP_ANONYMOUS 1
| #define HAVE_DECL_MEMRCHR 1
| #define HAVE_MINMAX_IN_SYS_PARAM_H 1
| #define TIME_T_IS_SIGNED 1
| #define HAVE_DECL_ALARM 1
| #define HAVE_STRUCT_TM_TM_GMTOFF 1
| #define HAVE_STRUCT_TM_TM_ZONE 1
| #define HAVE_TM_GMTOFF 1
| #define PROMOTED_MODE_T mode_t
| #define HAVE_PTHREAD_T 1
| /* end confdefs.h.  */
| #include <stddef.h>
| #ifdef HAVE_STDIO_H
| # include <stdio.h>
| #endif
| #ifdef HAVE_STDLIB_H
| # include <stdlib.h>
| #endif
| #ifdef HAVE_STRING_H
| # include <string.h>
| #endif
| #ifdef HAVE_INTTYPES_H
| # include <inttypes.h>
| #endif
| #ifdef HAVE_STDINT_H
| # include <stdint.h>
| #endif
| #ifdef HAVE_STRINGS_H
| # include <strings.h>
| #endif
| #ifdef HAVE_SYS_TYPES_H
| # include <sys/types.h>
| #endif
| #ifdef HAVE_SYS_STAT_H
| # include <sys/stat.h>
| #endif
| #ifdef HAVE_UNISTD_H
| # include <unistd.h>
| #endif
|      #if HAVE_PTHREAD_H
|       #include <pthread.h>
|      #endif
| 
| int
| main (void)
| {
| if (sizeof ((pthread_spinlock_t)))
| 	    return 0;
|   ;
|   return 0;
| }
configure:25090: result: yes
configure:25131: checking for pthread_spin_init
configure:25154: gcc -o conftest -g -O2   conftest.c   >&5
configure:25154: $? = 0
configure:25167: result: yes
configure:25237: checking for sigset_t
configure:25237: gcc -c -g -O2  conftest.c >&5
configure:25237: $? = 0
configure:25237: gcc -c -g -O2  conftest.c >&5
conftest.c: In function 'main':
conftest.c:178:23: error: expected expression before ')' token
  178 | if (sizeof ((sigset_t)))
      |                       ^
configure:25237: $? = 1
configure: failed program was:
| /* confdefs.h */
| #define PACKAGE_NAME "GNU diffutils"
| #define PACKAGE_TARNAME "diffutils"
| #define PACKAGE_VERSION "3.12"
| #define PACKAGE_STRING "GNU diffutils 3.12"
| #define PACKAGE_BUGREPORT "bug-diffutils@gnu.org"
| #define PACKAGE_URL "https://www.gnu.org/software/diffutils/"
| #define PACKAGE "diffutils"
| #define VERSION "3.12"
| #define HAVE_STDIO_H 1
| #define HAVE_STDLIB_H 1
| #define HAVE_STRING_H 1
| #define HAVE_INTTYPES_H 1
| #define HAVE_STDINT_H 1
| #define HAVE_STRINGS_H 1
| #define HAVE_SYS_STAT_H 1
| #define HAVE_SYS_TYPES_H 1
| #define HAVE_UNISTD_H 1
| #define HAVE_WCHAR_H 1
| #define HAVE_STDBOOL_H 1
| #define HAVE_UCHAR_H 1
| #define HAVE_SYS_PARAM_H 1
| #define HAVE_SYS_SOCKET_H 1
| #define HAVE_DIRENT_H 1
| #define HAVE_ERROR_H 1
| #define HAVE_FNMATCH_H 1
| #define HAVE_GETOPT_H 1
| #define HAVE_SYS_TIME_H 1
| #define HAVE_THREADS_H 1
| #define HAVE_LIMITS_H 1
| #define HAVE_WCTYPE_H 1
| #define HAVE_LANGINFO_H 1
| #define HAVE_SYS_MMAN_H 1
| #define HAVE_PTHREAD_H 1
| #define HAVE_MALLOC_H 1
| #define HAVE_STDBIT_H 1
| #define HAVE_SYS_RANDOM_H 1
| #define HAVE_SYS_WAIT_H 1
| #define HAVE_FEATURES_H 1
| #define HAVE_ARPA_INET_H 1
| #define HAVE_NETDB_H 1
| #define HAVE_NETINET_IN_H 1
| #define HAVE_MATH_H 1
| #define HAVE_SYS_SELECT_H 1
| #define HAVE_SEMAPHORE_H 1
| #define HAVE_SYS_IOCTL_H 1
| #define HAVE_SYS_UN_H 1
| #define HAVE_SYS_UIO_H 1
| #define STDC_HEADERS 1
| #define _ALL_SOURCE 1
| #define _COSMO_SOURCE 1
| #define _DARWIN_C_SOURCE 1
| #define _GNU_SOURCE 1
| #define _HPUX_ALT_XOPEN_SOCKET_API 1
| #define _NETBSD_SOURCE 1
| #define _OPENBSD_SOURCE 1
| #define _POSIX_PTHREAD_SEMANTICS 1
| #define __STDC_WANT_IEC_60559_ATTRIBS_EXT__ 1
| #define __STDC_WANT_IEC_60559_BFP_EXT__ 1
| #define __STDC_WANT_IEC_60559_DFP_EXT__ 1
| #define __STDC_WANT_IEC_60559_EXT__ 1
| #define __STDC_WANT_IEC_60559_FUNCS_EXT__ 1
| #define __STDC_WANT_IEC_60559_TYPES_EXT__ 1
| #define __STDC_WANT_LIB_EXT2__ 1
| #define __STDC_WANT_MATH_SPEC_FUNCS__ 1
| #define _TANDEM_SOURCE 1
| #define __EXTENSIONS__ 1
| #define _LINUX_SOURCE_COMPAT 1
| #define __USE_MINGW_ANSI_STDIO 1
| #define HAVE_ALLOCA_H 1
| #define HAVE_ALLOCA 1
| #define HAVE_WINT_T 1
| #define HAVE_BTOWC 1
| #define HAVE_MBRTOWC 1
| #define HAVE_MBSINIT 1
| #define HAVE_FCHDIR 1
| #define HAVE_FCNTL 1
| #define HAVE_SYMLINK 1
| #define HAVE_FDOPENDIR 1
| #define HAVE_FNMATCH 1
| #define HAVE_MBSRTOWCS 1
| #define HAVE_FSTATAT 1
| #define HAVE_GETDTABLESIZE 1
| #define HAVE_GETTIMEOFDAY 1
| #define HAVE_ISBLANK 1
| #define HAVE_ISWCNTRL 1
| #define HAVE_LSTAT 1
| #define HAVE_MPROTECT 1
| #define HAVE_MKSTEMP 1
| #define HAVE_OPENAT 1
| #define HAVE_PCLOSE 1
| #define HAVE_POPEN 1
| #define HAVE_READLINK 1
| #define HAVE_ISWCTYPE 1
| #define HAVE_SETENV 1
| #define HAVE_SIGACTION 1
| #define HAVE_SIGALTSTACK 1
| #define HAVE_SIGINTERRUPT 1
| #define HAVE_SETRLIMIT 1
| #define HAVE_GETRLIMIT 1
| #define HAVE___XPG_STRERROR_R 1
| #define HAVE_STRPTIME 1
| #define HAVE_STRTOIMAX 1
| #define HAVE_LOCALTIME_R 1
| #define HAVE_WCRTOMB 1
| #define HAVE_WCWIDTH 1
| #define HAVE_PIPE 1
| #define HAVE_PSELECT 1
| #define HAVE_PTHREAD_SIGMASK 1
| #define HAVE_SLEEP 1
| #define HAVE_SNPRINTF 1
| #define HAVE_SHUTDOWN 1
| #define HAVE_UNLINKAT 1
| #define HAVE_WCTOB 1
| #define HAVE_SIGPROCMASK 1
| #define HAVE_FORK 1
| #define HAVE_VFORK 1
| #define HAVE_LANGINFO_CODESET 1
| #define BITSIZEOF_WCHAR_T 32
| #define HAVE_MBSTATE_T 1
| #define HAVE_WORKING_MBRTOC32 1
| #define HAVE_WORKING_C32RTOMB 1
| #define HAVE_MALLOC_PTRDIFF 1
| #define HAVE_MALLOC_POSIX 1
| #define restrict __restrict__
| #define HAVE_ENVIRON_DECL 1
| #define HAVE_ERROR 1
| #define HAVE_DECL_STRERROR_R 1
| #define HAVE_STRERROR_R 1
| #define STRERROR_R_CHAR_P 1
| #define HAVE_DECL_FCHDIR 1
| #define HAVE_WORKING_O_NOATIME 1
| #define HAVE_WORKING_O_NOFOLLOW 1
| #define HAVE_MEMPCPY 1
| #define FUNC_FFLUSH_STDIN 0
| #define LSTAT_FOLLOWS_SLASHED_SYMLINK 1
| #define HAVE_DECL_GETDTABLESIZE 1
| #define HAVE_GETOPT_H 1
| #define HAVE_GETOPT_LONG_ONLY 1
| #define HAVE_PTHREAD_API 1
| #define SETLOCALE_NULL_ALL_MTSAFE 1
| #define SETLOCALE_NULL_ONE_MTSAFE 1
| #ifndef __x86_64__
| #define __x86_64__ 1
| #endif
| #ifndef __x86_64__
| #define __x86_64__ 1
| #endif
| #define HAVE_LONG_LONG_INT 1
| #define HAVE_UNSIGNED_LONG_LONG_INT 1
| #define HAVE_TOWLOWER 1
| #define HAVE_LC_MESSAGES 1
| #define HAVE_WEAK_SYMBOLS 1
| #define USE_POSIX_THREADS 1
| #define USE_POSIX_THREADS_FROM_LIBC 1
| #define HAVE_MALLOC_0_NONNULL 1
| #define HAVE_MAP_ANONYMOUS 1
| #define HAVE_DECL_MEMRCHR 1
| #define HAVE_MINMAX_IN_SYS_PARAM_H 1
| #define TIME_T_IS_SIGNED 1
| #define HAVE_DECL_ALARM 1
| #define HAVE_STRUCT_TM_TM_GMTOFF 1
| #define HAVE_STRUCT_TM_TM_ZONE 1
| #define HAVE_TM_GMTOFF 1
| #define PROMOTED_MODE_T mode_t
| #define HAVE_PTHREAD_T 1
| #define HAVE_PTHREAD_SPINLOCK_T 1
| /* end confdefs.h.  */
| 
|       #include <signal.h>
|       /* Mingw defines sigset_t not in <signal.h>, but in <sys/types.h>.  */
|       #include <sys/types.h>
| 
| 
| int
| main (void)
| {
| if (sizeof ((sigset_t)))
| 	    return 0;
|   ;
|   return 0;
| }
configure:25237: result: yes
configure:25286: checking whether realloc should abort upon undefined behaviour
configure:25295: result: no
configure:25311: checking for sched.h
configure:25311: gcc -c -g -O2  conftest.c >&5
configure:25311: $? = 0
configure:25311: result: yes
configure:25404: checking for struct sched_param
configure:25404: gcc -c -g -O2  conftest.c >&5
configure:25404: $? = 0
configure:25404: gcc -c -g -O2  conftest.c >&5
conftest.c: In function 'main':
conftest.c:180:33: error: expected expression before ')' token
  180 | if (sizeof ((struct sched_param)))
      |                                 ^
configure:25404: $? = 1
configure: failed program was:
| /* confdefs.h */
| #define PACKAGE_NAME "GNU diffutils"
| #define PACKAGE_TARNAME "diffutils"
| #define PACKAGE_VERSION "3.12"
| #define PACKAGE_STRING "GNU diffutils 3.12"
| #define PACKAGE_BUGREPORT "bug-diffutils@gnu.org"
| #define PACKAGE_URL "https://www.gnu.org/software/diffutils/"
| #define PACKAGE "diffutils"
| #define VERSION "3.12"
| #define HAVE_STDIO_H 1
| #define HAVE_STDLIB_H 1
| #define HAVE_STRING_H 1
| #define HAVE_INTTYPES_H 1
| #define HAVE_STDINT_H 1
| #define HAVE_STRINGS_H 1
| #define HAVE_SYS_STAT_H 1
| #define HAVE_SYS_TYPES_H 1
| #define HAVE_UNISTD_H 1
| #define HAVE_WCHAR_H 1
| #define HAVE_STDBOOL_H 1
| #define HAVE_UCHAR_H 1
| #define HAVE_SYS_PARAM_H 1
| #define HAVE_SYS_SOCKET_H 1
| #define HAVE_DIRENT_H 1
| #define HAVE_ERROR_H 1
| #define HAVE_FNMATCH_H 1
| #define HAVE_GETOPT_H 1
| #define HAVE_SYS_TIME_H 1
| #define HAVE_THREADS_H 1
| #define HAVE_LIMITS_H 1
| #define HAVE_WCTYPE_H 1
| #define HAVE_LANGINFO_H 1
| #define HAVE_SYS_MMAN_H 1
| #define HAVE_PTHREAD_H 1
| #define HAVE_MALLOC_H 1
| #define HAVE_STDBIT_H 1
| #define HAVE_SYS_RANDOM_H 1
| #define HAVE_SYS_WAIT_H 1
| #define HAVE_FEATURES_H 1
| #define HAVE_ARPA_INET_H 1
| #define HAVE_NETDB_H 1
| #define HAVE_NETINET_IN_H 1
| #define HAVE_MATH_H 1
| #define HAVE_SYS_SELECT_H 1
| #define HAVE_SEMAPHORE_H 1
| #define HAVE_SYS_IOCTL_H 1
| #define HAVE_SYS_UN_H 1
| #define HAVE_SYS_UIO_H 1
| #define STDC_HEADERS 1
| #define _ALL_SOURCE 1
| #define _COSMO_SOURCE 1
| #define _DARWIN_C_SOURCE 1
| #define _GNU_SOURCE 1
| #define _HPUX_ALT_XOPEN_SOCKET_API 1
| #define _NETBSD_SOURCE 1
| #define _OPENBSD_SOURCE 1
| #define _POSIX_PTHREAD_SEMANTICS 1
| #define __STDC_WANT_IEC_60559_ATTRIBS_EXT__ 1
| #define __STDC_WANT_IEC_60559_BFP_EXT__ 1
| #define __STDC_WANT_IEC_60559_DFP_EXT__ 1
| #define __STDC_WANT_IEC_60559_EXT__ 1
| #define __STDC_WANT_IEC_60559_FUNCS_EXT__ 1
| #define __STDC_WANT_IEC_60559_TYPES_EXT__ 1
| #define __STDC_WANT_LIB_EXT2__ 1
| #define __STDC_WANT_MATH_SPEC_FUNCS__ 1
| #define _TANDEM_SOURCE 1
| #define __EXTENSIONS__ 1
| #define _LINUX_SOURCE_COMPAT 1
| #define __USE_MINGW_ANSI_STDIO 1
| #define HAVE_ALLOCA_H 1
| #define HAVE_ALLOCA 1
| #define HAVE_WINT_T 1
| #define HAVE_BTOWC 1
| #define HAVE_MBRTOWC 1
| #define HAVE_MBSINIT 1
| #define HAVE_FCHDIR 1
| #define HAVE_FCNTL 1
| #define HAVE_SYMLINK 1
| #define HAVE_FDOPENDIR 1
| #define HAVE_FNMATCH 1
| #define HAVE_MBSRTOWCS 1
| #define HAVE_FSTATAT 1
| #define HAVE_GETDTABLESIZE 1
| #define HAVE_GETTIMEOFDAY 1
| #define HAVE_ISBLANK 1
| #define HAVE_ISWCNTRL 1
| #define HAVE_LSTAT 1
| #define HAVE_MPROTECT 1
| #define HAVE_MKSTEMP 1
| #define HAVE_OPENAT 1
| #define HAVE_PCLOSE 1
| #define HAVE_POPEN 1
| #define HAVE_READLINK 1
| #define HAVE_ISWCTYPE 1
| #define HAVE_SETENV 1
| #define HAVE_SIGACTION 1
| #define HAVE_SIGALTSTACK 1
| #define HAVE_SIGINTERRUPT 1
| #define HAVE_SETRLIMIT 1
| #define HAVE_GETRLIMIT 1
| #define HAVE___XPG_STRERROR_R 1
| #define HAVE_STRPTIME 1
| #define HAVE_STRTOIMAX 1
| #define HAVE_LOCALTIME_R 1
| #define HAVE_WCRTOMB 1
| #define HAVE_WCWIDTH 1
| #define HAVE_PIPE 1
| #define HAVE_PSELECT 1
| #define HAVE_PTHREAD_SIGMASK 1
| #define HAVE_SLEEP 1
| #define HAVE_SNPRINTF 1
| #define HAVE_SHUTDOWN 1
| #define HAVE_UNLINKAT 1
| #define HAVE_WCTOB 1
| #define HAVE_SIGPROCMASK 1
| #define HAVE_FORK 1
| #define HAVE_VFORK 1
| #define HAVE_LANGINFO_CODESET 1
| #define BITSIZEOF_WCHAR_T 32
| #define HAVE_MBSTATE_T 1
| #define HAVE_WORKING_MBRTOC32 1
| #define HAVE_WORKING_C32RTOMB 1
| #define HAVE_MALLOC_PTRDIFF 1
| #define HAVE_MALLOC_POSIX 1
| #define restrict __restrict__
| #define HAVE_ENVIRON_DECL 1
| #define HAVE_ERROR 1
| #define HAVE_DECL_STRERROR_R 1
| #define HAVE_STRERROR_R 1
| #define STRERROR_R_CHAR_P 1
| #define HAVE_DECL_FCHDIR 1
| #define HAVE_WORKING_O_NOATIME 1
| #define HAVE_WORKING_O_NOFOLLOW 1
| #define HAVE_MEMPCPY 1
| #define FUNC_FFLUSH_STDIN 0
| #define LSTAT_FOLLOWS_SLASHED_SYMLINK 1
| #define HAVE_DECL_GETDTABLESIZE 1
| #define HAVE_GETOPT_H 1
| #define HAVE_GETOPT_LONG_ONLY 1
| #define HAVE_PTHREAD_API 1
| #define SETLOCALE_NULL_ALL_MTSAFE 1
| #define SETLOCALE_NULL_ONE_MTSAFE 1
| #ifndef __x86_64__
| #define __x86_64__ 1
| #endif
| #ifndef __x86_64__
| #define __x86_64__ 1
| #endif
| #define HAVE_LONG_LONG_INT 1
| #define HAVE_UNSIGNED_LONG_LONG_INT 1
| #define HAVE_TOWLOWER 1
| #define HAVE_LC_MESSAGES 1
| #define HAVE_WEAK_SYMBOLS 1
| #define USE_POSIX_THREADS 1
| #define USE_POSIX_THREADS_FROM_LIBC 1
| #define HAVE_MALLOC_0_NONNULL 1
| #define HAVE_MAP_ANONYMOUS 1
| #define HAVE_DECL_MEMRCHR 1
| #define HAVE_MINMAX_IN_SYS_PARAM_H 1
| #define TIME_T_IS_SIGNED 1
| #define HAVE_DECL_ALARM 1
| #define HAVE_STRUCT_TM_TM_GMTOFF 1
| #define HAVE_STRUCT_TM_TM_ZONE 1
| #define HAVE_TM_GMTOFF 1
| #define PROMOTED_MODE_T mode_t
| #define HAVE_PTHREAD_T 1
| #define HAVE_PTHREAD_SPINLOCK_T 1
| #define HAVE_SIGSET_T 1
| #define HAVE_SCHED_H 1
| /* end confdefs.h.  */
| #if HAVE_SYS_CDEFS_H
|          #include <sys/cdefs.h>
|         #endif
|         #include <sched.h>
| 
| 
| int
| main (void)
| {
| if (sizeof ((struct sched_param)))
| 	    return 0;
|   ;
|   return 0;
| }
configure:25404: result: yes
configure:25455: checking whether setenv is declared
configure:25455: gcc -c -g -O2   conftest.c >&5
configure:25455: $? = 0
configure:25455: result: yes
configure:25466: checking whether _putenv is declared
configure:25466: gcc -c -g -O2   conftest.c >&5
conftest.c: In function 'main':
conftest.c:207:10: error: '_putenv' undeclared (first use in this function); did you mean 'putenv'?
  207 |   (void) _putenv;
      |          ^~~~~~~
      |          putenv
conftest.c:207:10: note: each undeclared identifier is reported only once for each function it appears in
configure:25466: $? = 1
configure: failed program was:
| /* confdefs.h */
| #define PACKAGE_NAME "GNU diffutils"
| #define PACKAGE_TARNAME "diffutils"
| #define PACKAGE_VERSION "3.12"
| #define PACKAGE_STRING "GNU diffutils 3.12"
| #define PACKAGE_BUGREPORT "bug-diffutils@gnu.org"
| #define PACKAGE_URL "https://www.gnu.org/software/diffutils/"
| #define PACKAGE "diffutils"
| #define VERSION "3.12"
| #define HAVE_STDIO_H 1
| #define HAVE_STDLIB_H 1
| #define HAVE_STRING_H 1
| #define HAVE_INTTYPES_H 1
| #define HAVE_STDINT_H 1
| #define HAVE_STRINGS_H 1
| #define HAVE_SYS_STAT_H 1
| #define HAVE_SYS_TYPES_H 1
| #define HAVE_UNISTD_H 1
| #define HAVE_WCHAR_H 1
| #define HAVE_STDBOOL_H 1
| #define HAVE_UCHAR_H 1
| #define HAVE_SYS_PARAM_H 1
| #define HAVE_SYS_SOCKET_H 1
| #define HAVE_DIRENT_H 1
| #define HAVE_ERROR_H 1
| #define HAVE_FNMATCH_H 1
| #define HAVE_GETOPT_H 1
| #define HAVE_SYS_TIME_H 1
| #define HAVE_THREADS_H 1
| #define HAVE_LIMITS_H 1
| #define HAVE_WCTYPE_H 1
| #define HAVE_LANGINFO_H 1
| #define HAVE_SYS_MMAN_H 1
| #define HAVE_PTHREAD_H 1
| #define HAVE_MALLOC_H 1
| #define HAVE_STDBIT_H 1
| #define HAVE_SYS_RANDOM_H 1
| #define HAVE_SYS_WAIT_H 1
| #define HAVE_FEATURES_H 1
| #define HAVE_ARPA_INET_H 1
| #define HAVE_NETDB_H 1
| #define HAVE_NETINET_IN_H 1
| #define HAVE_MATH_H 1
| #define HAVE_SYS_SELECT_H 1
| #define HAVE_SEMAPHORE_H 1
| #define HAVE_SYS_IOCTL_H 1
| #define HAVE_SYS_UN_H 1
| #define HAVE_SYS_UIO_H 1
| #define STDC_HEADERS 1
| #define _ALL_SOURCE 1
| #define _COSMO_SOURCE 1
| #define _DARWIN_C_SOURCE 1
| #define _GNU_SOURCE 1
| #define _HPUX_ALT_XOPEN_SOCKET_API 1
| #define _NETBSD_SOURCE 1
| #define _OPENBSD_SOURCE 1
| #define _POSIX_PTHREAD_SEMANTICS 1
| #define __STDC_WANT_IEC_60559_ATTRIBS_EXT__ 1
| #define __STDC_WANT_IEC_60559_BFP_EXT__ 1
| #define __STDC_WANT_IEC_60559_DFP_EXT__ 1
| #define __STDC_WANT_IEC_60559_EXT__ 1
| #define __STDC_WANT_IEC_60559_FUNCS_EXT__ 1
| #define __STDC_WANT_IEC_60559_TYPES_EXT__ 1
| #define __STDC_WANT_LIB_EXT2__ 1
| #define __STDC_WANT_MATH_SPEC_FUNCS__ 1
| #define _TANDEM_SOURCE 1
| #define __EXTENSIONS__ 1
| #define _LINUX_SOURCE_COMPAT 1
| #define __USE_MINGW_ANSI_STDIO 1
| #define HAVE_ALLOCA_H 1
| #define HAVE_ALLOCA 1
| #define HAVE_WINT_T 1
| #define HAVE_BTOWC 1
| #define HAVE_MBRTOWC 1
| #define HAVE_MBSINIT 1
| #define HAVE_FCHDIR 1
| #define HAVE_FCNTL 1
| #define HAVE_SYMLINK 1
| #define HAVE_FDOPENDIR 1
| #define HAVE_FNMATCH 1
| #define HAVE_MBSRTOWCS 1
| #define HAVE_FSTATAT 1
| #define HAVE_GETDTABLESIZE 1
| #define HAVE_GETTIMEOFDAY 1
| #define HAVE_ISBLANK 1
| #define HAVE_ISWCNTRL 1
| #define HAVE_LSTAT 1
| #define HAVE_MPROTECT 1
| #define HAVE_MKSTEMP 1
| #define HAVE_OPENAT 1
| #define HAVE_PCLOSE 1
| #define HAVE_POPEN 1
| #define HAVE_READLINK 1
| #define HAVE_ISWCTYPE 1
| #define HAVE_SETENV 1
| #define HAVE_SIGACTION 1
| #define HAVE_SIGALTSTACK 1
| #define HAVE_SIGINTERRUPT 1
| #define HAVE_SETRLIMIT 1
| #define HAVE_GETRLIMIT 1
| #define HAVE___XPG_STRERROR_R 1
| #define HAVE_STRPTIME 1
| #define HAVE_STRTOIMAX 1
| #define HAVE_LOCALTIME_R 1
| #define HAVE_WCRTOMB 1
| #define HAVE_WCWIDTH 1
| #define HAVE_PIPE 1
| #define HAVE_PSELECT 1
| #define HAVE_PTHREAD_SIGMASK 1
| #define HAVE_SLEEP 1
| #define HAVE_SNPRINTF 1
| #define HAVE_SHUTDOWN 1
| #define HAVE_UNLINKAT 1
| #define HAVE_WCTOB 1
| #define HAVE_SIGPROCMASK 1
| #define HAVE_FORK 1
| #define HAVE_VFORK 1
| #define HAVE_LANGINFO_CODESET 1
| #define BITSIZEOF_WCHAR_T 32
| #define HAVE_MBSTATE_T 1
| #define HAVE_WORKING_MBRTOC32 1
| #define HAVE_WORKING_C32RTOMB 1
| #define HAVE_MALLOC_PTRDIFF 1
| #define HAVE_MALLOC_POSIX 1
| #define restrict __restrict__
| #define HAVE_ENVIRON_DECL 1
| #define HAVE_ERROR 1
| #define HAVE_DECL_STRERROR_R 1
| #define HAVE_STRERROR_R 1
| #define STRERROR_R_CHAR_P 1
| #define HAVE_DECL_FCHDIR 1
| #define HAVE_WORKING_O_NOATIME 1
| #define HAVE_WORKING_O_NOFOLLOW 1
| #define HAVE_MEMPCPY 1
| #define FUNC_FFLUSH_STDIN 0
| #define LSTAT_FOLLOWS_SLASHED_SYMLINK 1
| #define HAVE_DECL_GETDTABLESIZE 1
| #define HAVE_GETOPT_H 1
| #define HAVE_GETOPT_LONG_ONLY 1
| #define HAVE_PTHREAD_API 1
| #define SETLOCALE_NULL_ALL_MTSAFE 1
| #define SETLOCALE_NULL_ONE_MTSAFE 1
| #ifndef __x86_64__
| #define __x86_64__ 1
| #endif
| #ifndef __x86_64__
| #define __x86_64__ 1
| #endif
| #define HAVE_LONG_LONG_INT 1
| #define HAVE_UNSIGNED_LONG_LONG_INT 1
| #define HAVE_TOWLOWER 1
| #define HAVE_LC_MESSAGES 1
| #define HAVE_WEAK_SYMBOLS 1
| #define USE_POSIX_THREADS 1
| #define USE_POSIX_THREADS_FROM_LIBC 1
| #define HAVE_MALLOC_0_NONNULL 1
| #define HAVE_MAP_ANONYMOUS 1
| #define HAVE_DECL_MEMRCHR 1
| #define HAVE_MINMAX_IN_SYS_PARAM_H 1
| #define TIME_T_IS_SIGNED 1
| #define HAVE_DECL_ALARM 1
| #define HAVE_STRUCT_TM_TM_GMTOFF 1
| #define HAVE_STRUCT_TM_TM_ZONE 1
| #define HAVE_TM_GMTOFF 1
| #define PROMOTED_MODE_T mode_t
| #define HAVE_PTHREAD_T 1
| #define HAVE_PTHREAD_SPINLOCK_T 1
| #define HAVE_SIGSET_T 1
| #define HAVE_SCHED_H 1
| #define HAVE_DECL_SETENV 1
| /* end confdefs.h.  */
| #include <stddef.h>
| #ifdef HAVE_STDIO_H
| # include <stdio.h>
| #endif
| #ifdef HAVE_STDLIB_H
| # include <stdlib.h>
| #endif
| #ifdef HAVE_STRING_H
| # include <string.h>
| #endif
| #ifdef HAVE_INTTYPES_H
| # include <inttypes.h>
| #endif
| #ifdef HAVE_STDINT_H
| # include <stdint.h>
| #endif
| #ifdef HAVE_STRINGS_H
| # include <strings.h>
| #endif
| #ifdef HAVE_SYS_TYPES_H
| # include <sys/types.h>
| #endif
| #ifdef HAVE_SYS_STAT_H
| # include <sys/stat.h>
| #endif
| #ifdef HAVE_UNISTD_H
| # include <unistd.h>
| #endif
| int
| main (void)
| {
| #ifndef _putenv
| #ifdef __cplusplus
|   (void) _putenv;
| #else
|   (void) _putenv;
| #endif
| #endif
| 
|   ;
|   return 0;
| }
configure:25466: result: no
configure:25486: checking for search.h
configure:25486: gcc -c -g -O2  conftest.c >&5
configure:25486: $? = 0
configure:25486: result: yes
configure:25496: checking for tsearch
configure:25533: checking for tsearch
configure:25533: gcc -o conftest -g -O2   conftest.c  >&5
configure:25533: $? = 0
configure:25533: result: yes
configure:25549: result: yes
configure:25566: checking for uid_t
configure:25566: gcc -c -g -O2  conftest.c >&5
configure:25566: $? = 0
configure:25566: gcc -c -g -O2  conftest.c >&5
conftest.c: In function 'main':
conftest.c:206:20: error: expected expression before ')' token
  206 | if (sizeof ((uid_t)))
      |                    ^
configure:25566: $? = 1
configure: failed program was:
| /* confdefs.h */
| #define PACKAGE_NAME "GNU diffutils"
| #define PACKAGE_TARNAME "diffutils"
| #define PACKAGE_VERSION "3.12"
| #define PACKAGE_STRING "GNU diffutils 3.12"
| #define PACKAGE_BUGREPORT "bug-diffutils@gnu.org"
| #define PACKAGE_URL "https://www.gnu.org/software/diffutils/"
| #define PACKAGE "diffutils"
| #define VERSION "3.12"
| #define HAVE_STDIO_H 1
| #define HAVE_STDLIB_H 1
| #define HAVE_STRING_H 1
| #define HAVE_INTTYPES_H 1
| #define HAVE_STDINT_H 1
| #define HAVE_STRINGS_H 1
| #define HAVE_SYS_STAT_H 1
| #define HAVE_SYS_TYPES_H 1
| #define HAVE_UNISTD_H 1
| #define HAVE_WCHAR_H 1
| #define HAVE_STDBOOL_H 1
| #define HAVE_UCHAR_H 1
| #define HAVE_SYS_PARAM_H 1
| #define HAVE_SYS_SOCKET_H 1
| #define HAVE_DIRENT_H 1
| #define HAVE_ERROR_H 1
| #define HAVE_FNMATCH_H 1
| #define HAVE_GETOPT_H 1
| #define HAVE_SYS_TIME_H 1
| #define HAVE_THREADS_H 1
| #define HAVE_LIMITS_H 1
| #define HAVE_WCTYPE_H 1
| #define HAVE_LANGINFO_H 1
| #define HAVE_SYS_MMAN_H 1
| #define HAVE_PTHREAD_H 1
| #define HAVE_MALLOC_H 1
| #define HAVE_STDBIT_H 1
| #define HAVE_SYS_RANDOM_H 1
| #define HAVE_SYS_WAIT_H 1
| #define HAVE_FEATURES_H 1
| #define HAVE_ARPA_INET_H 1
| #define HAVE_NETDB_H 1
| #define HAVE_NETINET_IN_H 1
| #define HAVE_MATH_H 1
| #define HAVE_SYS_SELECT_H 1
| #define HAVE_SEMAPHORE_H 1
| #define HAVE_SYS_IOCTL_H 1
| #define HAVE_SYS_UN_H 1
| #define HAVE_SYS_UIO_H 1
| #define STDC_HEADERS 1
| #define _ALL_SOURCE 1
| #define _COSMO_SOURCE 1
| #define _DARWIN_C_SOURCE 1
| #define _GNU_SOURCE 1
| #define _HPUX_ALT_XOPEN_SOCKET_API 1
| #define _NETBSD_SOURCE 1
| #define _OPENBSD_SOURCE 1
| #define _POSIX_PTHREAD_SEMANTICS 1
| #define __STDC_WANT_IEC_60559_ATTRIBS_EXT__ 1
| #define __STDC_WANT_IEC_60559_BFP_EXT__ 1
| #define __STDC_WANT_IEC_60559_DFP_EXT__ 1
| #define __STDC_WANT_IEC_60559_EXT__ 1
| #define __STDC_WANT_IEC_60559_FUNCS_EXT__ 1
| #define __STDC_WANT_IEC_60559_TYPES_EXT__ 1
| #define __STDC_WANT_LIB_EXT2__ 1
| #define __STDC_WANT_MATH_SPEC_FUNCS__ 1
| #define _TANDEM_SOURCE 1
| #define __EXTENSIONS__ 1
| #define _LINUX_SOURCE_COMPAT 1
| #define __USE_MINGW_ANSI_STDIO 1
| #define HAVE_ALLOCA_H 1
| #define HAVE_ALLOCA 1
| #define HAVE_WINT_T 1
| #define HAVE_BTOWC 1
| #define HAVE_MBRTOWC 1
| #define HAVE_MBSINIT 1
| #define HAVE_FCHDIR 1
| #define HAVE_FCNTL 1
| #define HAVE_SYMLINK 1
| #define HAVE_FDOPENDIR 1
| #define HAVE_FNMATCH 1
| #define HAVE_MBSRTOWCS 1
| #define HAVE_FSTATAT 1
| #define HAVE_GETDTABLESIZE 1
| #define HAVE_GETTIMEOFDAY 1
| #define HAVE_ISBLANK 1
| #define HAVE_ISWCNTRL 1
| #define HAVE_LSTAT 1
| #define HAVE_MPROTECT 1
| #define HAVE_MKSTEMP 1
| #define HAVE_OPENAT 1
| #define HAVE_PCLOSE 1
| #define HAVE_POPEN 1
| #define HAVE_READLINK 1
| #define HAVE_ISWCTYPE 1
| #define HAVE_SETENV 1
| #define HAVE_SIGACTION 1
| #define HAVE_SIGALTSTACK 1
| #define HAVE_SIGINTERRUPT 1
| #define HAVE_SETRLIMIT 1
| #define HAVE_GETRLIMIT 1
| #define HAVE___XPG_STRERROR_R 1
| #define HAVE_STRPTIME 1
| #define HAVE_STRTOIMAX 1
| #define HAVE_LOCALTIME_R 1
| #define HAVE_WCRTOMB 1
| #define HAVE_WCWIDTH 1
| #define HAVE_PIPE 1
| #define HAVE_PSELECT 1
| #define HAVE_PTHREAD_SIGMASK 1
| #define HAVE_SLEEP 1
| #define HAVE_SNPRINTF 1
| #define HAVE_SHUTDOWN 1
| #define HAVE_UNLINKAT 1
| #define HAVE_WCTOB 1
| #define HAVE_SIGPROCMASK 1
| #define HAVE_FORK 1
| #define HAVE_VFORK 1
| #define HAVE_LANGINFO_CODESET 1
| #define BITSIZEOF_WCHAR_T 32
| #define HAVE_MBSTATE_T 1
| #define HAVE_WORKING_MBRTOC32 1
| #define HAVE_WORKING_C32RTOMB 1
| #define HAVE_MALLOC_PTRDIFF 1
| #define HAVE_MALLOC_POSIX 1
| #define restrict __restrict__
| #define HAVE_ENVIRON_DECL 1
| #define HAVE_ERROR 1
| #define HAVE_DECL_STRERROR_R 1
| #define HAVE_STRERROR_R 1
| #define STRERROR_R_CHAR_P 1
| #define HAVE_DECL_FCHDIR 1
| #define HAVE_WORKING_O_NOATIME 1
| #define HAVE_WORKING_O_NOFOLLOW 1
| #define HAVE_MEMPCPY 1
| #define FUNC_FFLUSH_STDIN 0
| #define LSTAT_FOLLOWS_SLASHED_SYMLINK 1
| #define HAVE_DECL_GETDTABLESIZE 1
| #define HAVE_GETOPT_H 1
| #define HAVE_GETOPT_LONG_ONLY 1
| #define HAVE_PTHREAD_API 1
| #define SETLOCALE_NULL_ALL_MTSAFE 1
| #define SETLOCALE_NULL_ONE_MTSAFE 1
| #ifndef __x86_64__
| #define __x86_64__ 1
| #endif
| #ifndef __x86_64__
| #define __x86_64__ 1
| #endif
| #define HAVE_LONG_LONG_INT 1
| #define HAVE_UNSIGNED_LONG_LONG_INT 1
| #define HAVE_TOWLOWER 1
| #define HAVE_LC_MESSAGES 1
| #define HAVE_WEAK_SYMBOLS 1
| #define USE_POSIX_THREADS 1
| #define USE_POSIX_THREADS_FROM_LIBC 1
| #define HAVE_MALLOC_0_NONNULL 1
| #define HAVE_MAP_ANONYMOUS 1
| #define HAVE_DECL_MEMRCHR 1
| #define HAVE_MINMAX_IN_SYS_PARAM_H 1
| #define TIME_T_IS_SIGNED 1
| #define HAVE_DECL_ALARM 1
| #define HAVE_STRUCT_TM_TM_GMTOFF 1
| #define HAVE_STRUCT_TM_TM_ZONE 1
| #define HAVE_TM_GMTOFF 1
| #define PROMOTED_MODE_T mode_t
| #define HAVE_PTHREAD_T 1
| #define HAVE_PTHREAD_SPINLOCK_T 1
| #define HAVE_SIGSET_T 1
| #define HAVE_SCHED_H 1
| #define HAVE_DECL_SETENV 1
| #define HAVE_DECL__PUTENV 0
| #define HAVE_SEARCH_H 1
| #define HAVE_TSEARCH 1
| /* end confdefs.h.  */
| #include <stddef.h>
| #ifdef HAVE_STDIO_H
| # include <stdio.h>
| #endif
| #ifdef HAVE_STDLIB_H
| # include <stdlib.h>
| #endif
| #ifdef HAVE_STRING_H
| # include <string.h>
| #endif
| #ifdef HAVE_INTTYPES_H
| # include <inttypes.h>
| #endif
| #ifdef HAVE_STDINT_H
| # include <stdint.h>
| #endif
| #ifdef HAVE_STRINGS_H
| # include <strings.h>
| #endif
| #ifdef HAVE_SYS_TYPES_H
| # include <sys/types.h>
| #endif
| #ifdef HAVE_SYS_STAT_H
| # include <sys/stat.h>
| #endif
| #ifdef HAVE_UNISTD_H
| # include <unistd.h>
| #endif
| int
| main (void)
| {
| if (sizeof ((uid_t)))
| 	    return 0;
|   ;
|   return 0;
| }
configure:25566: result: yes
configure:25577: checking for gid_t
configure:25577: gcc -c -g -O2  conftest.c >&5
configure:25577: $? = 0
configure:25577: gcc -c -g -O2  conftest.c >&5
conftest.c: In function 'main':
conftest.c:206:20: error: expected expression before ')' token
  206 | if (sizeof ((gid_t)))
      |                    ^
configure:25577: $? = 1
configure: failed program was:
| /* confdefs.h */
| #define PACKAGE_NAME "GNU diffutils"
| #define PACKAGE_TARNAME "diffutils"
| #define PACKAGE_VERSION "3.12"
| #define PACKAGE_STRING "GNU diffutils 3.12"
| #define PACKAGE_BUGREPORT "bug-diffutils@gnu.org"
| #define PACKAGE_URL "https://www.gnu.org/software/diffutils/"
| #define PACKAGE "diffutils"
| #define VERSION "3.12"
| #define HAVE_STDIO_H 1
| #define HAVE_STDLIB_H 1
| #define HAVE_STRING_H 1
| #define HAVE_INTTYPES_H 1
| #define HAVE_STDINT_H 1
| #define HAVE_STRINGS_H 1
| #define HAVE_SYS_STAT_H 1
| #define HAVE_SYS_TYPES_H 1
| #define HAVE_UNISTD_H 1
| #define HAVE_WCHAR_H 1
| #define HAVE_STDBOOL_H 1
| #define HAVE_UCHAR_H 1
| #define HAVE_SYS_PARAM_H 1
| #define HAVE_SYS_SOCKET_H 1
| #define HAVE_DIRENT_H 1
| #define HAVE_ERROR_H 1
| #define HAVE_FNMATCH_H 1
| #define HAVE_GETOPT_H 1
| #define HAVE_SYS_TIME_H 1
| #define HAVE_THREADS_H 1
| #define HAVE_LIMITS_H 1
| #define HAVE_WCTYPE_H 1
| #define HAVE_LANGINFO_H 1
| #define HAVE_SYS_MMAN_H 1
| #define HAVE_PTHREAD_H 1
| #define HAVE_MALLOC_H 1
| #define HAVE_STDBIT_H 1
| #define HAVE_SYS_RANDOM_H 1
| #define HAVE_SYS_WAIT_H 1
| #define HAVE_FEATURES_H 1
| #define HAVE_ARPA_INET_H 1
| #define HAVE_NETDB_H 1
| #define HAVE_NETINET_IN_H 1
| #define HAVE_MATH_H 1
| #define HAVE_SYS_SELECT_H 1
| #define HAVE_SEMAPHORE_H 1
| #define HAVE_SYS_IOCTL_H 1
| #define HAVE_SYS_UN_H 1
| #define HAVE_SYS_UIO_H 1
| #define STDC_HEADERS 1
| #define _ALL_SOURCE 1
| #define _COSMO_SOURCE 1
| #define _DARWIN_C_SOURCE 1
| #define _GNU_SOURCE 1
| #define _HPUX_ALT_XOPEN_SOCKET_API 1
| #define _NETBSD_SOURCE 1
| #define _OPENBSD_SOURCE 1
| #define _POSIX_PTHREAD_SEMANTICS 1
| #define __STDC_WANT_IEC_60559_ATTRIBS_EXT__ 1
| #define __STDC_WANT_IEC_60559_BFP_EXT__ 1
| #define __STDC_WANT_IEC_60559_DFP_EXT__ 1
| #define __STDC_WANT_IEC_60559_EXT__ 1
| #define __STDC_WANT_IEC_60559_FUNCS_EXT__ 1
| #define __STDC_WANT_IEC_60559_TYPES_EXT__ 1
| #define __STDC_WANT_LIB_EXT2__ 1
| #define __STDC_WANT_MATH_SPEC_FUNCS__ 1
| #define _TANDEM_SOURCE 1
| #define __EXTENSIONS__ 1
| #define _LINUX_SOURCE_COMPAT 1
| #define __USE_MINGW_ANSI_STDIO 1
| #define HAVE_ALLOCA_H 1
| #define HAVE_ALLOCA 1
| #define HAVE_WINT_T 1
| #define HAVE_BTOWC 1
| #define HAVE_MBRTOWC 1
| #define HAVE_MBSINIT 1
| #define HAVE_FCHDIR 1
| #define HAVE_FCNTL 1
| #define HAVE_SYMLINK 1
| #define HAVE_FDOPENDIR 1
| #define HAVE_FNMATCH 1
| #define HAVE_MBSRTOWCS 1
| #define HAVE_FSTATAT 1
| #define HAVE_GETDTABLESIZE 1
| #define HAVE_GETTIMEOFDAY 1
| #define HAVE_ISBLANK 1
| #define HAVE_ISWCNTRL 1
| #define HAVE_LSTAT 1
| #define HAVE_MPROTECT 1
| #define HAVE_MKSTEMP 1
| #define HAVE_OPENAT 1
| #define HAVE_PCLOSE 1
| #define HAVE_POPEN 1
| #define HAVE_READLINK 1
| #define HAVE_ISWCTYPE 1
| #define HAVE_SETENV 1
| #define HAVE_SIGACTION 1
| #define HAVE_SIGALTSTACK 1
| #define HAVE_SIGINTERRUPT 1
| #define HAVE_SETRLIMIT 1
| #define HAVE_GETRLIMIT 1
| #define HAVE___XPG_STRERROR_R 1
| #define HAVE_STRPTIME 1
| #define HAVE_STRTOIMAX 1
| #define HAVE_LOCALTIME_R 1
| #define HAVE_WCRTOMB 1
| #define HAVE_WCWIDTH 1
| #define HAVE_PIPE 1
| #define HAVE_PSELECT 1
| #define HAVE_PTHREAD_SIGMASK 1
| #define HAVE_SLEEP 1
| #define HAVE_SNPRINTF 1
| #define HAVE_SHUTDOWN 1
| #define HAVE_UNLINKAT 1
| #define HAVE_WCTOB 1
| #define HAVE_SIGPROCMASK 1
| #define HAVE_FORK 1
| #define HAVE_VFORK 1
| #define HAVE_LANGINFO_CODESET 1
| #define BITSIZEOF_WCHAR_T 32
| #define HAVE_MBSTATE_T 1
| #define HAVE_WORKING_MBRTOC32 1
| #define HAVE_WORKING_C32RTOMB 1
| #define HAVE_MALLOC_PTRDIFF 1
| #define HAVE_MALLOC_POSIX 1
| #define restrict __restrict__
| #define HAVE_ENVIRON_DECL 1
| #define HAVE_ERROR 1
| #define HAVE_DECL_STRERROR_R 1
| #define HAVE_STRERROR_R 1
| #define STRERROR_R_CHAR_P 1
| #define HAVE_DECL_FCHDIR 1
| #define HAVE_WORKING_O_NOATIME 1
| #define HAVE_WORKING_O_NOFOLLOW 1
| #define HAVE_MEMPCPY 1
| #define FUNC_FFLUSH_STDIN 0
| #define LSTAT_FOLLOWS_SLASHED_SYMLINK 1
| #define HAVE_DECL_GETDTABLESIZE 1
| #define HAVE_GETOPT_H 1
| #define HAVE_GETOPT_LONG_ONLY 1
| #define HAVE_PTHREAD_API 1
| #define SETLOCALE_NULL_ALL_MTSAFE 1
| #define SETLOCALE_NULL_ONE_MTSAFE 1
| #ifndef __x86_64__
| #define __x86_64__ 1
| #endif
| #ifndef __x86_64__
| #define __x86_64__ 1
| #endif
| #define HAVE_LONG_LONG_INT 1
| #define HAVE_UNSIGNED_LONG_LONG_INT 1
| #define HAVE_TOWLOWER 1
| #define HAVE_LC_MESSAGES 1
| #define HAVE_WEAK_SYMBOLS 1
| #define USE_POSIX_THREADS 1
| #define USE_POSIX_THREADS_FROM_LIBC 1
| #define HAVE_MALLOC_0_NONNULL 1
| #define HAVE_MAP_ANONYMOUS 1
| #define HAVE_DECL_MEMRCHR 1
| #define HAVE_MINMAX_IN_SYS_PARAM_H 1
| #define TIME_T_IS_SIGNED 1
| #define HAVE_DECL_ALARM 1
| #define HAVE_STRUCT_TM_TM_GMTOFF 1
| #define HAVE_STRUCT_TM_TM_ZONE 1
| #define HAVE_TM_GMTOFF 1
| #define PROMOTED_MODE_T mode_t
| #define HAVE_PTHREAD_T 1
| #define HAVE_PTHREAD_SPINLOCK_T 1
| #define HAVE_SIGSET_T 1
| #define HAVE_SCHED_H 1
| #define HAVE_DECL_SETENV 1
| #define HAVE_DECL__PUTENV 0
| #define HAVE_SEARCH_H 1
| #define HAVE_TSEARCH 1
| /* end confdefs.h.  */
| #include <stddef.h>
| #ifdef HAVE_STDIO_H
| # include <stdio.h>
| #endif
| #ifdef HAVE_STDLIB_H
| # include <stdlib.h>
| #endif
| #ifdef HAVE_STRING_H
| # include <string.h>
| #endif
| #ifdef HAVE_INTTYPES_H
| # include <inttypes.h>
| #endif
| #ifdef HAVE_STDINT_H
| # include <stdint.h>
| #endif
| #ifdef HAVE_STRINGS_H
| # include <strings.h>
| #endif
| #ifdef HAVE_SYS_TYPES_H
| # include <sys/types.h>
| #endif
| #ifdef HAVE_SYS_STAT_H
| # include <sys/stat.h>
| #endif
| #ifdef HAVE_UNISTD_H
| # include <unistd.h>
| #endif
| int
| main (void)
| {
| if (sizeof ((gid_t)))
| 	    return 0;
|   ;
|   return 0;
| }
configure:25577: result: yes
configure:25670: checking for volatile sig_atomic_t
configure:25670: gcc -c -g -O2  conftest.c >&5
configure:25670: $? = 0
configure:25670: gcc -c -g -O2  conftest.c >&5
conftest.c: In function 'main':
conftest.c:182:36: error: expected expression before ')' token
  182 | if (sizeof ((volatile sig_atomic_t)))
      |                                    ^
configure:25670: $? = 1
configure: failed program was:
| /* confdefs.h */
| #define PACKAGE_NAME "GNU diffutils"
| #define PACKAGE_TARNAME "diffutils"
| #define PACKAGE_VERSION "3.12"
| #define PACKAGE_STRING "GNU diffutils 3.12"
| #define PACKAGE_BUGREPORT "bug-diffutils@gnu.org"
| #define PACKAGE_URL "https://www.gnu.org/software/diffutils/"
| #define PACKAGE "diffutils"
| #define VERSION "3.12"
| #define HAVE_STDIO_H 1
| #define HAVE_STDLIB_H 1
| #define HAVE_STRING_H 1
| #define HAVE_INTTYPES_H 1
| #define HAVE_STDINT_H 1
| #define HAVE_STRINGS_H 1
| #define HAVE_SYS_STAT_H 1
| #define HAVE_SYS_TYPES_H 1
| #define HAVE_UNISTD_H 1
| #define HAVE_WCHAR_H 1
| #define HAVE_STDBOOL_H 1
| #define HAVE_UCHAR_H 1
| #define HAVE_SYS_PARAM_H 1
| #define HAVE_SYS_SOCKET_H 1
| #define HAVE_DIRENT_H 1
| #define HAVE_ERROR_H 1
| #define HAVE_FNMATCH_H 1
| #define HAVE_GETOPT_H 1
| #define HAVE_SYS_TIME_H 1
| #define HAVE_THREADS_H 1
| #define HAVE_LIMITS_H 1
| #define HAVE_WCTYPE_H 1
| #define HAVE_LANGINFO_H 1
| #define HAVE_SYS_MMAN_H 1
| #define HAVE_PTHREAD_H 1
| #define HAVE_MALLOC_H 1
| #define HAVE_STDBIT_H 1
| #define HAVE_SYS_RANDOM_H 1
| #define HAVE_SYS_WAIT_H 1
| #define HAVE_FEATURES_H 1
| #define HAVE_ARPA_INET_H 1
| #define HAVE_NETDB_H 1
| #define HAVE_NETINET_IN_H 1
| #define HAVE_MATH_H 1
| #define HAVE_SYS_SELECT_H 1
| #define HAVE_SEMAPHORE_H 1
| #define HAVE_SYS_IOCTL_H 1
| #define HAVE_SYS_UN_H 1
| #define HAVE_SYS_UIO_H 1
| #define STDC_HEADERS 1
| #define _ALL_SOURCE 1
| #define _COSMO_SOURCE 1
| #define _DARWIN_C_SOURCE 1
| #define _GNU_SOURCE 1
| #define _HPUX_ALT_XOPEN_SOCKET_API 1
| #define _NETBSD_SOURCE 1
| #define _OPENBSD_SOURCE 1
| #define _POSIX_PTHREAD_SEMANTICS 1
| #define __STDC_WANT_IEC_60559_ATTRIBS_EXT__ 1
| #define __STDC_WANT_IEC_60559_BFP_EXT__ 1
| #define __STDC_WANT_IEC_60559_DFP_EXT__ 1
| #define __STDC_WANT_IEC_60559_EXT__ 1
| #define __STDC_WANT_IEC_60559_FUNCS_EXT__ 1
| #define __STDC_WANT_IEC_60559_TYPES_EXT__ 1
| #define __STDC_WANT_LIB_EXT2__ 1
| #define __STDC_WANT_MATH_SPEC_FUNCS__ 1
| #define _TANDEM_SOURCE 1
| #define __EXTENSIONS__ 1
| #define _LINUX_SOURCE_COMPAT 1
| #define __USE_MINGW_ANSI_STDIO 1
| #define HAVE_ALLOCA_H 1
| #define HAVE_ALLOCA 1
| #define HAVE_WINT_T 1
| #define HAVE_BTOWC 1
| #define HAVE_MBRTOWC 1
| #define HAVE_MBSINIT 1
| #define HAVE_FCHDIR 1
| #define HAVE_FCNTL 1
| #define HAVE_SYMLINK 1
| #define HAVE_FDOPENDIR 1
| #define HAVE_FNMATCH 1
| #define HAVE_MBSRTOWCS 1
| #define HAVE_FSTATAT 1
| #define HAVE_GETDTABLESIZE 1
| #define HAVE_GETTIMEOFDAY 1
| #define HAVE_ISBLANK 1
| #define HAVE_ISWCNTRL 1
| #define HAVE_LSTAT 1
| #define HAVE_MPROTECT 1
| #define HAVE_MKSTEMP 1
| #define HAVE_OPENAT 1
| #define HAVE_PCLOSE 1
| #define HAVE_POPEN 1
| #define HAVE_READLINK 1
| #define HAVE_ISWCTYPE 1
| #define HAVE_SETENV 1
| #define HAVE_SIGACTION 1
| #define HAVE_SIGALTSTACK 1
| #define HAVE_SIGINTERRUPT 1
| #define HAVE_SETRLIMIT 1
| #define HAVE_GETRLIMIT 1
| #define HAVE___XPG_STRERROR_R 1
| #define HAVE_STRPTIME 1
| #define HAVE_STRTOIMAX 1
| #define HAVE_LOCALTIME_R 1
| #define HAVE_WCRTOMB 1
| #define HAVE_WCWIDTH 1
| #define HAVE_PIPE 1
| #define HAVE_PSELECT 1
| #define HAVE_PTHREAD_SIGMASK 1
| #define HAVE_SLEEP 1
| #define HAVE_SNPRINTF 1
| #define HAVE_SHUTDOWN 1
| #define HAVE_UNLINKAT 1
| #define HAVE_WCTOB 1
| #define HAVE_SIGPROCMASK 1
| #define HAVE_FORK 1
| #define HAVE_VFORK 1
| #define HAVE_LANGINFO_CODESET 1
| #define BITSIZEOF_WCHAR_T 32
| #define HAVE_MBSTATE_T 1
| #define HAVE_WORKING_MBRTOC32 1
| #define HAVE_WORKING_C32RTOMB 1
| #define HAVE_MALLOC_PTRDIFF 1
| #define HAVE_MALLOC_POSIX 1
| #define restrict __restrict__
| #define HAVE_ENVIRON_DECL 1
| #define HAVE_ERROR 1
| #define HAVE_DECL_STRERROR_R 1
| #define HAVE_STRERROR_R 1
| #define STRERROR_R_CHAR_P 1
| #define HAVE_DECL_FCHDIR 1
| #define HAVE_WORKING_O_NOATIME 1
| #define HAVE_WORKING_O_NOFOLLOW 1
| #define HAVE_MEMPCPY 1
| #define FUNC_FFLUSH_STDIN 0
| #define LSTAT_FOLLOWS_SLASHED_SYMLINK 1
| #define HAVE_DECL_GETDTABLESIZE 1
| #define HAVE_GETOPT_H 1
| #define HAVE_GETOPT_LONG_ONLY 1
| #define HAVE_PTHREAD_API 1
| #define SETLOCALE_NULL_ALL_MTSAFE 1
| #define SETLOCALE_NULL_ONE_MTSAFE 1
| #ifndef __x86_64__
| #define __x86_64__ 1
| #endif
| #ifndef __x86_64__
| #define __x86_64__ 1
| #endif
| #define HAVE_LONG_LONG_INT 1
| #define HAVE_UNSIGNED_LONG_LONG_INT 1
| #define HAVE_TOWLOWER 1
| #define HAVE_LC_MESSAGES 1
| #define HAVE_WEAK_SYMBOLS 1
| #define USE_POSIX_THREADS 1
| #define USE_POSIX_THREADS_FROM_LIBC 1
| #define HAVE_MALLOC_0_NONNULL 1
| #define HAVE_MAP_ANONYMOUS 1
| #define HAVE_DECL_MEMRCHR 1
| #define HAVE_MINMAX_IN_SYS_PARAM_H 1
| #define TIME_T_IS_SIGNED 1
| #define HAVE_DECL_ALARM 1
| #define HAVE_STRUCT_TM_TM_GMTOFF 1
| #define HAVE_STRUCT_TM_TM_ZONE 1
| #define HAVE_TM_GMTOFF 1
| #define PROMOTED_MODE_T mode_t
| #define HAVE_PTHREAD_T 1
| #define HAVE_PTHREAD_SPINLOCK_T 1
| #define HAVE_SIGSET_T 1
| #define HAVE_SCHED_H 1
| #define HAVE_DECL_SETENV 1
| #define HAVE_DECL__PUTENV 0
| #define HAVE_SEARCH_H 1
| #define HAVE_TSEARCH 1
| /* end confdefs.h.  */
| 
| #include <signal.h>
| 
| 
| int
| main (void)
| {
| if (sizeof ((volatile sig_atomic_t)))
| 	    return 0;
|   ;
|   return 0;
| }
configure:25670: result: yes
configure:25688: checking for sighandler_t
configure:25688: gcc -c -g -O2  conftest.c >&5
configure:25688: $? = 0
configure:25688: gcc -c -g -O2  conftest.c >&5
conftest.c: In function 'main':
conftest.c:182:27: error: expected expression before ')' token
  182 | if (sizeof ((sighandler_t)))
      |                           ^
configure:25688: $? = 1
configure: failed program was:
| /* confdefs.h */
| #define PACKAGE_NAME "GNU diffutils"
| #define PACKAGE_TARNAME "diffutils"
| #define PACKAGE_VERSION "3.12"
| #define PACKAGE_STRING "GNU diffutils 3.12"
| #define PACKAGE_BUGREPORT "bug-diffutils@gnu.org"
| #define PACKAGE_URL "https://www.gnu.org/software/diffutils/"
| #define PACKAGE "diffutils"
| #define VERSION "3.12"
| #define HAVE_STDIO_H 1
| #define HAVE_STDLIB_H 1
| #define HAVE_STRING_H 1
| #define HAVE_INTTYPES_H 1
| #define HAVE_STDINT_H 1
| #define HAVE_STRINGS_H 1
| #define HAVE_SYS_STAT_H 1
| #define HAVE_SYS_TYPES_H 1
| #define HAVE_UNISTD_H 1
| #define HAVE_WCHAR_H 1
| #define HAVE_STDBOOL_H 1
| #define HAVE_UCHAR_H 1
| #define HAVE_SYS_PARAM_H 1
| #define HAVE_SYS_SOCKET_H 1
| #define HAVE_DIRENT_H 1
| #define HAVE_ERROR_H 1
| #define HAVE_FNMATCH_H 1
| #define HAVE_GETOPT_H 1
| #define HAVE_SYS_TIME_H 1
| #define HAVE_THREADS_H 1
| #define HAVE_LIMITS_H 1
| #define HAVE_WCTYPE_H 1
| #define HAVE_LANGINFO_H 1
| #define HAVE_SYS_MMAN_H 1
| #define HAVE_PTHREAD_H 1
| #define HAVE_MALLOC_H 1
| #define HAVE_STDBIT_H 1
| #define HAVE_SYS_RANDOM_H 1
| #define HAVE_SYS_WAIT_H 1
| #define HAVE_FEATURES_H 1
| #define HAVE_ARPA_INET_H 1
| #define HAVE_NETDB_H 1
| #define HAVE_NETINET_IN_H 1
| #define HAVE_MATH_H 1
| #define HAVE_SYS_SELECT_H 1
| #define HAVE_SEMAPHORE_H 1
| #define HAVE_SYS_IOCTL_H 1
| #define HAVE_SYS_UN_H 1
| #define HAVE_SYS_UIO_H 1
| #define STDC_HEADERS 1
| #define _ALL_SOURCE 1
| #define _COSMO_SOURCE 1
| #define _DARWIN_C_SOURCE 1
| #define _GNU_SOURCE 1
| #define _HPUX_ALT_XOPEN_SOCKET_API 1
| #define _NETBSD_SOURCE 1
| #define _OPENBSD_SOURCE 1
| #define _POSIX_PTHREAD_SEMANTICS 1
| #define __STDC_WANT_IEC_60559_ATTRIBS_EXT__ 1
| #define __STDC_WANT_IEC_60559_BFP_EXT__ 1
| #define __STDC_WANT_IEC_60559_DFP_EXT__ 1
| #define __STDC_WANT_IEC_60559_EXT__ 1
| #define __STDC_WANT_IEC_60559_FUNCS_EXT__ 1
| #define __STDC_WANT_IEC_60559_TYPES_EXT__ 1
| #define __STDC_WANT_LIB_EXT2__ 1
| #define __STDC_WANT_MATH_SPEC_FUNCS__ 1
| #define _TANDEM_SOURCE 1
| #define __EXTENSIONS__ 1
| #define _LINUX_SOURCE_COMPAT 1
| #define __USE_MINGW_ANSI_STDIO 1
| #define HAVE_ALLOCA_H 1
| #define HAVE_ALLOCA 1
| #define HAVE_WINT_T 1
| #define HAVE_BTOWC 1
| #define HAVE_MBRTOWC 1
| #define HAVE_MBSINIT 1
| #define HAVE_FCHDIR 1
| #define HAVE_FCNTL 1
| #define HAVE_SYMLINK 1
| #define HAVE_FDOPENDIR 1
| #define HAVE_FNMATCH 1
| #define HAVE_MBSRTOWCS 1
| #define HAVE_FSTATAT 1
| #define HAVE_GETDTABLESIZE 1
| #define HAVE_GETTIMEOFDAY 1
| #define HAVE_ISBLANK 1
| #define HAVE_ISWCNTRL 1
| #define HAVE_LSTAT 1
| #define HAVE_MPROTECT 1
| #define HAVE_MKSTEMP 1
| #define HAVE_OPENAT 1
| #define HAVE_PCLOSE 1
| #define HAVE_POPEN 1
| #define HAVE_READLINK 1
| #define HAVE_ISWCTYPE 1
| #define HAVE_SETENV 1
| #define HAVE_SIGACTION 1
| #define HAVE_SIGALTSTACK 1
| #define HAVE_SIGINTERRUPT 1
| #define HAVE_SETRLIMIT 1
| #define HAVE_GETRLIMIT 1
| #define HAVE___XPG_STRERROR_R 1
| #define HAVE_STRPTIME 1
| #define HAVE_STRTOIMAX 1
| #define HAVE_LOCALTIME_R 1
| #define HAVE_WCRTOMB 1
| #define HAVE_WCWIDTH 1
| #define HAVE_PIPE 1
| #define HAVE_PSELECT 1
| #define HAVE_PTHREAD_SIGMASK 1
| #define HAVE_SLEEP 1
| #define HAVE_SNPRINTF 1
| #define HAVE_SHUTDOWN 1
| #define HAVE_UNLINKAT 1
| #define HAVE_WCTOB 1
| #define HAVE_SIGPROCMASK 1
| #define HAVE_FORK 1
| #define HAVE_VFORK 1
| #define HAVE_LANGINFO_CODESET 1
| #define BITSIZEOF_WCHAR_T 32
| #define HAVE_MBSTATE_T 1
| #define HAVE_WORKING_MBRTOC32 1
| #define HAVE_WORKING_C32RTOMB 1
| #define HAVE_MALLOC_PTRDIFF 1
| #define HAVE_MALLOC_POSIX 1
| #define restrict __restrict__
| #define HAVE_ENVIRON_DECL 1
| #define HAVE_ERROR 1
| #define HAVE_DECL_STRERROR_R 1
| #define HAVE_STRERROR_R 1
| #define STRERROR_R_CHAR_P 1
| #define HAVE_DECL_FCHDIR 1
| #define HAVE_WORKING_O_NOATIME 1
| #define HAVE_WORKING_O_NOFOLLOW 1
| #define HAVE_MEMPCPY 1
| #define FUNC_FFLUSH_STDIN 0
| #define LSTAT_FOLLOWS_SLASHED_SYMLINK 1
| #define HAVE_DECL_GETDTABLESIZE 1
| #define HAVE_GETOPT_H 1
| #define HAVE_GETOPT_LONG_ONLY 1
| #define HAVE_PTHREAD_API 1
| #define SETLOCALE_NULL_ALL_MTSAFE 1
| #define SETLOCALE_NULL_ONE_MTSAFE 1
| #ifndef __x86_64__
| #define __x86_64__ 1
| #endif
| #ifndef __x86_64__
| #define __x86_64__ 1
| #endif
| #define HAVE_LONG_LONG_INT 1
| #define HAVE_UNSIGNED_LONG_LONG_INT 1
| #define HAVE_TOWLOWER 1
| #define HAVE_LC_MESSAGES 1
| #define HAVE_WEAK_SYMBOLS 1
| #define USE_POSIX_THREADS 1
| #define USE_POSIX_THREADS_FROM_LIBC 1
| #define HAVE_MALLOC_0_NONNULL 1
| #define HAVE_MAP_ANONYMOUS 1
| #define HAVE_DECL_MEMRCHR 1
| #define HAVE_MINMAX_IN_SYS_PARAM_H 1
| #define TIME_T_IS_SIGNED 1
| #define HAVE_DECL_ALARM 1
| #define HAVE_STRUCT_TM_TM_GMTOFF 1
| #define HAVE_STRUCT_TM_TM_ZONE 1
| #define HAVE_TM_GMTOFF 1
| #define PROMOTED_MODE_T mode_t
| #define HAVE_PTHREAD_T 1
| #define HAVE_PTHREAD_SPINLOCK_T 1
| #define HAVE_SIGSET_T 1
| #define HAVE_SCHED_H 1
| #define HAVE_DECL_SETENV 1
| #define HAVE_DECL__PUTENV 0
| #define HAVE_SEARCH_H 1
| #define HAVE_TSEARCH 1
| /* end confdefs.h.  */
| 
| #include <signal.h>
| 
| 
| int
| main (void)
| {
| if (sizeof ((sighandler_t)))
| 	    return 0;
|   ;
|   return 0;
| }
configure:25688: result: yes
configure:25710: checking whether byte ordering is bigendian
configure:25726: gcc -c -g -O2  conftest.c >&5
conftest.c:176:16: error: unknown type name 'not'
  176 |                not a universal capable compiler
      |                ^~~
conftest.c:176:22: error: expected '=', ',', ';', 'asm' or '__attribute__' before 'universal'
  176 |                not a universal capable compiler
      |                      ^~~~~~~~~
conftest.c:176:22: error: unknown type name 'universal'
configure:25726: $? = 1
configure: failed program was:
| /* confdefs.h */
| #define PACKAGE_NAME "GNU diffutils"
| #define PACKAGE_TARNAME "diffutils"
| #define PACKAGE_VERSION "3.12"
| #define PACKAGE_STRING "GNU diffutils 3.12"
| #define PACKAGE_BUGREPORT "bug-diffutils@gnu.org"
| #define PACKAGE_URL "https://www.gnu.org/software/diffutils/"
| #define PACKAGE "diffutils"
| #define VERSION "3.12"
| #define HAVE_STDIO_H 1
| #define HAVE_STDLIB_H 1
| #define HAVE_STRING_H 1
| #define HAVE_INTTYPES_H 1
| #define HAVE_STDINT_H 1
| #define HAVE_STRINGS_H 1
| #define HAVE_SYS_STAT_H 1
| #define HAVE_SYS_TYPES_H 1
| #define HAVE_UNISTD_H 1
| #define HAVE_WCHAR_H 1
| #define HAVE_STDBOOL_H 1
| #define HAVE_UCHAR_H 1
| #define HAVE_SYS_PARAM_H 1
| #define HAVE_SYS_SOCKET_H 1
| #define HAVE_DIRENT_H 1
| #define HAVE_ERROR_H 1
| #define HAVE_FNMATCH_H 1
| #define HAVE_GETOPT_H 1
| #define HAVE_SYS_TIME_H 1
| #define HAVE_THREADS_H 1
| #define HAVE_LIMITS_H 1
| #define HAVE_WCTYPE_H 1
| #define HAVE_LANGINFO_H 1
| #define HAVE_SYS_MMAN_H 1
| #define HAVE_PTHREAD_H 1
| #define HAVE_MALLOC_H 1
| #define HAVE_STDBIT_H 1
| #define HAVE_SYS_RANDOM_H 1
| #define HAVE_SYS_WAIT_H 1
| #define HAVE_FEATURES_H 1
| #define HAVE_ARPA_INET_H 1
| #define HAVE_NETDB_H 1
| #define HAVE_NETINET_IN_H 1
| #define HAVE_MATH_H 1
| #define HAVE_SYS_SELECT_H 1
| #define HAVE_SEMAPHORE_H 1
| #define HAVE_SYS_IOCTL_H 1
| #define HAVE_SYS_UN_H 1
| #define HAVE_SYS_UIO_H 1
| #define STDC_HEADERS 1
| #define _ALL_SOURCE 1
| #define _COSMO_SOURCE 1
| #define _DARWIN_C_SOURCE 1
| #define _GNU_SOURCE 1
| #define _HPUX_ALT_XOPEN_SOCKET_API 1
| #define _NETBSD_SOURCE 1
| #define _OPENBSD_SOURCE 1
| #define _POSIX_PTHREAD_SEMANTICS 1
| #define __STDC_WANT_IEC_60559_ATTRIBS_EXT__ 1
| #define __STDC_WANT_IEC_60559_BFP_EXT__ 1
| #define __STDC_WANT_IEC_60559_DFP_EXT__ 1
| #define __STDC_WANT_IEC_60559_EXT__ 1
| #define __STDC_WANT_IEC_60559_FUNCS_EXT__ 1
| #define __STDC_WANT_IEC_60559_TYPES_EXT__ 1
| #define __STDC_WANT_LIB_EXT2__ 1
| #define __STDC_WANT_MATH_SPEC_FUNCS__ 1
| #define _TANDEM_SOURCE 1
| #define __EXTENSIONS__ 1
| #define _LINUX_SOURCE_COMPAT 1
| #define __USE_MINGW_ANSI_STDIO 1
| #define HAVE_ALLOCA_H 1
| #define HAVE_ALLOCA 1
| #define HAVE_WINT_T 1
| #define HAVE_BTOWC 1
| #define HAVE_MBRTOWC 1
| #define HAVE_MBSINIT 1
| #define HAVE_FCHDIR 1
| #define HAVE_FCNTL 1
| #define HAVE_SYMLINK 1
| #define HAVE_FDOPENDIR 1
| #define HAVE_FNMATCH 1
| #define HAVE_MBSRTOWCS 1
| #define HAVE_FSTATAT 1
| #define HAVE_GETDTABLESIZE 1
| #define HAVE_GETTIMEOFDAY 1
| #define HAVE_ISBLANK 1
| #define HAVE_ISWCNTRL 1
| #define HAVE_LSTAT 1
| #define HAVE_MPROTECT 1
| #define HAVE_MKSTEMP 1
| #define HAVE_OPENAT 1
| #define HAVE_PCLOSE 1
| #define HAVE_POPEN 1
| #define HAVE_READLINK 1
| #define HAVE_ISWCTYPE 1
| #define HAVE_SETENV 1
| #define HAVE_SIGACTION 1
| #define HAVE_SIGALTSTACK 1
| #define HAVE_SIGINTERRUPT 1
| #define HAVE_SETRLIMIT 1
| #define HAVE_GETRLIMIT 1
| #define HAVE___XPG_STRERROR_R 1
| #define HAVE_STRPTIME 1
| #define HAVE_STRTOIMAX 1
| #define HAVE_LOCALTIME_R 1
| #define HAVE_WCRTOMB 1
| #define HAVE_WCWIDTH 1
| #define HAVE_PIPE 1
| #define HAVE_PSELECT 1
| #define HAVE_PTHREAD_SIGMASK 1
| #define HAVE_SLEEP 1
| #define HAVE_SNPRINTF 1
| #define HAVE_SHUTDOWN 1
| #define HAVE_UNLINKAT 1
| #define HAVE_WCTOB 1
| #define HAVE_SIGPROCMASK 1
| #define HAVE_FORK 1
| #define HAVE_VFORK 1
| #define HAVE_LANGINFO_CODESET 1
| #define BITSIZEOF_WCHAR_T 32
| #define HAVE_MBSTATE_T 1
| #define HAVE_WORKING_MBRTOC32 1
| #define HAVE_WORKING_C32RTOMB 1
| #define HAVE_MALLOC_PTRDIFF 1
| #define HAVE_MALLOC_POSIX 1
| #define restrict __restrict__
| #define HAVE_ENVIRON_DECL 1
| #define HAVE_ERROR 1
| #define HAVE_DECL_STRERROR_R 1
| #define HAVE_STRERROR_R 1
| #define STRERROR_R_CHAR_P 1
| #define HAVE_DECL_FCHDIR 1
| #define HAVE_WORKING_O_NOATIME 1
| #define HAVE_WORKING_O_NOFOLLOW 1
| #define HAVE_MEMPCPY 1
| #define FUNC_FFLUSH_STDIN 0
| #define LSTAT_FOLLOWS_SLASHED_SYMLINK 1
| #define HAVE_DECL_GETDTABLESIZE 1
| #define HAVE_GETOPT_H 1
| #define HAVE_GETOPT_LONG_ONLY 1
| #define HAVE_PTHREAD_API 1
| #define SETLOCALE_NULL_ALL_MTSAFE 1
| #define SETLOCALE_NULL_ONE_MTSAFE 1
| #ifndef __x86_64__
| #define __x86_64__ 1
| #endif
| #ifndef __x86_64__
| #define __x86_64__ 1
| #endif
| #define HAVE_LONG_LONG_INT 1
| #define HAVE_UNSIGNED_LONG_LONG_INT 1
| #define HAVE_TOWLOWER 1
| #define HAVE_LC_MESSAGES 1
| #define HAVE_WEAK_SYMBOLS 1
| #define USE_POSIX_THREADS 1
| #define USE_POSIX_THREADS_FROM_LIBC 1
| #define HAVE_MALLOC_0_NONNULL 1
| #define HAVE_MAP_ANONYMOUS 1
| #define HAVE_DECL_MEMRCHR 1
| #define HAVE_MINMAX_IN_SYS_PARAM_H 1
| #define TIME_T_IS_SIGNED 1
| #define HAVE_DECL_ALARM 1
| #define HAVE_STRUCT_TM_TM_GMTOFF 1
| #define HAVE_STRUCT_TM_TM_ZONE 1
| #define HAVE_TM_GMTOFF 1
| #define PROMOTED_MODE_T mode_t
| #define HAVE_PTHREAD_T 1
| #define HAVE_PTHREAD_SPINLOCK_T 1
| #define HAVE_SIGSET_T 1
| #define HAVE_SCHED_H 1
| #define HAVE_DECL_SETENV 1
| #define HAVE_DECL__PUTENV 0
| #define HAVE_SEARCH_H 1
| #define HAVE_TSEARCH 1
| /* end confdefs.h.  */
| #ifndef __APPLE_CC__
| 	       not a universal capable compiler
| 	     #endif
| 	     typedef int dummy;
| 
configure:25772: gcc -c -g -O2  conftest.c >&5
configure:25772: $? = 0
configure:25791: gcc -c -g -O2  conftest.c >&5
conftest.c: In function 'main':
conftest.c:182:18: error: unknown type name 'not'; did you mean 'ino_t'?
  182 |                  not big endian
      |                  ^~~
      |                  ino_t
conftest.c:182:26: error: expected '=', ',', ';', 'asm' or '__attribute__' before 'endian'
  182 |                  not big endian
      |                          ^~~~~~
configure:25791: $? = 1
configure: failed program was:
| /* confdefs.h */
| #define PACKAGE_NAME "GNU diffutils"
| #define PACKAGE_TARNAME "diffutils"
| #define PACKAGE_VERSION "3.12"
| #define PACKAGE_STRING "GNU diffutils 3.12"
| #define PACKAGE_BUGREPORT "bug-diffutils@gnu.org"
| #define PACKAGE_URL "https://www.gnu.org/software/diffutils/"
| #define PACKAGE "diffutils"
| #define VERSION "3.12"
| #define HAVE_STDIO_H 1
| #define HAVE_STDLIB_H 1
| #define HAVE_STRING_H 1
| #define HAVE_INTTYPES_H 1
| #define HAVE_STDINT_H 1
| #define HAVE_STRINGS_H 1
| #define HAVE_SYS_STAT_H 1
| #define HAVE_SYS_TYPES_H 1
| #define HAVE_UNISTD_H 1
| #define HAVE_WCHAR_H 1
| #define HAVE_STDBOOL_H 1
| #define HAVE_UCHAR_H 1
| #define HAVE_SYS_PARAM_H 1
| #define HAVE_SYS_SOCKET_H 1
| #define HAVE_DIRENT_H 1
| #define HAVE_ERROR_H 1
| #define HAVE_FNMATCH_H 1
| #define HAVE_GETOPT_H 1
| #define HAVE_SYS_TIME_H 1
| #define HAVE_THREADS_H 1
| #define HAVE_LIMITS_H 1
| #define HAVE_WCTYPE_H 1
| #define HAVE_LANGINFO_H 1
| #define HAVE_SYS_MMAN_H 1
| #define HAVE_PTHREAD_H 1
| #define HAVE_MALLOC_H 1
| #define HAVE_STDBIT_H 1
| #define HAVE_SYS_RANDOM_H 1
| #define HAVE_SYS_WAIT_H 1
| #define HAVE_FEATURES_H 1
| #define HAVE_ARPA_INET_H 1
| #define HAVE_NETDB_H 1
| #define HAVE_NETINET_IN_H 1
| #define HAVE_MATH_H 1
| #define HAVE_SYS_SELECT_H 1
| #define HAVE_SEMAPHORE_H 1
| #define HAVE_SYS_IOCTL_H 1
| #define HAVE_SYS_UN_H 1
| #define HAVE_SYS_UIO_H 1
| #define STDC_HEADERS 1
| #define _ALL_SOURCE 1
| #define _COSMO_SOURCE 1
| #define _DARWIN_C_SOURCE 1
| #define _GNU_SOURCE 1
| #define _HPUX_ALT_XOPEN_SOCKET_API 1
| #define _NETBSD_SOURCE 1
| #define _OPENBSD_SOURCE 1
| #define _POSIX_PTHREAD_SEMANTICS 1
| #define __STDC_WANT_IEC_60559_ATTRIBS_EXT__ 1
| #define __STDC_WANT_IEC_60559_BFP_EXT__ 1
| #define __STDC_WANT_IEC_60559_DFP_EXT__ 1
| #define __STDC_WANT_IEC_60559_EXT__ 1
| #define __STDC_WANT_IEC_60559_FUNCS_EXT__ 1
| #define __STDC_WANT_IEC_60559_TYPES_EXT__ 1
| #define __STDC_WANT_LIB_EXT2__ 1
| #define __STDC_WANT_MATH_SPEC_FUNCS__ 1
| #define _TANDEM_SOURCE 1
| #define __EXTENSIONS__ 1
| #define _LINUX_SOURCE_COMPAT 1
| #define __USE_MINGW_ANSI_STDIO 1
| #define HAVE_ALLOCA_H 1
| #define HAVE_ALLOCA 1
| #define HAVE_WINT_T 1
| #define HAVE_BTOWC 1
| #define HAVE_MBRTOWC 1
| #define HAVE_MBSINIT 1
| #define HAVE_FCHDIR 1
| #define HAVE_FCNTL 1
| #define HAVE_SYMLINK 1
| #define HAVE_FDOPENDIR 1
| #define HAVE_FNMATCH 1
| #define HAVE_MBSRTOWCS 1
| #define HAVE_FSTATAT 1
| #define HAVE_GETDTABLESIZE 1
| #define HAVE_GETTIMEOFDAY 1
| #define HAVE_ISBLANK 1
| #define HAVE_ISWCNTRL 1
| #define HAVE_LSTAT 1
| #define HAVE_MPROTECT 1
| #define HAVE_MKSTEMP 1
| #define HAVE_OPENAT 1
| #define HAVE_PCLOSE 1
| #define HAVE_POPEN 1
| #define HAVE_READLINK 1
| #define HAVE_ISWCTYPE 1
| #define HAVE_SETENV 1
| #define HAVE_SIGACTION 1
| #define HAVE_SIGALTSTACK 1
| #define HAVE_SIGINTERRUPT 1
| #define HAVE_SETRLIMIT 1
| #define HAVE_GETRLIMIT 1
| #define HAVE___XPG_STRERROR_R 1
| #define HAVE_STRPTIME 1
| #define HAVE_STRTOIMAX 1
| #define HAVE_LOCALTIME_R 1
| #define HAVE_WCRTOMB 1
| #define HAVE_WCWIDTH 1
| #define HAVE_PIPE 1
| #define HAVE_PSELECT 1
| #define HAVE_PTHREAD_SIGMASK 1
| #define HAVE_SLEEP 1
| #define HAVE_SNPRINTF 1
| #define HAVE_SHUTDOWN 1
| #define HAVE_UNLINKAT 1
| #define HAVE_WCTOB 1
| #define HAVE_SIGPROCMASK 1
| #define HAVE_FORK 1
| #define HAVE_VFORK 1
| #define HAVE_LANGINFO_CODESET 1
| #define BITSIZEOF_WCHAR_T 32
| #define HAVE_MBSTATE_T 1
| #define HAVE_WORKING_MBRTOC32 1
| #define HAVE_WORKING_C32RTOMB 1
| #define HAVE_MALLOC_PTRDIFF 1
| #define HAVE_MALLOC_POSIX 1
| #define restrict __restrict__
| #define HAVE_ENVIRON_DECL 1
| #define HAVE_ERROR 1
| #define HAVE_DECL_STRERROR_R 1
| #define HAVE_STRERROR_R 1
| #define STRERROR_R_CHAR_P 1
| #define HAVE_DECL_FCHDIR 1
| #define HAVE_WORKING_O_NOATIME 1
| #define HAVE_WORKING_O_NOFOLLOW 1
| #define HAVE_MEMPCPY 1
| #define FUNC_FFLUSH_STDIN 0
| #define LSTAT_FOLLOWS_SLASHED_SYMLINK 1
| #define HAVE_DECL_GETDTABLESIZE 1
| #define HAVE_GETOPT_H 1
| #define HAVE_GETOPT_LONG_ONLY 1
| #define HAVE_PTHREAD_API 1
| #define SETLOCALE_NULL_ALL_MTSAFE 1
| #define SETLOCALE_NULL_ONE_MTSAFE 1
| #ifndef __x86_64__
| #define __x86_64__ 1
| #endif
| #ifndef __x86_64__
| #define __x86_64__ 1
| #endif
| #define HAVE_LONG_LONG_INT 1
| #define HAVE_UNSIGNED_LONG_LONG_INT 1
| #define HAVE_TOWLOWER 1
| #define HAVE_LC_MESSAGES 1
| #define HAVE_WEAK_SYMBOLS 1
| #define USE_POSIX_THREADS 1
| #define USE_POSIX_THREADS_FROM_LIBC 1
| #define HAVE_MALLOC_0_NONNULL 1
| #define HAVE_MAP_ANONYMOUS 1
| #define HAVE_DECL_MEMRCHR 1
| #define HAVE_MINMAX_IN_SYS_PARAM_H 1
| #define TIME_T_IS_SIGNED 1
| #define HAVE_DECL_ALARM 1
| #define HAVE_STRUCT_TM_TM_GMTOFF 1
| #define HAVE_STRUCT_TM_TM_ZONE 1
| #define HAVE_TM_GMTOFF 1
| #define PROMOTED_MODE_T mode_t
| #define HAVE_PTHREAD_T 1
| #define HAVE_PTHREAD_SPINLOCK_T 1
| #define HAVE_SIGSET_T 1
| #define HAVE_SCHED_H 1
| #define HAVE_DECL_SETENV 1
| #define HAVE_DECL__PUTENV 0
| #define HAVE_SEARCH_H 1
| #define HAVE_TSEARCH 1
| /* end confdefs.h.  */
| #include <sys/types.h>
| 		#include <sys/param.h>
| 
| int
| main (void)
| {
| #if BYTE_ORDER != BIG_ENDIAN
| 		 not big endian
| 		#endif
| 
|   ;
|   return 0;
| }
configure:25932: result: no
configure:25980: checking whether fcloseall is declared
configure:25980: gcc -c -g -O2   conftest.c >&5
configure:25980: $? = 0
configure:25980: result: yes
configure:25990: checking whether getw is declared
configure:25990: gcc -c -g -O2   conftest.c >&5
configure:25990: $? = 0
configure:25990: result: yes
configure:26000: checking whether putw is declared
configure:26000: gcc -c -g -O2   conftest.c >&5
configure:26000: $? = 0
configure:26000: result: yes
configure:26086: checking which flavor of printf attribute matches inttypes macros
configure:26114: gcc -c -g -O2  conftest.c >&5
configure:26114: $? = 0
configure:26124: result: system
configure:26160: checking whether ecvt is declared
configure:26160: gcc -c -g -O2   conftest.c >&5
configure:26160: $? = 0
configure:26160: result: yes
configure:26170: checking whether fcvt is declared
configure:26170: gcc -c -g -O2   conftest.c >&5
configure:26170: $? = 0
configure:26170: result: yes
configure:26180: checking whether gcvt is declared
configure:26180: gcc -c -g -O2   conftest.c >&5
configure:26180: $? = 0
configure:26180: result: yes
configure:26274: checking whether MB_CUR_MAX is correct
configure:26293: gcc -o conftest -g -O2   conftest.c  >&5
configure:26293: $? = 0
configure:26323: gcc -o conftest -g -O2   conftest.c  >&5
configure:26323: $? = 0
configure:26323: ./conftest
configure:26323: $? = 0
configure:26346: result: yes
configure:26406: checking whether strdup is declared
configure:26406: gcc -c -g -O2   conftest.c >&5
configure:26406: $? = 0
configure:26406: result: yes
configure:26418: checking whether strerror(0) succeeds
configure:26459: gcc -o conftest -g -O2   conftest.c  >&5
configure:26459: $? = 0
configure:26459: ./conftest
configure:26459: $? = 0
configure:26474: result: yes
configure:26496: checking for strerror_r
configure:26533: checking for strerror_r
configure:26533: gcc -o conftest -g -O2   conftest.c  >&5
configure:26533: $? = 0
configure:26533: result: yes
configure:26549: result: yes
configure:26565: checking for strerror_r with POSIX signature
configure:26584: gcc -c -g -O2  conftest.c >&5
conftest.c:184:21: error: conflicting types for 'strerror_r'; have 'int(int,  char *, size_t)' {aka 'int(int,  char *, long unsigned int)'}
  184 |                 int strerror_r (int, char *, size_t);
      |                     ^~~~~~~~~~
In file included from conftest.c:183:
/usr/include/string.h:444:14: note: previous declaration of 'strerror_r' with type 'char *(int,  char *, size_t)' {aka 'char *(int,  char *, long unsigned int)'}
  444 | extern char *strerror_r (int __errnum, char *__buf, size_t __buflen)
      |              ^~~~~~~~~~
configure:26584: $? = 1
configure: failed program was:
| /* confdefs.h */
| #define PACKAGE_NAME "GNU diffutils"
| #define PACKAGE_TARNAME "diffutils"
| #define PACKAGE_VERSION "3.12"
| #define PACKAGE_STRING "GNU diffutils 3.12"
| #define PACKAGE_BUGREPORT "bug-diffutils@gnu.org"
| #define PACKAGE_URL "https://www.gnu.org/software/diffutils/"
| #define PACKAGE "diffutils"
| #define VERSION "3.12"
| #define HAVE_STDIO_H 1
| #define HAVE_STDLIB_H 1
| #define HAVE_STRING_H 1
| #define HAVE_INTTYPES_H 1
| #define HAVE_STDINT_H 1
| #define HAVE_STRINGS_H 1
| #define HAVE_SYS_STAT_H 1
| #define HAVE_SYS_TYPES_H 1
| #define HAVE_UNISTD_H 1
| #define HAVE_WCHAR_H 1
| #define HAVE_STDBOOL_H 1
| #define HAVE_UCHAR_H 1
| #define HAVE_SYS_PARAM_H 1
| #define HAVE_SYS_SOCKET_H 1
| #define HAVE_DIRENT_H 1
| #define HAVE_ERROR_H 1
| #define HAVE_FNMATCH_H 1
| #define HAVE_GETOPT_H 1
| #define HAVE_SYS_TIME_H 1
| #define HAVE_THREADS_H 1
| #define HAVE_LIMITS_H 1
| #define HAVE_WCTYPE_H 1
| #define HAVE_LANGINFO_H 1
| #define HAVE_SYS_MMAN_H 1
| #define HAVE_PTHREAD_H 1
| #define HAVE_MALLOC_H 1
| #define HAVE_STDBIT_H 1
| #define HAVE_SYS_RANDOM_H 1
| #define HAVE_SYS_WAIT_H 1
| #define HAVE_FEATURES_H 1
| #define HAVE_ARPA_INET_H 1
| #define HAVE_NETDB_H 1
| #define HAVE_NETINET_IN_H 1
| #define HAVE_MATH_H 1
| #define HAVE_SYS_SELECT_H 1
| #define HAVE_SEMAPHORE_H 1
| #define HAVE_SYS_IOCTL_H 1
| #define HAVE_SYS_UN_H 1
| #define HAVE_SYS_UIO_H 1
| #define STDC_HEADERS 1
| #define _ALL_SOURCE 1
| #define _COSMO_SOURCE 1
| #define _DARWIN_C_SOURCE 1
| #define _GNU_SOURCE 1
| #define _HPUX_ALT_XOPEN_SOCKET_API 1
| #define _NETBSD_SOURCE 1
| #define _OPENBSD_SOURCE 1
| #define _POSIX_PTHREAD_SEMANTICS 1
| #define __STDC_WANT_IEC_60559_ATTRIBS_EXT__ 1
| #define __STDC_WANT_IEC_60559_BFP_EXT__ 1
| #define __STDC_WANT_IEC_60559_DFP_EXT__ 1
| #define __STDC_WANT_IEC_60559_EXT__ 1
| #define __STDC_WANT_IEC_60559_FUNCS_EXT__ 1
| #define __STDC_WANT_IEC_60559_TYPES_EXT__ 1
| #define __STDC_WANT_LIB_EXT2__ 1
| #define __STDC_WANT_MATH_SPEC_FUNCS__ 1
| #define _TANDEM_SOURCE 1
| #define __EXTENSIONS__ 1
| #define _LINUX_SOURCE_COMPAT 1
| #define __USE_MINGW_ANSI_STDIO 1
| #define HAVE_ALLOCA_H 1
| #define HAVE_ALLOCA 1
| #define HAVE_WINT_T 1
| #define HAVE_BTOWC 1
| #define HAVE_MBRTOWC 1
| #define HAVE_MBSINIT 1
| #define HAVE_FCHDIR 1
| #define HAVE_FCNTL 1
| #define HAVE_SYMLINK 1
| #define HAVE_FDOPENDIR 1
| #define HAVE_FNMATCH 1
| #define HAVE_MBSRTOWCS 1
| #define HAVE_FSTATAT 1
| #define HAVE_GETDTABLESIZE 1
| #define HAVE_GETTIMEOFDAY 1
| #define HAVE_ISBLANK 1
| #define HAVE_ISWCNTRL 1
| #define HAVE_LSTAT 1
| #define HAVE_MPROTECT 1
| #define HAVE_MKSTEMP 1
| #define HAVE_OPENAT 1
| #define HAVE_PCLOSE 1
| #define HAVE_POPEN 1
| #define HAVE_READLINK 1
| #define HAVE_ISWCTYPE 1
| #define HAVE_SETENV 1
| #define HAVE_SIGACTION 1
| #define HAVE_SIGALTSTACK 1
| #define HAVE_SIGINTERRUPT 1
| #define HAVE_SETRLIMIT 1
| #define HAVE_GETRLIMIT 1
| #define HAVE___XPG_STRERROR_R 1
| #define HAVE_STRPTIME 1
| #define HAVE_STRTOIMAX 1
| #define HAVE_LOCALTIME_R 1
| #define HAVE_WCRTOMB 1
| #define HAVE_WCWIDTH 1
| #define HAVE_PIPE 1
| #define HAVE_PSELECT 1
| #define HAVE_PTHREAD_SIGMASK 1
| #define HAVE_SLEEP 1
| #define HAVE_SNPRINTF 1
| #define HAVE_SHUTDOWN 1
| #define HAVE_UNLINKAT 1
| #define HAVE_WCTOB 1
| #define HAVE_SIGPROCMASK 1
| #define HAVE_FORK 1
| #define HAVE_VFORK 1
| #define HAVE_LANGINFO_CODESET 1
| #define BITSIZEOF_WCHAR_T 32
| #define HAVE_MBSTATE_T 1
| #define HAVE_WORKING_MBRTOC32 1
| #define HAVE_WORKING_C32RTOMB 1
| #define HAVE_MALLOC_PTRDIFF 1
| #define HAVE_MALLOC_POSIX 1
| #define restrict __restrict__
| #define HAVE_ENVIRON_DECL 1
| #define HAVE_ERROR 1
| #define HAVE_DECL_STRERROR_R 1
| #define HAVE_STRERROR_R 1
| #define STRERROR_R_CHAR_P 1
| #define HAVE_DECL_FCHDIR 1
| #define HAVE_WORKING_O_NOATIME 1
| #define HAVE_WORKING_O_NOFOLLOW 1
| #define HAVE_MEMPCPY 1
| #define FUNC_FFLUSH_STDIN 0
| #define LSTAT_FOLLOWS_SLASHED_SYMLINK 1
| #define HAVE_DECL_GETDTABLESIZE 1
| #define HAVE_GETOPT_H 1
| #define HAVE_GETOPT_LONG_ONLY 1
| #define HAVE_PTHREAD_API 1
| #define SETLOCALE_NULL_ALL_MTSAFE 1
| #define SETLOCALE_NULL_ONE_MTSAFE 1
| #ifndef __x86_64__
| #define __x86_64__ 1
| #endif
| #ifndef __x86_64__
| #define __x86_64__ 1
| #endif
| #define HAVE_LONG_LONG_INT 1
| #define HAVE_UNSIGNED_LONG_LONG_INT 1
| #define HAVE_TOWLOWER 1
| #define HAVE_LC_MESSAGES 1
| #define HAVE_WEAK_SYMBOLS 1
| #define USE_POSIX_THREADS 1
| #define USE_POSIX_THREADS_FROM_LIBC 1
| #define HAVE_MALLOC_0_NONNULL 1
| #define HAVE_MAP_ANONYMOUS 1
| #define HAVE_DECL_MEMRCHR 1
| #define HAVE_MINMAX_IN_SYS_PARAM_H 1
| #define TIME_T_IS_SIGNED 1
| #define HAVE_DECL_ALARM 1
| #define HAVE_STRUCT_TM_TM_GMTOFF 1
| #define HAVE_STRUCT_TM_TM_ZONE 1
| #define HAVE_TM_GMTOFF 1
| #define PROMOTED_MODE_T mode_t
| #define HAVE_PTHREAD_T 1
| #define HAVE_PTHREAD_SPINLOCK_T 1
| #define HAVE_SIGSET_T 1
| #define HAVE_SCHED_H 1
| #define HAVE_DECL_SETENV 1
| #define HAVE_DECL__PUTENV 0
| #define HAVE_SEARCH_H 1
| #define HAVE_TSEARCH 1
| #define HAVE_DECL_FCLOSEALL 1
| #define HAVE_DECL_GETW 1
| #define HAVE_DECL_PUTW 1
| #define HAVE_DECL_ECVT 1
| #define HAVE_DECL_FCVT 1
| #define HAVE_DECL_GCVT 1
| #define HAVE_DECL_STRDUP 1
| #define HAVE_STRERROR_R 1
| /* end confdefs.h.  */
| #include <string.h>
|                 int strerror_r (int, char *, size_t);
| 
| int
| main (void)
| {
| 
|   ;
|   return 0;
| }
configure:26595: result: no
configure:26675: checking whether __xpg_strerror_r works
configure:26717: gcc -o conftest -g -O2   conftest.c  >&5
configure:26717: $? = 0
configure:26717: ./conftest
configure:26717: $? = 0
configure:26732: result: yes
configure:26919: checking whether strnlen is declared
configure:26919: gcc -c -g -O2   conftest.c >&5
configure:26919: $? = 0
configure:26919: result: yes
configure:26931: checking whether strtoimax is declared
configure:26931: gcc -c -g -O2   conftest.c >&5
configure:26931: $? = 0
configure:26931: result: yes
configure:27051: checking for off64_t
configure:27069: gcc -c -g -O2  conftest.c >&5
configure:27069: $? = 0
configure:27079: result: yes
configure:27183: checking for blksize_t
configure:27183: gcc -c -g -O2  conftest.c >&5
configure:27183: $? = 0
configure:27183: gcc -c -g -O2  conftest.c >&5
conftest.c: In function 'main':
conftest.c:217:24: error: expected expression before ')' token
  217 | if (sizeof ((blksize_t)))
      |                        ^
configure:27183: $? = 1
configure: failed program was:
| /* confdefs.h */
| #define PACKAGE_NAME "GNU diffutils"
| #define PACKAGE_TARNAME "diffutils"
| #define PACKAGE_VERSION "3.12"
| #define PACKAGE_STRING "GNU diffutils 3.12"
| #define PACKAGE_BUGREPORT "bug-diffutils@gnu.org"
| #define PACKAGE_URL "https://www.gnu.org/software/diffutils/"
| #define PACKAGE "diffutils"
| #define VERSION "3.12"
| #define HAVE_STDIO_H 1
| #define HAVE_STDLIB_H 1
| #define HAVE_STRING_H 1
| #define HAVE_INTTYPES_H 1
| #define HAVE_STDINT_H 1
| #define HAVE_STRINGS_H 1
| #define HAVE_SYS_STAT_H 1
| #define HAVE_SYS_TYPES_H 1
| #define HAVE_UNISTD_H 1
| #define HAVE_WCHAR_H 1
| #define HAVE_STDBOOL_H 1
| #define HAVE_UCHAR_H 1
| #define HAVE_SYS_PARAM_H 1
| #define HAVE_SYS_SOCKET_H 1
| #define HAVE_DIRENT_H 1
| #define HAVE_ERROR_H 1
| #define HAVE_FNMATCH_H 1
| #define HAVE_GETOPT_H 1
| #define HAVE_SYS_TIME_H 1
| #define HAVE_THREADS_H 1
| #define HAVE_LIMITS_H 1
| #define HAVE_WCTYPE_H 1
| #define HAVE_LANGINFO_H 1
| #define HAVE_SYS_MMAN_H 1
| #define HAVE_PTHREAD_H 1
| #define HAVE_MALLOC_H 1
| #define HAVE_STDBIT_H 1
| #define HAVE_SYS_RANDOM_H 1
| #define HAVE_SYS_WAIT_H 1
| #define HAVE_FEATURES_H 1
| #define HAVE_ARPA_INET_H 1
| #define HAVE_NETDB_H 1
| #define HAVE_NETINET_IN_H 1
| #define HAVE_MATH_H 1
| #define HAVE_SYS_SELECT_H 1
| #define HAVE_SEMAPHORE_H 1
| #define HAVE_SYS_IOCTL_H 1
| #define HAVE_SYS_UN_H 1
| #define HAVE_SYS_UIO_H 1
| #define STDC_HEADERS 1
| #define _ALL_SOURCE 1
| #define _COSMO_SOURCE 1
| #define _DARWIN_C_SOURCE 1
| #define _GNU_SOURCE 1
| #define _HPUX_ALT_XOPEN_SOCKET_API 1
| #define _NETBSD_SOURCE 1
| #define _OPENBSD_SOURCE 1
| #define _POSIX_PTHREAD_SEMANTICS 1
| #define __STDC_WANT_IEC_60559_ATTRIBS_EXT__ 1
| #define __STDC_WANT_IEC_60559_BFP_EXT__ 1
| #define __STDC_WANT_IEC_60559_DFP_EXT__ 1
| #define __STDC_WANT_IEC_60559_EXT__ 1
| #define __STDC_WANT_IEC_60559_FUNCS_EXT__ 1
| #define __STDC_WANT_IEC_60559_TYPES_EXT__ 1
| #define __STDC_WANT_LIB_EXT2__ 1
| #define __STDC_WANT_MATH_SPEC_FUNCS__ 1
| #define _TANDEM_SOURCE 1
| #define __EXTENSIONS__ 1
| #define _LINUX_SOURCE_COMPAT 1
| #define __USE_MINGW_ANSI_STDIO 1
| #define HAVE_ALLOCA_H 1
| #define HAVE_ALLOCA 1
| #define HAVE_WINT_T 1
| #define HAVE_BTOWC 1
| #define HAVE_MBRTOWC 1
| #define HAVE_MBSINIT 1
| #define HAVE_FCHDIR 1
| #define HAVE_FCNTL 1
| #define HAVE_SYMLINK 1
| #define HAVE_FDOPENDIR 1
| #define HAVE_FNMATCH 1
| #define HAVE_MBSRTOWCS 1
| #define HAVE_FSTATAT 1
| #define HAVE_GETDTABLESIZE 1
| #define HAVE_GETTIMEOFDAY 1
| #define HAVE_ISBLANK 1
| #define HAVE_ISWCNTRL 1
| #define HAVE_LSTAT 1
| #define HAVE_MPROTECT 1
| #define HAVE_MKSTEMP 1
| #define HAVE_OPENAT 1
| #define HAVE_PCLOSE 1
| #define HAVE_POPEN 1
| #define HAVE_READLINK 1
| #define HAVE_ISWCTYPE 1
| #define HAVE_SETENV 1
| #define HAVE_SIGACTION 1
| #define HAVE_SIGALTSTACK 1
| #define HAVE_SIGINTERRUPT 1
| #define HAVE_SETRLIMIT 1
| #define HAVE_GETRLIMIT 1
| #define HAVE___XPG_STRERROR_R 1
| #define HAVE_STRPTIME 1
| #define HAVE_STRTOIMAX 1
| #define HAVE_LOCALTIME_R 1
| #define HAVE_WCRTOMB 1
| #define HAVE_WCWIDTH 1
| #define HAVE_PIPE 1
| #define HAVE_PSELECT 1
| #define HAVE_PTHREAD_SIGMASK 1
| #define HAVE_SLEEP 1
| #define HAVE_SNPRINTF 1
| #define HAVE_SHUTDOWN 1
| #define HAVE_UNLINKAT 1
| #define HAVE_WCTOB 1
| #define HAVE_SIGPROCMASK 1
| #define HAVE_FORK 1
| #define HAVE_VFORK 1
| #define HAVE_LANGINFO_CODESET 1
| #define BITSIZEOF_WCHAR_T 32
| #define HAVE_MBSTATE_T 1
| #define HAVE_WORKING_MBRTOC32 1
| #define HAVE_WORKING_C32RTOMB 1
| #define HAVE_MALLOC_PTRDIFF 1
| #define HAVE_MALLOC_POSIX 1
| #define restrict __restrict__
| #define HAVE_ENVIRON_DECL 1
| #define HAVE_ERROR 1
| #define HAVE_DECL_STRERROR_R 1
| #define HAVE_STRERROR_R 1
| #define STRERROR_R_CHAR_P 1
| #define HAVE_DECL_FCHDIR 1
| #define HAVE_WORKING_O_NOATIME 1
| #define HAVE_WORKING_O_NOFOLLOW 1
| #define HAVE_MEMPCPY 1
| #define FUNC_FFLUSH_STDIN 0
| #define LSTAT_FOLLOWS_SLASHED_SYMLINK 1
| #define HAVE_DECL_GETDTABLESIZE 1
| #define HAVE_GETOPT_H 1
| #define HAVE_GETOPT_LONG_ONLY 1
| #define HAVE_PTHREAD_API 1
| #define SETLOCALE_NULL_ALL_MTSAFE 1
| #define SETLOCALE_NULL_ONE_MTSAFE 1
| #ifndef __x86_64__
| #define __x86_64__ 1
| #endif
| #ifndef __x86_64__
| #define __x86_64__ 1
| #endif
| #define HAVE_LONG_LONG_INT 1
| #define HAVE_UNSIGNED_LONG_LONG_INT 1
| #define HAVE_TOWLOWER 1
| #define HAVE_LC_MESSAGES 1
| #define HAVE_WEAK_SYMBOLS 1
| #define USE_POSIX_THREADS 1
| #define USE_POSIX_THREADS_FROM_LIBC 1
| #define HAVE_MALLOC_0_NONNULL 1
| #define HAVE_MAP_ANONYMOUS 1
| #define HAVE_DECL_MEMRCHR 1
| #define HAVE_MINMAX_IN_SYS_PARAM_H 1
| #define TIME_T_IS_SIGNED 1
| #define HAVE_DECL_ALARM 1
| #define HAVE_STRUCT_TM_TM_GMTOFF 1
| #define HAVE_STRUCT_TM_TM_ZONE 1
| #define HAVE_TM_GMTOFF 1
| #define PROMOTED_MODE_T mode_t
| #define HAVE_PTHREAD_T 1
| #define HAVE_PTHREAD_SPINLOCK_T 1
| #define HAVE_SIGSET_T 1
| #define HAVE_SCHED_H 1
| #define HAVE_DECL_SETENV 1
| #define HAVE_DECL__PUTENV 0
| #define HAVE_SEARCH_H 1
| #define HAVE_TSEARCH 1
| #define HAVE_DECL_FCLOSEALL 1
| #define HAVE_DECL_GETW 1
| #define HAVE_DECL_PUTW 1
| #define HAVE_DECL_ECVT 1
| #define HAVE_DECL_FCVT 1
| #define HAVE_DECL_GCVT 1
| #define HAVE_DECL_STRDUP 1
| #define HAVE_STRERROR_R 1
| #define HAVE_DECL_STRNLEN 1
| #define HAVE_DECL_STRTOIMAX 1
| #define _USE_STD_STAT 1
| /* end confdefs.h.  */
| #include <stddef.h>
| #ifdef HAVE_STDIO_H
| # include <stdio.h>
| #endif
| #ifdef HAVE_STDLIB_H
| # include <stdlib.h>
| #endif
| #ifdef HAVE_STRING_H
| # include <string.h>
| #endif
| #ifdef HAVE_INTTYPES_H
| # include <inttypes.h>
| #endif
| #ifdef HAVE_STDINT_H
| # include <stdint.h>
| #endif
| #ifdef HAVE_STRINGS_H
| # include <strings.h>
| #endif
| #ifdef HAVE_SYS_TYPES_H
| # include <sys/types.h>
| #endif
| #ifdef HAVE_SYS_STAT_H
| # include <sys/stat.h>
| #endif
| #ifdef HAVE_UNISTD_H
| # include <unistd.h>
| #endif
| int
| main (void)
| {
| if (sizeof ((blksize_t)))
| 	    return 0;
|   ;
|   return 0;
| }
configure:27183: result: yes
configure:27194: checking for blkcnt_t
configure:27194: gcc -c -g -O2  conftest.c >&5
configure:27194: $? = 0
configure:27194: gcc -c -g -O2  conftest.c >&5
conftest.c: In function 'main':
conftest.c:217:23: error: expected expression before ')' token
  217 | if (sizeof ((blkcnt_t)))
      |                       ^
configure:27194: $? = 1
configure: failed program was:
| /* confdefs.h */
| #define PACKAGE_NAME "GNU diffutils"
| #define PACKAGE_TARNAME "diffutils"
| #define PACKAGE_VERSION "3.12"
| #define PACKAGE_STRING "GNU diffutils 3.12"
| #define PACKAGE_BUGREPORT "bug-diffutils@gnu.org"
| #define PACKAGE_URL "https://www.gnu.org/software/diffutils/"
| #define PACKAGE "diffutils"
| #define VERSION "3.12"
| #define HAVE_STDIO_H 1
| #define HAVE_STDLIB_H 1
| #define HAVE_STRING_H 1
| #define HAVE_INTTYPES_H 1
| #define HAVE_STDINT_H 1
| #define HAVE_STRINGS_H 1
| #define HAVE_SYS_STAT_H 1
| #define HAVE_SYS_TYPES_H 1
| #define HAVE_UNISTD_H 1
| #define HAVE_WCHAR_H 1
| #define HAVE_STDBOOL_H 1
| #define HAVE_UCHAR_H 1
| #define HAVE_SYS_PARAM_H 1
| #define HAVE_SYS_SOCKET_H 1
| #define HAVE_DIRENT_H 1
| #define HAVE_ERROR_H 1
| #define HAVE_FNMATCH_H 1
| #define HAVE_GETOPT_H 1
| #define HAVE_SYS_TIME_H 1
| #define HAVE_THREADS_H 1
| #define HAVE_LIMITS_H 1
| #define HAVE_WCTYPE_H 1
| #define HAVE_LANGINFO_H 1
| #define HAVE_SYS_MMAN_H 1
| #define HAVE_PTHREAD_H 1
| #define HAVE_MALLOC_H 1
| #define HAVE_STDBIT_H 1
| #define HAVE_SYS_RANDOM_H 1
| #define HAVE_SYS_WAIT_H 1
| #define HAVE_FEATURES_H 1
| #define HAVE_ARPA_INET_H 1
| #define HAVE_NETDB_H 1
| #define HAVE_NETINET_IN_H 1
| #define HAVE_MATH_H 1
| #define HAVE_SYS_SELECT_H 1
| #define HAVE_SEMAPHORE_H 1
| #define HAVE_SYS_IOCTL_H 1
| #define HAVE_SYS_UN_H 1
| #define HAVE_SYS_UIO_H 1
| #define STDC_HEADERS 1
| #define _ALL_SOURCE 1
| #define _COSMO_SOURCE 1
| #define _DARWIN_C_SOURCE 1
| #define _GNU_SOURCE 1
| #define _HPUX_ALT_XOPEN_SOCKET_API 1
| #define _NETBSD_SOURCE 1
| #define _OPENBSD_SOURCE 1
| #define _POSIX_PTHREAD_SEMANTICS 1
| #define __STDC_WANT_IEC_60559_ATTRIBS_EXT__ 1
| #define __STDC_WANT_IEC_60559_BFP_EXT__ 1
| #define __STDC_WANT_IEC_60559_DFP_EXT__ 1
| #define __STDC_WANT_IEC_60559_EXT__ 1
| #define __STDC_WANT_IEC_60559_FUNCS_EXT__ 1
| #define __STDC_WANT_IEC_60559_TYPES_EXT__ 1
| #define __STDC_WANT_LIB_EXT2__ 1
| #define __STDC_WANT_MATH_SPEC_FUNCS__ 1
| #define _TANDEM_SOURCE 1
| #define __EXTENSIONS__ 1
| #define _LINUX_SOURCE_COMPAT 1
| #define __USE_MINGW_ANSI_STDIO 1
| #define HAVE_ALLOCA_H 1
| #define HAVE_ALLOCA 1
| #define HAVE_WINT_T 1
| #define HAVE_BTOWC 1
| #define HAVE_MBRTOWC 1
| #define HAVE_MBSINIT 1
| #define HAVE_FCHDIR 1
| #define HAVE_FCNTL 1
| #define HAVE_SYMLINK 1
| #define HAVE_FDOPENDIR 1
| #define HAVE_FNMATCH 1
| #define HAVE_MBSRTOWCS 1
| #define HAVE_FSTATAT 1
| #define HAVE_GETDTABLESIZE 1
| #define HAVE_GETTIMEOFDAY 1
| #define HAVE_ISBLANK 1
| #define HAVE_ISWCNTRL 1
| #define HAVE_LSTAT 1
| #define HAVE_MPROTECT 1
| #define HAVE_MKSTEMP 1
| #define HAVE_OPENAT 1
| #define HAVE_PCLOSE 1
| #define HAVE_POPEN 1
| #define HAVE_READLINK 1
| #define HAVE_ISWCTYPE 1
| #define HAVE_SETENV 1
| #define HAVE_SIGACTION 1
| #define HAVE_SIGALTSTACK 1
| #define HAVE_SIGINTERRUPT 1
| #define HAVE_SETRLIMIT 1
| #define HAVE_GETRLIMIT 1
| #define HAVE___XPG_STRERROR_R 1
| #define HAVE_STRPTIME 1
| #define HAVE_STRTOIMAX 1
| #define HAVE_LOCALTIME_R 1
| #define HAVE_WCRTOMB 1
| #define HAVE_WCWIDTH 1
| #define HAVE_PIPE 1
| #define HAVE_PSELECT 1
| #define HAVE_PTHREAD_SIGMASK 1
| #define HAVE_SLEEP 1
| #define HAVE_SNPRINTF 1
| #define HAVE_SHUTDOWN 1
| #define HAVE_UNLINKAT 1
| #define HAVE_WCTOB 1
| #define HAVE_SIGPROCMASK 1
| #define HAVE_FORK 1
| #define HAVE_VFORK 1
| #define HAVE_LANGINFO_CODESET 1
| #define BITSIZEOF_WCHAR_T 32
| #define HAVE_MBSTATE_T 1
| #define HAVE_WORKING_MBRTOC32 1
| #define HAVE_WORKING_C32RTOMB 1
| #define HAVE_MALLOC_PTRDIFF 1
| #define HAVE_MALLOC_POSIX 1
| #define restrict __restrict__
| #define HAVE_ENVIRON_DECL 1
| #define HAVE_ERROR 1
| #define HAVE_DECL_STRERROR_R 1
| #define HAVE_STRERROR_R 1
| #define STRERROR_R_CHAR_P 1
| #define HAVE_DECL_FCHDIR 1
| #define HAVE_WORKING_O_NOATIME 1
| #define HAVE_WORKING_O_NOFOLLOW 1
| #define HAVE_MEMPCPY 1
| #define FUNC_FFLUSH_STDIN 0
| #define LSTAT_FOLLOWS_SLASHED_SYMLINK 1
| #define HAVE_DECL_GETDTABLESIZE 1
| #define HAVE_GETOPT_H 1
| #define HAVE_GETOPT_LONG_ONLY 1
| #define HAVE_PTHREAD_API 1
| #define SETLOCALE_NULL_ALL_MTSAFE 1
| #define SETLOCALE_NULL_ONE_MTSAFE 1
| #ifndef __x86_64__
| #define __x86_64__ 1
| #endif
| #ifndef __x86_64__
| #define __x86_64__ 1
| #endif
| #define HAVE_LONG_LONG_INT 1
| #define HAVE_UNSIGNED_LONG_LONG_INT 1
| #define HAVE_TOWLOWER 1
| #define HAVE_LC_MESSAGES 1
| #define HAVE_WEAK_SYMBOLS 1
| #define USE_POSIX_THREADS 1
| #define USE_POSIX_THREADS_FROM_LIBC 1
| #define HAVE_MALLOC_0_NONNULL 1
| #define HAVE_MAP_ANONYMOUS 1
| #define HAVE_DECL_MEMRCHR 1
| #define HAVE_MINMAX_IN_SYS_PARAM_H 1
| #define TIME_T_IS_SIGNED 1
| #define HAVE_DECL_ALARM 1
| #define HAVE_STRUCT_TM_TM_GMTOFF 1
| #define HAVE_STRUCT_TM_TM_ZONE 1
| #define HAVE_TM_GMTOFF 1
| #define PROMOTED_MODE_T mode_t
| #define HAVE_PTHREAD_T 1
| #define HAVE_PTHREAD_SPINLOCK_T 1
| #define HAVE_SIGSET_T 1
| #define HAVE_SCHED_H 1
| #define HAVE_DECL_SETENV 1
| #define HAVE_DECL__PUTENV 0
| #define HAVE_SEARCH_H 1
| #define HAVE_TSEARCH 1
| #define HAVE_DECL_FCLOSEALL 1
| #define HAVE_DECL_GETW 1
| #define HAVE_DECL_PUTW 1
| #define HAVE_DECL_ECVT 1
| #define HAVE_DECL_FCVT 1
| #define HAVE_DECL_GCVT 1
| #define HAVE_DECL_STRDUP 1
| #define HAVE_STRERROR_R 1
| #define HAVE_DECL_STRNLEN 1
| #define HAVE_DECL_STRTOIMAX 1
| #define _USE_STD_STAT 1
| /* end confdefs.h.  */
| #include <stddef.h>
| #ifdef HAVE_STDIO_H
| # include <stdio.h>
| #endif
| #ifdef HAVE_STDLIB_H
| # include <stdlib.h>
| #endif
| #ifdef HAVE_STRING_H
| # include <string.h>
| #endif
| #ifdef HAVE_INTTYPES_H
| # include <inttypes.h>
| #endif
| #ifdef HAVE_STDINT_H
| # include <stdint.h>
| #endif
| #ifdef HAVE_STRINGS_H
| # include <strings.h>
| #endif
| #ifdef HAVE_SYS_TYPES_H
| # include <sys/types.h>
| #endif
| #ifdef HAVE_SYS_STAT_H
| # include <sys/stat.h>
| #endif
| #ifdef HAVE_UNISTD_H
| # include <unistd.h>
| #endif
| int
| main (void)
| {
| if (sizeof ((blkcnt_t)))
| 	    return 0;
|   ;
|   return 0;
| }
configure:27194: result: yes
configure:27308: checking for struct timespec in <time.h>
configure:27326: gcc -c -g -O2  conftest.c >&5
configure:27326: $? = 0
configure:27336: result: yes
configure:27537: checking for TIME_UTC in <time.h>
configure:27555: gcc -c -g -O2  conftest.c >&5
configure:27555: $? = 0
configure:27565: result: yes
configure:28213: checking whether execvpe is declared
configure:28213: gcc -c -g -O2   conftest.c >&5
configure:28213: $? = 0
configure:28213: result: yes
configure:28328: checking whether clearerr_unlocked is declared
configure:28328: gcc -c -g -O2   conftest.c >&5
configure:28328: $? = 0
configure:28328: result: yes
configure:28338: checking whether feof_unlocked is declared
configure:28338: gcc -c -g -O2   conftest.c >&5
configure:28338: $? = 0
configure:28338: result: yes
configure:28348: checking whether ferror_unlocked is declared
configure:28348: gcc -c -g -O2   conftest.c >&5
configure:28348: $? = 0
configure:28348: result: yes
configure:28358: checking whether fflush_unlocked is declared
configure:28358: gcc -c -g -O2   conftest.c >&5
configure:28358: $? = 0
configure:28358: result: yes
configure:28368: checking whether fgets_unlocked is declared
configure:28368: gcc -c -g -O2   conftest.c >&5
configure:28368: $? = 0
configure:28368: result: yes
configure:28378: checking whether fputc_unlocked is declared
configure:28378: gcc -c -g -O2   conftest.c >&5
configure:28378: $? = 0
configure:28378: result: yes
configure:28388: checking whether fputs_unlocked is declared
configure:28388: gcc -c -g -O2   conftest.c >&5
configure:28388: $? = 0
configure:28388: result: yes
configure:28398: checking whether fread_unlocked is declared
configure:28398: gcc -c -g -O2   conftest.c >&5
configure:28398: $? = 0
configure:28398: result: yes
configure:28408: checking whether fwrite_unlocked is declared
configure:28408: gcc -c -g -O2   conftest.c >&5
configure:28408: $? = 0
configure:28408: result: yes
configure:28418: checking whether getc_unlocked is declared
configure:28418: gcc -c -g -O2   conftest.c >&5
configure:28418: $? = 0
configure:28418: result: yes
configure:28428: checking whether getchar_unlocked is declared
configure:28428: gcc -c -g -O2   conftest.c >&5
configure:28428: $? = 0
configure:28428: result: yes
configure:28438: checking whether putc_unlocked is declared
configure:28438: gcc -c -g -O2   conftest.c >&5
configure:28438: $? = 0
configure:28438: result: yes
configure:28448: checking whether putchar_unlocked is declared
configure:28448: gcc -c -g -O2   conftest.c >&5
configure:28448: $? = 0
configure:28448: result: yes
configure:28458: checking whether unsetenv is declared
configure:28458: gcc -c -g -O2   conftest.c >&5
configure:28458: $? = 0
configure:28458: result: yes
configure:28586: checking whether wcsdup is declared
configure:28586: gcc -c -g -O2   conftest.c >&5
configure:28586: $? = 0
configure:28586: result: yes
configure:28607: checking for C compiler option to allow warnings
configure:28616: gcc -g -O2  -c conftest.c 2>conftest1.err
configure:28619: $? = 0
configure:28622: gcc -g -O2  -Wno-error -c conftest.c 2>conftest2.err
configure:28625: $? = 0
configure:28636: result: -Wno-error
configure:28716: checking whether <sys/socket.h> is self-contained
configure:28734: gcc -c -g -O2  conftest.c >&5
configure:28734: $? = 0
configure:28745: result: yes
configure:28748: checking for shutdown
configure:28748: result: yes
configure:28756: checking whether <sys/socket.h> defines the SHUT_* macros
configure:28774: gcc -c -g -O2  conftest.c >&5
configure:28774: $? = 0
configure:28785: result: yes
configure:28897: checking for struct sockaddr_storage
configure:28897: gcc -c -g -O2  conftest.c >&5
configure:28897: $? = 0
configure:28897: gcc -c -g -O2  conftest.c >&5
conftest.c: In function 'main':
conftest.c:219:38: error: expected expression before ')' token
  219 | if (sizeof ((struct sockaddr_storage)))
      |                                      ^
configure:28897: $? = 1
configure: failed program was:
| /* confdefs.h */
| #define PACKAGE_NAME "GNU diffutils"
| #define PACKAGE_TARNAME "diffutils"
| #define PACKAGE_VERSION "3.12"
| #define PACKAGE_STRING "GNU diffutils 3.12"
| #define PACKAGE_BUGREPORT "bug-diffutils@gnu.org"
| #define PACKAGE_URL "https://www.gnu.org/software/diffutils/"
| #define PACKAGE "diffutils"
| #define VERSION "3.12"
| #define HAVE_STDIO_H 1
| #define HAVE_STDLIB_H 1
| #define HAVE_STRING_H 1
| #define HAVE_INTTYPES_H 1
| #define HAVE_STDINT_H 1
| #define HAVE_STRINGS_H 1
| #define HAVE_SYS_STAT_H 1
| #define HAVE_SYS_TYPES_H 1
| #define HAVE_UNISTD_H 1
| #define HAVE_WCHAR_H 1
| #define HAVE_STDBOOL_H 1
| #define HAVE_UCHAR_H 1
| #define HAVE_SYS_PARAM_H 1
| #define HAVE_SYS_SOCKET_H 1
| #define HAVE_DIRENT_H 1
| #define HAVE_ERROR_H 1
| #define HAVE_FNMATCH_H 1
| #define HAVE_GETOPT_H 1
| #define HAVE_SYS_TIME_H 1
| #define HAVE_THREADS_H 1
| #define HAVE_LIMITS_H 1
| #define HAVE_WCTYPE_H 1
| #define HAVE_LANGINFO_H 1
| #define HAVE_SYS_MMAN_H 1
| #define HAVE_PTHREAD_H 1
| #define HAVE_MALLOC_H 1
| #define HAVE_STDBIT_H 1
| #define HAVE_SYS_RANDOM_H 1
| #define HAVE_SYS_WAIT_H 1
| #define HAVE_FEATURES_H 1
| #define HAVE_ARPA_INET_H 1
| #define HAVE_NETDB_H 1
| #define HAVE_NETINET_IN_H 1
| #define HAVE_MATH_H 1
| #define HAVE_SYS_SELECT_H 1
| #define HAVE_SEMAPHORE_H 1
| #define HAVE_SYS_IOCTL_H 1
| #define HAVE_SYS_UN_H 1
| #define HAVE_SYS_UIO_H 1
| #define STDC_HEADERS 1
| #define _ALL_SOURCE 1
| #define _COSMO_SOURCE 1
| #define _DARWIN_C_SOURCE 1
| #define _GNU_SOURCE 1
| #define _HPUX_ALT_XOPEN_SOCKET_API 1
| #define _NETBSD_SOURCE 1
| #define _OPENBSD_SOURCE 1
| #define _POSIX_PTHREAD_SEMANTICS 1
| #define __STDC_WANT_IEC_60559_ATTRIBS_EXT__ 1
| #define __STDC_WANT_IEC_60559_BFP_EXT__ 1
| #define __STDC_WANT_IEC_60559_DFP_EXT__ 1
| #define __STDC_WANT_IEC_60559_EXT__ 1
| #define __STDC_WANT_IEC_60559_FUNCS_EXT__ 1
| #define __STDC_WANT_IEC_60559_TYPES_EXT__ 1
| #define __STDC_WANT_LIB_EXT2__ 1
| #define __STDC_WANT_MATH_SPEC_FUNCS__ 1
| #define _TANDEM_SOURCE 1
| #define __EXTENSIONS__ 1
| #define _LINUX_SOURCE_COMPAT 1
| #define __USE_MINGW_ANSI_STDIO 1
| #define HAVE_ALLOCA_H 1
| #define HAVE_ALLOCA 1
| #define HAVE_WINT_T 1
| #define HAVE_BTOWC 1
| #define HAVE_MBRTOWC 1
| #define HAVE_MBSINIT 1
| #define HAVE_FCHDIR 1
| #define HAVE_FCNTL 1
| #define HAVE_SYMLINK 1
| #define HAVE_FDOPENDIR 1
| #define HAVE_FNMATCH 1
| #define HAVE_MBSRTOWCS 1
| #define HAVE_FSTATAT 1
| #define HAVE_GETDTABLESIZE 1
| #define HAVE_GETTIMEOFDAY 1
| #define HAVE_ISBLANK 1
| #define HAVE_ISWCNTRL 1
| #define HAVE_LSTAT 1
| #define HAVE_MPROTECT 1
| #define HAVE_MKSTEMP 1
| #define HAVE_OPENAT 1
| #define HAVE_PCLOSE 1
| #define HAVE_POPEN 1
| #define HAVE_READLINK 1
| #define HAVE_ISWCTYPE 1
| #define HAVE_SETENV 1
| #define HAVE_SIGACTION 1
| #define HAVE_SIGALTSTACK 1
| #define HAVE_SIGINTERRUPT 1
| #define HAVE_SETRLIMIT 1
| #define HAVE_GETRLIMIT 1
| #define HAVE___XPG_STRERROR_R 1
| #define HAVE_STRPTIME 1
| #define HAVE_STRTOIMAX 1
| #define HAVE_LOCALTIME_R 1
| #define HAVE_WCRTOMB 1
| #define HAVE_WCWIDTH 1
| #define HAVE_PIPE 1
| #define HAVE_PSELECT 1
| #define HAVE_PTHREAD_SIGMASK 1
| #define HAVE_SLEEP 1
| #define HAVE_SNPRINTF 1
| #define HAVE_SHUTDOWN 1
| #define HAVE_UNLINKAT 1
| #define HAVE_WCTOB 1
| #define HAVE_SIGPROCMASK 1
| #define HAVE_FORK 1
| #define HAVE_VFORK 1
| #define HAVE_LANGINFO_CODESET 1
| #define BITSIZEOF_WCHAR_T 32
| #define HAVE_MBSTATE_T 1
| #define HAVE_WORKING_MBRTOC32 1
| #define HAVE_WORKING_C32RTOMB 1
| #define HAVE_MALLOC_PTRDIFF 1
| #define HAVE_MALLOC_POSIX 1
| #define restrict __restrict__
| #define HAVE_ENVIRON_DECL 1
| #define HAVE_ERROR 1
| #define HAVE_DECL_STRERROR_R 1
| #define HAVE_STRERROR_R 1
| #define STRERROR_R_CHAR_P 1
| #define HAVE_DECL_FCHDIR 1
| #define HAVE_WORKING_O_NOATIME 1
| #define HAVE_WORKING_O_NOFOLLOW 1
| #define HAVE_MEMPCPY 1
| #define FUNC_FFLUSH_STDIN 0
| #define LSTAT_FOLLOWS_SLASHED_SYMLINK 1
| #define HAVE_DECL_GETDTABLESIZE 1
| #define HAVE_GETOPT_H 1
| #define HAVE_GETOPT_LONG_ONLY 1
| #define HAVE_PTHREAD_API 1
| #define SETLOCALE_NULL_ALL_MTSAFE 1
| #define SETLOCALE_NULL_ONE_MTSAFE 1
| #ifndef __x86_64__
| #define __x86_64__ 1
| #endif
| #ifndef __x86_64__
| #define __x86_64__ 1
| #endif
| #define HAVE_LONG_LONG_INT 1
| #define HAVE_UNSIGNED_LONG_LONG_INT 1
| #define HAVE_TOWLOWER 1
| #define HAVE_LC_MESSAGES 1
| #define HAVE_WEAK_SYMBOLS 1
| #define USE_POSIX_THREADS 1
| #define USE_POSIX_THREADS_FROM_LIBC 1
| #define HAVE_MALLOC_0_NONNULL 1
| #define HAVE_MAP_ANONYMOUS 1
| #define HAVE_DECL_MEMRCHR 1
| #define HAVE_MINMAX_IN_SYS_PARAM_H 1
| #define TIME_T_IS_SIGNED 1
| #define HAVE_DECL_ALARM 1
| #define HAVE_STRUCT_TM_TM_GMTOFF 1
| #define HAVE_STRUCT_TM_TM_ZONE 1
| #define HAVE_TM_GMTOFF 1
| #define PROMOTED_MODE_T mode_t
| #define HAVE_PTHREAD_T 1
| #define HAVE_PTHREAD_SPINLOCK_T 1
| #define HAVE_SIGSET_T 1
| #define HAVE_SCHED_H 1
| #define HAVE_DECL_SETENV 1
| #define HAVE_DECL__PUTENV 0
| #define HAVE_SEARCH_H 1
| #define HAVE_TSEARCH 1
| #define HAVE_DECL_FCLOSEALL 1
| #define HAVE_DECL_GETW 1
| #define HAVE_DECL_PUTW 1
| #define HAVE_DECL_ECVT 1
| #define HAVE_DECL_FCVT 1
| #define HAVE_DECL_GCVT 1
| #define HAVE_DECL_STRDUP 1
| #define HAVE_STRERROR_R 1
| #define HAVE_DECL_STRNLEN 1
| #define HAVE_DECL_STRTOIMAX 1
| #define _USE_STD_STAT 1
| #define HAVE_DECL_EXECVPE 1
| #define HAVE_DECL_CLEARERR_UNLOCKED 1
| #define HAVE_DECL_FEOF_UNLOCKED 1
| #define HAVE_DECL_FERROR_UNLOCKED 1
| #define HAVE_DECL_FFLUSH_UNLOCKED 1
| #define HAVE_DECL_FGETS_UNLOCKED 1
| #define HAVE_DECL_FPUTC_UNLOCKED 1
| #define HAVE_DECL_FPUTS_UNLOCKED 1
| #define HAVE_DECL_FREAD_UNLOCKED 1
| #define HAVE_DECL_FWRITE_UNLOCKED 1
| #define HAVE_DECL_GETC_UNLOCKED 1
| #define HAVE_DECL_GETCHAR_UNLOCKED 1
| #define HAVE_DECL_PUTC_UNLOCKED 1
| #define HAVE_DECL_PUTCHAR_UNLOCKED 1
| #define HAVE_DECL_UNSETENV 1
| #define HAVE_DECL_WCSDUP 1
| #define HAVE_SHUTDOWN 1
| /* end confdefs.h.  */
| 
|   /* sys/types.h is not needed according to POSIX, but the
|      sys/socket.h in i386-unknown-freebsd4.10 and
|      powerpc-apple-darwin5.5 required it. */
| #include <sys/types.h>
| #ifdef HAVE_SYS_SOCKET_H
| #include <sys/socket.h>
| #endif
| #ifdef HAVE_WS2TCPIP_H
| #include <ws2tcpip.h>
| #endif
| 
| 
| int
| main (void)
| {
| if (sizeof ((struct sockaddr_storage)))
| 	    return 0;
|   ;
|   return 0;
| }
configure:28897: result: yes
configure:28917: checking for sa_family_t
configure:28917: gcc -c -g -O2  conftest.c >&5
configure:28917: $? = 0
configure:28917: gcc -c -g -O2  conftest.c >&5
conftest.c: In function 'main':
conftest.c:220:26: error: expected expression before ')' token
  220 | if (sizeof ((sa_family_t)))
      |                          ^
configure:28917: $? = 1
configure: failed program was:
| /* confdefs.h */
| #define PACKAGE_NAME "GNU diffutils"
| #define PACKAGE_TARNAME "diffutils"
| #define PACKAGE_VERSION "3.12"
| #define PACKAGE_STRING "GNU diffutils 3.12"
| #define PACKAGE_BUGREPORT "bug-diffutils@gnu.org"
| #define PACKAGE_URL "https://www.gnu.org/software/diffutils/"
| #define PACKAGE "diffutils"
| #define VERSION "3.12"
| #define HAVE_STDIO_H 1
| #define HAVE_STDLIB_H 1
| #define HAVE_STRING_H 1
| #define HAVE_INTTYPES_H 1
| #define HAVE_STDINT_H 1
| #define HAVE_STRINGS_H 1
| #define HAVE_SYS_STAT_H 1
| #define HAVE_SYS_TYPES_H 1
| #define HAVE_UNISTD_H 1
| #define HAVE_WCHAR_H 1
| #define HAVE_STDBOOL_H 1
| #define HAVE_UCHAR_H 1
| #define HAVE_SYS_PARAM_H 1
| #define HAVE_SYS_SOCKET_H 1
| #define HAVE_DIRENT_H 1
| #define HAVE_ERROR_H 1
| #define HAVE_FNMATCH_H 1
| #define HAVE_GETOPT_H 1
| #define HAVE_SYS_TIME_H 1
| #define HAVE_THREADS_H 1
| #define HAVE_LIMITS_H 1
| #define HAVE_WCTYPE_H 1
| #define HAVE_LANGINFO_H 1
| #define HAVE_SYS_MMAN_H 1
| #define HAVE_PTHREAD_H 1
| #define HAVE_MALLOC_H 1
| #define HAVE_STDBIT_H 1
| #define HAVE_SYS_RANDOM_H 1
| #define HAVE_SYS_WAIT_H 1
| #define HAVE_FEATURES_H 1
| #define HAVE_ARPA_INET_H 1
| #define HAVE_NETDB_H 1
| #define HAVE_NETINET_IN_H 1
| #define HAVE_MATH_H 1
| #define HAVE_SYS_SELECT_H 1
| #define HAVE_SEMAPHORE_H 1
| #define HAVE_SYS_IOCTL_H 1
| #define HAVE_SYS_UN_H 1
| #define HAVE_SYS_UIO_H 1
| #define STDC_HEADERS 1
| #define _ALL_SOURCE 1
| #define _COSMO_SOURCE 1
| #define _DARWIN_C_SOURCE 1
| #define _GNU_SOURCE 1
| #define _HPUX_ALT_XOPEN_SOCKET_API 1
| #define _NETBSD_SOURCE 1
| #define _OPENBSD_SOURCE 1
| #define _POSIX_PTHREAD_SEMANTICS 1
| #define __STDC_WANT_IEC_60559_ATTRIBS_EXT__ 1
| #define __STDC_WANT_IEC_60559_BFP_EXT__ 1
| #define __STDC_WANT_IEC_60559_DFP_EXT__ 1
| #define __STDC_WANT_IEC_60559_EXT__ 1
| #define __STDC_WANT_IEC_60559_FUNCS_EXT__ 1
| #define __STDC_WANT_IEC_60559_TYPES_EXT__ 1
| #define __STDC_WANT_LIB_EXT2__ 1
| #define __STDC_WANT_MATH_SPEC_FUNCS__ 1
| #define _TANDEM_SOURCE 1
| #define __EXTENSIONS__ 1
| #define _LINUX_SOURCE_COMPAT 1
| #define __USE_MINGW_ANSI_STDIO 1
| #define HAVE_ALLOCA_H 1
| #define HAVE_ALLOCA 1
| #define HAVE_WINT_T 1
| #define HAVE_BTOWC 1
| #define HAVE_MBRTOWC 1
| #define HAVE_MBSINIT 1
| #define HAVE_FCHDIR 1
| #define HAVE_FCNTL 1
| #define HAVE_SYMLINK 1
| #define HAVE_FDOPENDIR 1
| #define HAVE_FNMATCH 1
| #define HAVE_MBSRTOWCS 1
| #define HAVE_FSTATAT 1
| #define HAVE_GETDTABLESIZE 1
| #define HAVE_GETTIMEOFDAY 1
| #define HAVE_ISBLANK 1
| #define HAVE_ISWCNTRL 1
| #define HAVE_LSTAT 1
| #define HAVE_MPROTECT 1
| #define HAVE_MKSTEMP 1
| #define HAVE_OPENAT 1
| #define HAVE_PCLOSE 1
| #define HAVE_POPEN 1
| #define HAVE_READLINK 1
| #define HAVE_ISWCTYPE 1
| #define HAVE_SETENV 1
| #define HAVE_SIGACTION 1
| #define HAVE_SIGALTSTACK 1
| #define HAVE_SIGINTERRUPT 1
| #define HAVE_SETRLIMIT 1
| #define HAVE_GETRLIMIT 1
| #define HAVE___XPG_STRERROR_R 1
| #define HAVE_STRPTIME 1
| #define HAVE_STRTOIMAX 1
| #define HAVE_LOCALTIME_R 1
| #define HAVE_WCRTOMB 1
| #define HAVE_WCWIDTH 1
| #define HAVE_PIPE 1
| #define HAVE_PSELECT 1
| #define HAVE_PTHREAD_SIGMASK 1
| #define HAVE_SLEEP 1
| #define HAVE_SNPRINTF 1
| #define HAVE_SHUTDOWN 1
| #define HAVE_UNLINKAT 1
| #define HAVE_WCTOB 1
| #define HAVE_SIGPROCMASK 1
| #define HAVE_FORK 1
| #define HAVE_VFORK 1
| #define HAVE_LANGINFO_CODESET 1
| #define BITSIZEOF_WCHAR_T 32
| #define HAVE_MBSTATE_T 1
| #define HAVE_WORKING_MBRTOC32 1
| #define HAVE_WORKING_C32RTOMB 1
| #define HAVE_MALLOC_PTRDIFF 1
| #define HAVE_MALLOC_POSIX 1
| #define restrict __restrict__
| #define HAVE_ENVIRON_DECL 1
| #define HAVE_ERROR 1
| #define HAVE_DECL_STRERROR_R 1
| #define HAVE_STRERROR_R 1
| #define STRERROR_R_CHAR_P 1
| #define HAVE_DECL_FCHDIR 1
| #define HAVE_WORKING_O_NOATIME 1
| #define HAVE_WORKING_O_NOFOLLOW 1
| #define HAVE_MEMPCPY 1
| #define FUNC_FFLUSH_STDIN 0
| #define LSTAT_FOLLOWS_SLASHED_SYMLINK 1
| #define HAVE_DECL_GETDTABLESIZE 1
| #define HAVE_GETOPT_H 1
| #define HAVE_GETOPT_LONG_ONLY 1
| #define HAVE_PTHREAD_API 1
| #define SETLOCALE_NULL_ALL_MTSAFE 1
| #define SETLOCALE_NULL_ONE_MTSAFE 1
| #ifndef __x86_64__
| #define __x86_64__ 1
| #endif
| #ifndef __x86_64__
| #define __x86_64__ 1
| #endif
| #define HAVE_LONG_LONG_INT 1
| #define HAVE_UNSIGNED_LONG_LONG_INT 1
| #define HAVE_TOWLOWER 1
| #define HAVE_LC_MESSAGES 1
| #define HAVE_WEAK_SYMBOLS 1
| #define USE_POSIX_THREADS 1
| #define USE_POSIX_THREADS_FROM_LIBC 1
| #define HAVE_MALLOC_0_NONNULL 1
| #define HAVE_MAP_ANONYMOUS 1
| #define HAVE_DECL_MEMRCHR 1
| #define HAVE_MINMAX_IN_SYS_PARAM_H 1
| #define TIME_T_IS_SIGNED 1
| #define HAVE_DECL_ALARM 1
| #define HAVE_STRUCT_TM_TM_GMTOFF 1
| #define HAVE_STRUCT_TM_TM_ZONE 1
| #define HAVE_TM_GMTOFF 1
| #define PROMOTED_MODE_T mode_t
| #define HAVE_PTHREAD_T 1
| #define HAVE_PTHREAD_SPINLOCK_T 1
| #define HAVE_SIGSET_T 1
| #define HAVE_SCHED_H 1
| #define HAVE_DECL_SETENV 1
| #define HAVE_DECL__PUTENV 0
| #define HAVE_SEARCH_H 1
| #define HAVE_TSEARCH 1
| #define HAVE_DECL_FCLOSEALL 1
| #define HAVE_DECL_GETW 1
| #define HAVE_DECL_PUTW 1
| #define HAVE_DECL_ECVT 1
| #define HAVE_DECL_FCVT 1
| #define HAVE_DECL_GCVT 1
| #define HAVE_DECL_STRDUP 1
| #define HAVE_STRERROR_R 1
| #define HAVE_DECL_STRNLEN 1
| #define HAVE_DECL_STRTOIMAX 1
| #define _USE_STD_STAT 1
| #define HAVE_DECL_EXECVPE 1
| #define HAVE_DECL_CLEARERR_UNLOCKED 1
| #define HAVE_DECL_FEOF_UNLOCKED 1
| #define HAVE_DECL_FERROR_UNLOCKED 1
| #define HAVE_DECL_FFLUSH_UNLOCKED 1
| #define HAVE_DECL_FGETS_UNLOCKED 1
| #define HAVE_DECL_FPUTC_UNLOCKED 1
| #define HAVE_DECL_FPUTS_UNLOCKED 1
| #define HAVE_DECL_FREAD_UNLOCKED 1
| #define HAVE_DECL_FWRITE_UNLOCKED 1
| #define HAVE_DECL_GETC_UNLOCKED 1
| #define HAVE_DECL_GETCHAR_UNLOCKED 1
| #define HAVE_DECL_PUTC_UNLOCKED 1
| #define HAVE_DECL_PUTCHAR_UNLOCKED 1
| #define HAVE_DECL_UNSETENV 1
| #define HAVE_DECL_WCSDUP 1
| #define HAVE_SHUTDOWN 1
| #define HAVE_STRUCT_SOCKADDR_STORAGE 1
| /* end confdefs.h.  */
| 
|   /* sys/types.h is not needed according to POSIX, but the
|      sys/socket.h in i386-unknown-freebsd4.10 and
|      powerpc-apple-darwin5.5 required it. */
| #include <sys/types.h>
| #ifdef HAVE_SYS_SOCKET_H
| #include <sys/socket.h>
| #endif
| #ifdef HAVE_WS2TCPIP_H
| #include <ws2tcpip.h>
| #endif
| 
| 
| int
| main (void)
| {
| if (sizeof ((sa_family_t)))
| 	    return 0;
|   ;
|   return 0;
| }
configure:28917: result: yes
configure:28949: checking for struct sockaddr_storage.ss_family
configure:28949: gcc -c -g -O2  conftest.c >&5
configure:28949: $? = 0
configure:28949: result: yes
configure:29200: checking for a french Unicode locale
configure:29279: gcc -o conftest -g -O2   conftest.c  >&5
configure:29282: $? = 0
configure:29332: result: none
configure:29365: checking for a turkish Unicode locale
configure:29438: gcc -o conftest -g -O2   conftest.c  >&5
configure:29441: $? = 0
configure:29491: result: none
configure:29508: checking for IPv4 sockets
configure:29535: gcc -c -g -O2  conftest.c >&5
configure:29535: $? = 0
configure:29545: result: yes
configure:29553: checking for IPv6 sockets
configure:29583: gcc -c -g -O2  conftest.c >&5
configure:29583: $? = 0
configure:29593: result: yes
configure:29601: checking for off_t
configure:29601: gcc -c -g -O2  conftest.c >&5
configure:29601: $? = 0
configure:29601: gcc -c -g -O2  conftest.c >&5
conftest.c: In function 'main':
conftest.c:239:20: error: expected expression before ')' token
  239 | if (sizeof ((off_t)))
      |                    ^
configure:29601: $? = 1
configure: failed program was:
| /* confdefs.h */
| #define PACKAGE_NAME "GNU diffutils"
| #define PACKAGE_TARNAME "diffutils"
| #define PACKAGE_VERSION "3.12"
| #define PACKAGE_STRING "GNU diffutils 3.12"
| #define PACKAGE_BUGREPORT "bug-diffutils@gnu.org"
| #define PACKAGE_URL "https://www.gnu.org/software/diffutils/"
| #define PACKAGE "diffutils"
| #define VERSION "3.12"
| #define HAVE_STDIO_H 1
| #define HAVE_STDLIB_H 1
| #define HAVE_STRING_H 1
| #define HAVE_INTTYPES_H 1
| #define HAVE_STDINT_H 1
| #define HAVE_STRINGS_H 1
| #define HAVE_SYS_STAT_H 1
| #define HAVE_SYS_TYPES_H 1
| #define HAVE_UNISTD_H 1
| #define HAVE_WCHAR_H 1
| #define HAVE_STDBOOL_H 1
| #define HAVE_UCHAR_H 1
| #define HAVE_SYS_PARAM_H 1
| #define HAVE_SYS_SOCKET_H 1
| #define HAVE_DIRENT_H 1
| #define HAVE_ERROR_H 1
| #define HAVE_FNMATCH_H 1
| #define HAVE_GETOPT_H 1
| #define HAVE_SYS_TIME_H 1
| #define HAVE_THREADS_H 1
| #define HAVE_LIMITS_H 1
| #define HAVE_WCTYPE_H 1
| #define HAVE_LANGINFO_H 1
| #define HAVE_SYS_MMAN_H 1
| #define HAVE_PTHREAD_H 1
| #define HAVE_MALLOC_H 1
| #define HAVE_STDBIT_H 1
| #define HAVE_SYS_RANDOM_H 1
| #define HAVE_SYS_WAIT_H 1
| #define HAVE_FEATURES_H 1
| #define HAVE_ARPA_INET_H 1
| #define HAVE_NETDB_H 1
| #define HAVE_NETINET_IN_H 1
| #define HAVE_MATH_H 1
| #define HAVE_SYS_SELECT_H 1
| #define HAVE_SEMAPHORE_H 1
| #define HAVE_SYS_IOCTL_H 1
| #define HAVE_SYS_UN_H 1
| #define HAVE_SYS_UIO_H 1
| #define STDC_HEADERS 1
| #define _ALL_SOURCE 1
| #define _COSMO_SOURCE 1
| #define _DARWIN_C_SOURCE 1
| #define _GNU_SOURCE 1
| #define _HPUX_ALT_XOPEN_SOCKET_API 1
| #define _NETBSD_SOURCE 1
| #define _OPENBSD_SOURCE 1
| #define _POSIX_PTHREAD_SEMANTICS 1
| #define __STDC_WANT_IEC_60559_ATTRIBS_EXT__ 1
| #define __STDC_WANT_IEC_60559_BFP_EXT__ 1
| #define __STDC_WANT_IEC_60559_DFP_EXT__ 1
| #define __STDC_WANT_IEC_60559_EXT__ 1
| #define __STDC_WANT_IEC_60559_FUNCS_EXT__ 1
| #define __STDC_WANT_IEC_60559_TYPES_EXT__ 1
| #define __STDC_WANT_LIB_EXT2__ 1
| #define __STDC_WANT_MATH_SPEC_FUNCS__ 1
| #define _TANDEM_SOURCE 1
| #define __EXTENSIONS__ 1
| #define _LINUX_SOURCE_COMPAT 1
| #define __USE_MINGW_ANSI_STDIO 1
| #define HAVE_ALLOCA_H 1
| #define HAVE_ALLOCA 1
| #define HAVE_WINT_T 1
| #define HAVE_BTOWC 1
| #define HAVE_MBRTOWC 1
| #define HAVE_MBSINIT 1
| #define HAVE_FCHDIR 1
| #define HAVE_FCNTL 1
| #define HAVE_SYMLINK 1
| #define HAVE_FDOPENDIR 1
| #define HAVE_FNMATCH 1
| #define HAVE_MBSRTOWCS 1
| #define HAVE_FSTATAT 1
| #define HAVE_GETDTABLESIZE 1
| #define HAVE_GETTIMEOFDAY 1
| #define HAVE_ISBLANK 1
| #define HAVE_ISWCNTRL 1
| #define HAVE_LSTAT 1
| #define HAVE_MPROTECT 1
| #define HAVE_MKSTEMP 1
| #define HAVE_OPENAT 1
| #define HAVE_PCLOSE 1
| #define HAVE_POPEN 1
| #define HAVE_READLINK 1
| #define HAVE_ISWCTYPE 1
| #define HAVE_SETENV 1
| #define HAVE_SIGACTION 1
| #define HAVE_SIGALTSTACK 1
| #define HAVE_SIGINTERRUPT 1
| #define HAVE_SETRLIMIT 1
| #define HAVE_GETRLIMIT 1
| #define HAVE___XPG_STRERROR_R 1
| #define HAVE_STRPTIME 1
| #define HAVE_STRTOIMAX 1
| #define HAVE_LOCALTIME_R 1
| #define HAVE_WCRTOMB 1
| #define HAVE_WCWIDTH 1
| #define HAVE_PIPE 1
| #define HAVE_PSELECT 1
| #define HAVE_PTHREAD_SIGMASK 1
| #define HAVE_SLEEP 1
| #define HAVE_SNPRINTF 1
| #define HAVE_SHUTDOWN 1
| #define HAVE_UNLINKAT 1
| #define HAVE_WCTOB 1
| #define HAVE_SIGPROCMASK 1
| #define HAVE_FORK 1
| #define HAVE_VFORK 1
| #define HAVE_LANGINFO_CODESET 1
| #define BITSIZEOF_WCHAR_T 32
| #define HAVE_MBSTATE_T 1
| #define HAVE_WORKING_MBRTOC32 1
| #define HAVE_WORKING_C32RTOMB 1
| #define HAVE_MALLOC_PTRDIFF 1
| #define HAVE_MALLOC_POSIX 1
| #define restrict __restrict__
| #define HAVE_ENVIRON_DECL 1
| #define HAVE_ERROR 1
| #define HAVE_DECL_STRERROR_R 1
| #define HAVE_STRERROR_R 1
| #define STRERROR_R_CHAR_P 1
| #define HAVE_DECL_FCHDIR 1
| #define HAVE_WORKING_O_NOATIME 1
| #define HAVE_WORKING_O_NOFOLLOW 1
| #define HAVE_MEMPCPY 1
| #define FUNC_FFLUSH_STDIN 0
| #define LSTAT_FOLLOWS_SLASHED_SYMLINK 1
| #define HAVE_DECL_GETDTABLESIZE 1
| #define HAVE_GETOPT_H 1
| #define HAVE_GETOPT_LONG_ONLY 1
| #define HAVE_PTHREAD_API 1
| #define SETLOCALE_NULL_ALL_MTSAFE 1
| #define SETLOCALE_NULL_ONE_MTSAFE 1
| #ifndef __x86_64__
| #define __x86_64__ 1
| #endif
| #ifndef __x86_64__
| #define __x86_64__ 1
| #endif
| #define HAVE_LONG_LONG_INT 1
| #define HAVE_UNSIGNED_LONG_LONG_INT 1
| #define HAVE_TOWLOWER 1
| #define HAVE_LC_MESSAGES 1
| #define HAVE_WEAK_SYMBOLS 1
| #define USE_POSIX_THREADS 1
| #define USE_POSIX_THREADS_FROM_LIBC 1
| #define HAVE_MALLOC_0_NONNULL 1
| #define HAVE_MAP_ANONYMOUS 1
| #define HAVE_DECL_MEMRCHR 1
| #define HAVE_MINMAX_IN_SYS_PARAM_H 1
| #define TIME_T_IS_SIGNED 1
| #define HAVE_DECL_ALARM 1
| #define HAVE_STRUCT_TM_TM_GMTOFF 1
| #define HAVE_STRUCT_TM_TM_ZONE 1
| #define HAVE_TM_GMTOFF 1
| #define PROMOTED_MODE_T mode_t
| #define HAVE_PTHREAD_T 1
| #define HAVE_PTHREAD_SPINLOCK_T 1
| #define HAVE_SIGSET_T 1
| #define HAVE_SCHED_H 1
| #define HAVE_DECL_SETENV 1
| #define HAVE_DECL__PUTENV 0
| #define HAVE_SEARCH_H 1
| #define HAVE_TSEARCH 1
| #define HAVE_DECL_FCLOSEALL 1
| #define HAVE_DECL_GETW 1
| #define HAVE_DECL_PUTW 1
| #define HAVE_DECL_ECVT 1
| #define HAVE_DECL_FCVT 1
| #define HAVE_DECL_GCVT 1
| #define HAVE_DECL_STRDUP 1
| #define HAVE_STRERROR_R 1
| #define HAVE_DECL_STRNLEN 1
| #define HAVE_DECL_STRTOIMAX 1
| #define _USE_STD_STAT 1
| #define HAVE_DECL_EXECVPE 1
| #define HAVE_DECL_CLEARERR_UNLOCKED 1
| #define HAVE_DECL_FEOF_UNLOCKED 1
| #define HAVE_DECL_FERROR_UNLOCKED 1
| #define HAVE_DECL_FFLUSH_UNLOCKED 1
| #define HAVE_DECL_FGETS_UNLOCKED 1
| #define HAVE_DECL_FPUTC_UNLOCKED 1
| #define HAVE_DECL_FPUTS_UNLOCKED 1
| #define HAVE_DECL_FREAD_UNLOCKED 1
| #define HAVE_DECL_FWRITE_UNLOCKED 1
| #define HAVE_DECL_GETC_UNLOCKED 1
| #define HAVE_DECL_GETCHAR_UNLOCKED 1
| #define HAVE_DECL_PUTC_UNLOCKED 1
| #define HAVE_DECL_PUTCHAR_UNLOCKED 1
| #define HAVE_DECL_UNSETENV 1
| #define HAVE_DECL_WCSDUP 1
| #define HAVE_SHUTDOWN 1
| #define HAVE_STRUCT_SOCKADDR_STORAGE 1
| #define HAVE_SA_FAMILY_T 1
| #define HAVE_STRUCT_SOCKADDR_STORAGE_SS_FAMILY 1
| #define HAVE_IPV4 1
| #define HAVE_IPV6 1
| /* end confdefs.h.  */
| #include <stddef.h>
| #ifdef HAVE_STDIO_H
| # include <stdio.h>
| #endif
| #ifdef HAVE_STDLIB_H
| # include <stdlib.h>
| #endif
| #ifdef HAVE_STRING_H
| # include <string.h>
| #endif
| #ifdef HAVE_INTTYPES_H
| # include <inttypes.h>
| #endif
| #ifdef HAVE_STDINT_H
| # include <stdint.h>
| #endif
| #ifdef HAVE_STRINGS_H
| # include <strings.h>
| #endif
| #ifdef HAVE_SYS_TYPES_H
| # include <sys/types.h>
| #endif
| #ifdef HAVE_SYS_STAT_H
| # include <sys/stat.h>
| #endif
| #ifdef HAVE_UNISTD_H
| # include <unistd.h>
| #endif
| int
| main (void)
| {
| if (sizeof ((off_t)))
| 	    return 0;
|   ;
|   return 0;
| }
configure:29601: result: yes
configure:29619: checking where to find the exponent in a 'double'
configure:29953: gcc -o conftest -g -O2   conftest.c  >&5
configure:29953: $? = 0
configure:29953: ./conftest
configure:29953: $? = 0
configure:29969: result: word 1 bit 20
configure:29985: checking where to find the exponent in a 'float'
configure:30064: gcc -o conftest -g -O2   conftest.c  >&5
configure:30064: $? = 0
configure:30064: ./conftest
configure:30064: $? = 0
configure:30080: result: word 0 bit 23
configure:30096: checking whether long double and double are the same
configure:30118: gcc -c -g -O2  conftest.c >&5
conftest.c: In function 'main':
conftest.c:216:13: error: size of array 'check' is negative
  216 | typedef int check[sizeof (long double) == sizeof (double)
      |             ^~~~~
configure:30118: $? = 1
configure: failed program was:
| /* confdefs.h */
| #define PACKAGE_NAME "GNU diffutils"
| #define PACKAGE_TARNAME "diffutils"
| #define PACKAGE_VERSION "3.12"
| #define PACKAGE_STRING "GNU diffutils 3.12"
| #define PACKAGE_BUGREPORT "bug-diffutils@gnu.org"
| #define PACKAGE_URL "https://www.gnu.org/software/diffutils/"
| #define PACKAGE "diffutils"
| #define VERSION "3.12"
| #define HAVE_STDIO_H 1
| #define HAVE_STDLIB_H 1
| #define HAVE_STRING_H 1
| #define HAVE_INTTYPES_H 1
| #define HAVE_STDINT_H 1
| #define HAVE_STRINGS_H 1
| #define HAVE_SYS_STAT_H 1
| #define HAVE_SYS_TYPES_H 1
| #define HAVE_UNISTD_H 1
| #define HAVE_WCHAR_H 1
| #define HAVE_STDBOOL_H 1
| #define HAVE_UCHAR_H 1
| #define HAVE_SYS_PARAM_H 1
| #define HAVE_SYS_SOCKET_H 1
| #define HAVE_DIRENT_H 1
| #define HAVE_ERROR_H 1
| #define HAVE_FNMATCH_H 1
| #define HAVE_GETOPT_H 1
| #define HAVE_SYS_TIME_H 1
| #define HAVE_THREADS_H 1
| #define HAVE_LIMITS_H 1
| #define HAVE_WCTYPE_H 1
| #define HAVE_LANGINFO_H 1
| #define HAVE_SYS_MMAN_H 1
| #define HAVE_PTHREAD_H 1
| #define HAVE_MALLOC_H 1
| #define HAVE_STDBIT_H 1
| #define HAVE_SYS_RANDOM_H 1
| #define HAVE_SYS_WAIT_H 1
| #define HAVE_FEATURES_H 1
| #define HAVE_ARPA_INET_H 1
| #define HAVE_NETDB_H 1
| #define HAVE_NETINET_IN_H 1
| #define HAVE_MATH_H 1
| #define HAVE_SYS_SELECT_H 1
| #define HAVE_SEMAPHORE_H 1
| #define HAVE_SYS_IOCTL_H 1
| #define HAVE_SYS_UN_H 1
| #define HAVE_SYS_UIO_H 1
| #define STDC_HEADERS 1
| #define _ALL_SOURCE 1
| #define _COSMO_SOURCE 1
| #define _DARWIN_C_SOURCE 1
| #define _GNU_SOURCE 1
| #define _HPUX_ALT_XOPEN_SOCKET_API 1
| #define _NETBSD_SOURCE 1
| #define _OPENBSD_SOURCE 1
| #define _POSIX_PTHREAD_SEMANTICS 1
| #define __STDC_WANT_IEC_60559_ATTRIBS_EXT__ 1
| #define __STDC_WANT_IEC_60559_BFP_EXT__ 1
| #define __STDC_WANT_IEC_60559_DFP_EXT__ 1
| #define __STDC_WANT_IEC_60559_EXT__ 1
| #define __STDC_WANT_IEC_60559_FUNCS_EXT__ 1
| #define __STDC_WANT_IEC_60559_TYPES_EXT__ 1
| #define __STDC_WANT_LIB_EXT2__ 1
| #define __STDC_WANT_MATH_SPEC_FUNCS__ 1
| #define _TANDEM_SOURCE 1
| #define __EXTENSIONS__ 1
| #define _LINUX_SOURCE_COMPAT 1
| #define __USE_MINGW_ANSI_STDIO 1
| #define HAVE_ALLOCA_H 1
| #define HAVE_ALLOCA 1
| #define HAVE_WINT_T 1
| #define HAVE_BTOWC 1
| #define HAVE_MBRTOWC 1
| #define HAVE_MBSINIT 1
| #define HAVE_FCHDIR 1
| #define HAVE_FCNTL 1
| #define HAVE_SYMLINK 1
| #define HAVE_FDOPENDIR 1
| #define HAVE_FNMATCH 1
| #define HAVE_MBSRTOWCS 1
| #define HAVE_FSTATAT 1
| #define HAVE_GETDTABLESIZE 1
| #define HAVE_GETTIMEOFDAY 1
| #define HAVE_ISBLANK 1
| #define HAVE_ISWCNTRL 1
| #define HAVE_LSTAT 1
| #define HAVE_MPROTECT 1
| #define HAVE_MKSTEMP 1
| #define HAVE_OPENAT 1
| #define HAVE_PCLOSE 1
| #define HAVE_POPEN 1
| #define HAVE_READLINK 1
| #define HAVE_ISWCTYPE 1
| #define HAVE_SETENV 1
| #define HAVE_SIGACTION 1
| #define HAVE_SIGALTSTACK 1
| #define HAVE_SIGINTERRUPT 1
| #define HAVE_SETRLIMIT 1
| #define HAVE_GETRLIMIT 1
| #define HAVE___XPG_STRERROR_R 1
| #define HAVE_STRPTIME 1
| #define HAVE_STRTOIMAX 1
| #define HAVE_LOCALTIME_R 1
| #define HAVE_WCRTOMB 1
| #define HAVE_WCWIDTH 1
| #define HAVE_PIPE 1
| #define HAVE_PSELECT 1
| #define HAVE_PTHREAD_SIGMASK 1
| #define HAVE_SLEEP 1
| #define HAVE_SNPRINTF 1
| #define HAVE_SHUTDOWN 1
| #define HAVE_UNLINKAT 1
| #define HAVE_WCTOB 1
| #define HAVE_SIGPROCMASK 1
| #define HAVE_FORK 1
| #define HAVE_VFORK 1
| #define HAVE_LANGINFO_CODESET 1
| #define BITSIZEOF_WCHAR_T 32
| #define HAVE_MBSTATE_T 1
| #define HAVE_WORKING_MBRTOC32 1
| #define HAVE_WORKING_C32RTOMB 1
| #define HAVE_MALLOC_PTRDIFF 1
| #define HAVE_MALLOC_POSIX 1
| #define restrict __restrict__
| #define HAVE_ENVIRON_DECL 1
| #define HAVE_ERROR 1
| #define HAVE_DECL_STRERROR_R 1
| #define HAVE_STRERROR_R 1
| #define STRERROR_R_CHAR_P 1
| #define HAVE_DECL_FCHDIR 1
| #define HAVE_WORKING_O_NOATIME 1
| #define HAVE_WORKING_O_NOFOLLOW 1
| #define HAVE_MEMPCPY 1
| #define FUNC_FFLUSH_STDIN 0
| #define LSTAT_FOLLOWS_SLASHED_SYMLINK 1
| #define HAVE_DECL_GETDTABLESIZE 1
| #define HAVE_GETOPT_H 1
| #define HAVE_GETOPT_LONG_ONLY 1
| #define HAVE_PTHREAD_API 1
| #define SETLOCALE_NULL_ALL_MTSAFE 1
| #define SETLOCALE_NULL_ONE_MTSAFE 1
| #ifndef __x86_64__
| #define __x86_64__ 1
| #endif
| #ifndef __x86_64__
| #define __x86_64__ 1
| #endif
| #define HAVE_LONG_LONG_INT 1
| #define HAVE_UNSIGNED_LONG_LONG_INT 1
| #define HAVE_TOWLOWER 1
| #define HAVE_LC_MESSAGES 1
| #define HAVE_WEAK_SYMBOLS 1
| #define USE_POSIX_THREADS 1
| #define USE_POSIX_THREADS_FROM_LIBC 1
| #define HAVE_MALLOC_0_NONNULL 1
| #define HAVE_MAP_ANONYMOUS 1
| #define HAVE_DECL_MEMRCHR 1
| #define HAVE_MINMAX_IN_SYS_PARAM_H 1
| #define TIME_T_IS_SIGNED 1
| #define HAVE_DECL_ALARM 1
| #define HAVE_STRUCT_TM_TM_GMTOFF 1
| #define HAVE_STRUCT_TM_TM_ZONE 1
| #define HAVE_TM_GMTOFF 1
| #define PROMOTED_MODE_T mode_t
| #define HAVE_PTHREAD_T 1
| #define HAVE_PTHREAD_SPINLOCK_T 1
| #define HAVE_SIGSET_T 1
| #define HAVE_SCHED_H 1
| #define HAVE_DECL_SETENV 1
| #define HAVE_DECL__PUTENV 0
| #define HAVE_SEARCH_H 1
| #define HAVE_TSEARCH 1
| #define HAVE_DECL_FCLOSEALL 1
| #define HAVE_DECL_GETW 1
| #define HAVE_DECL_PUTW 1
| #define HAVE_DECL_ECVT 1
| #define HAVE_DECL_FCVT 1
| #define HAVE_DECL_GCVT 1
| #define HAVE_DECL_STRDUP 1
| #define HAVE_STRERROR_R 1
| #define HAVE_DECL_STRNLEN 1
| #define HAVE_DECL_STRTOIMAX 1
| #define _USE_STD_STAT 1
| #define HAVE_DECL_EXECVPE 1
| #define HAVE_DECL_CLEARERR_UNLOCKED 1
| #define HAVE_DECL_FEOF_UNLOCKED 1
| #define HAVE_DECL_FERROR_UNLOCKED 1
| #define HAVE_DECL_FFLUSH_UNLOCKED 1
| #define HAVE_DECL_FGETS_UNLOCKED 1
| #define HAVE_DECL_FPUTC_UNLOCKED 1
| #define HAVE_DECL_FPUTS_UNLOCKED 1
| #define HAVE_DECL_FREAD_UNLOCKED 1
| #define HAVE_DECL_FWRITE_UNLOCKED 1
| #define HAVE_DECL_GETC_UNLOCKED 1
| #define HAVE_DECL_GETCHAR_UNLOCKED 1
| #define HAVE_DECL_PUTC_UNLOCKED 1
| #define HAVE_DECL_PUTCHAR_UNLOCKED 1
| #define HAVE_DECL_UNSETENV 1
| #define HAVE_DECL_WCSDUP 1
| #define HAVE_SHUTDOWN 1
| #define HAVE_STRUCT_SOCKADDR_STORAGE 1
| #define HAVE_SA_FAMILY_T 1
| #define HAVE_STRUCT_SOCKADDR_STORAGE_SS_FAMILY 1
| #define HAVE_IPV4 1
| #define HAVE_IPV6 1
| #define DBL_EXPBIT0_WORD 1
| #define DBL_EXPBIT0_BIT 20
| #define FLT_EXPBIT0_WORD 0
| #define FLT_EXPBIT0_BIT 23
| /* end confdefs.h.  */
| #include <float.h>
| int
| main (void)
| {
| typedef int check[sizeof (long double) == sizeof (double)
|                               && LDBL_MANT_DIG == DBL_MANT_DIG
|                               && LDBL_MAX_EXP == DBL_MAX_EXP
|                               && LDBL_MIN_EXP == DBL_MIN_EXP
|                               ? 1 : -1];
| 
|   ;
|   return 0;
| }
configure:30129: result: no
configure:30143: checking where to find the exponent in a 'long double'
configure:30259: gcc -o conftest -g -O2   conftest.c  >&5
configure:30259: $? = 0
configure:30259: ./conftest
configure:30259: $? = 0
configure:30275: result: word 2 bit 0
configure:30690: checking whether NAN macro works
configure:30714: gcc -c -g -O2  conftest.c >&5
configure:30714: $? = 0
configure:30724: result: yes
configure:30729: checking whether HUGE_VAL works
configure:30748: gcc -c -g -O2  conftest.c >&5
configure:30748: $? = 0
configure:30758: result: yes
configure:31284: checking whether <sys/select.h> is self-contained
configure:31302: gcc -c -g -O2  conftest.c >&5
configure:31302: $? = 0
configure:31323: gcc -c -g -O2  conftest.c >&5
configure:31323: $? = 0
configure:31354: gcc -o conftest -g -O2   conftest.c  >&5
configure:31354: $? = 0
configure:31370: result: yes
configure:31499: checking for library needed for semaphore functions
configure:31518: gcc -o conftest -g -O2   conftest.c   >&5
conftest.c: In function 'main':
conftest.c:218:1: warning: argument 1 null where non-null expected [-Wnonnull]
  218 | sem_post ((sem_t *)0);
      | ^~~~~~~~
In file included from conftest.c:214:
/usr/include/semaphore.h:103:12: note: in a call to function 'sem_post' declared 'nonnull'
  103 | extern int sem_post (sem_t *__sem) __THROWNL __nonnull ((1));
      |            ^~~~~~~~
configure:31518: $? = 0
configure:31552: result: none
configure:31562: checking whether initstate is declared
configure:31562: gcc -c -g -O2   conftest.c >&5
configure:31562: $? = 0
configure:31562: result: yes
configure:31572: checking whether setstate is declared
configure:31572: gcc -c -g -O2   conftest.c >&5
configure:31572: $? = 0
configure:31572: result: yes
configure:31657: checking for library containing setsockopt
configure:31680: gcc -o conftest -g -O2   conftest.c  >&5
configure:31680: $? = 0
configure:31767: result: none needed
configure:31967: checking whether snprintf returns a byte count as in C99
configure:32064: gcc -o conftest -g -O2   conftest.c  >&5
conftest.c: In function 'main':
conftest.c:220:22: warning: '%d' directive output truncated writing 4 bytes into a region of size 3 [-Wformat-truncation=]
  220 | # define my_snprintf snprintf
      |                      ^
conftest.c:237:7: note: in expansion of macro 'my_snprintf'
  237 |   if (my_snprintf (buf, 3, "%d %d", 4567, 89) != 7)
      |       ^~~~~~~~~~~
In file included from /usr/include/stdio.h:980,
                 from conftest.c:217:
In function 'snprintf',
    inlined from 'main' at conftest.c:237:7:
/usr/include/x86_64-linux-gnu/bits/stdio2.h:54:10: note: '__builtin___snprintf_chk' output 8 bytes into a destination of size 3
   54 |   return __builtin___snprintf_chk (__s, __n, __USE_FORTIFY_LEVEL - 1,
      |          ^~~~~~~~~~~~~~~~~~~~~~~~~~~~~~~~~~~~~~~~~~~~~~~~~~~~~~~~~~~~
   55 |                                    __glibc_objsize (__s), __fmt,
      |                                    ~~~~~~~~~~~~~~~~~~~~~~~~~~~~~
   56 |                                    __va_arg_pack ());
      |                                    ~~~~~~~~~~~~~~~~~
configure:32064: $? = 0
configure:32064: ./conftest
configure:32064: $? = 0
configure:32079: result: yes
configure:32084: checking whether printf supports POSIX/XSI format strings with positions
configure:32125: gcc -o conftest -g -O2   conftest.c  >&5
configure:32125: $? = 0
configure:32125: ./conftest
configure:32125: $? = 0
configure:32140: result: yes
configure:32143: checking whether snprintf is declared
configure:32143: gcc -c -g -O2   conftest.c >&5
configure:32143: $? = 0
configure:32143: result: yes
configure:32160: checking whether <sys/ioctl.h> declares ioctl
configure:32177: gcc -c -g -O2  conftest.c >&5
configure:32177: $? = 0
configure:32188: result: yes
configure:32378: checking for inttypes.h
configure:32398: gcc -c -g -O2  conftest.c >&5
configure:32398: $? = 0
configure:32408: result: yes
configure:32417: checking for stdint.h
configure:32435: gcc -c -g -O2  conftest.c >&5
configure:32435: $? = 0
configure:32445: result: yes
configure:32456: checking for intmax_t
configure:32482: gcc -c -g -O2  conftest.c >&5
configure:32482: $? = 0
configure:32492: result: yes
configure:32507: checking whether snprintf truncates the result as in C99
configure:32592: gcc -o conftest -g -O2   conftest.c  >&5
conftest.c: In function 'main':
conftest.c:241:25: warning: '%d' directive output truncated writing 4 bytes into a region of size 3 [-Wformat-truncation=]
  241 |   my_snprintf (buf, 3, "%d %d", 4567, 89);
      |                         ^~
In file included from /usr/include/stdio.h:980,
                 from conftest.c:221:
In function 'snprintf',
    inlined from 'main' at conftest.c:241:3:
/usr/include/x86_64-linux-gnu/bits/stdio2.h:54:10: note: '__builtin___snprintf_chk' output 8 bytes into a destination of size 3
   54 |   return __builtin___snprintf_chk (__s, __n, __USE_FORTIFY_LEVEL - 1,
      |          ^~~~~~~~~~~~~~~~~~~~~~~~~~~~~~~~~~~~~~~~~~~~~~~~~~~~~~~~~~~~
   55 |                                    __glibc_objsize (__s), __fmt,
      |                                    ~~~~~~~~~~~~~~~~~~~~~~~~~~~~~
   56 |                                    __va_arg_pack ());
      |                                    ~~~~~~~~~~~~~~~~~
configure:32592: $? = 0
configure:32592: ./conftest
configure:32592: $? = 0
configure:32607: result: yes
configure:32613: checking for wcslen
configure:32613: gcc -o conftest -g -O2   conftest.c  >&5
configure:32613: $? = 0
configure:32613: result: yes
configure:32623: checking for snprintf
configure:32623: result: yes
configure:32629: checking for strnlen
configure:32629: gcc -o conftest -g -O2   conftest.c  >&5
conftest.c:238:6: warning: conflicting types for built-in function 'strnlen'; expected 'long unsigned int(const char *, long unsigned int)' [-Wbuiltin-declaration-mismatch]
  238 | char strnlen (void);
      |      ^~~~~~~
configure:32629: $? = 0
configure:32629: result: yes
configure:32635: checking for wcrtomb
configure:32635: result: yes
configure:32642: checking whether _snprintf is declared
configure:32642: gcc -c -g -O2   conftest.c >&5
conftest.c: In function 'main':
conftest.c:233:10: error: '_snprintf' undeclared (first use in this function); did you mean 'vsnprintf'?
  233 |   (void) _snprintf;
      |          ^~~~~~~~~
      |          vsnprintf
conftest.c:233:10: note: each undeclared identifier is reported only once for each function it appears in
configure:32642: $? = 1
configure: failed program was:
| /* confdefs.h */
| #define PACKAGE_NAME "GNU diffutils"
| #define PACKAGE_TARNAME "diffutils"
| #define PACKAGE_VERSION "3.12"
| #define PACKAGE_STRING "GNU diffutils 3.12"
| #define PACKAGE_BUGREPORT "bug-diffutils@gnu.org"
| #define PACKAGE_URL "https://www.gnu.org/software/diffutils/"
| #define PACKAGE "diffutils"
| #define VERSION "3.12"
| #define HAVE_STDIO_H 1
| #define HAVE_STDLIB_H 1
| #define HAVE_STRING_H 1
| #define HAVE_INTTYPES_H 1
| #define HAVE_STDINT_H 1
| #define HAVE_STRINGS_H 1
| #define HAVE_SYS_STAT_H 1
| #define HAVE_SYS_TYPES_H 1
| #define HAVE_UNISTD_H 1
| #define HAVE_WCHAR_H 1
| #define HAVE_STDBOOL_H 1
| #define HAVE_UCHAR_H 1
| #define HAVE_SYS_PARAM_H 1
| #define HAVE_SYS_SOCKET_H 1
| #define HAVE_DIRENT_H 1
| #define HAVE_ERROR_H 1
| #define HAVE_FNMATCH_H 1
| #define HAVE_GETOPT_H 1
| #define HAVE_SYS_TIME_H 1
| #define HAVE_THREADS_H 1
| #define HAVE_LIMITS_H 1
| #define HAVE_WCTYPE_H 1
| #define HAVE_LANGINFO_H 1
| #define HAVE_SYS_MMAN_H 1
| #define HAVE_PTHREAD_H 1
| #define HAVE_MALLOC_H 1
| #define HAVE_STDBIT_H 1
| #define HAVE_SYS_RANDOM_H 1
| #define HAVE_SYS_WAIT_H 1
| #define HAVE_FEATURES_H 1
| #define HAVE_ARPA_INET_H 1
| #define HAVE_NETDB_H 1
| #define HAVE_NETINET_IN_H 1
| #define HAVE_MATH_H 1
| #define HAVE_SYS_SELECT_H 1
| #define HAVE_SEMAPHORE_H 1
| #define HAVE_SYS_IOCTL_H 1
| #define HAVE_SYS_UN_H 1
| #define HAVE_SYS_UIO_H 1
| #define STDC_HEADERS 1
| #define _ALL_SOURCE 1
| #define _COSMO_SOURCE 1
| #define _DARWIN_C_SOURCE 1
| #define _GNU_SOURCE 1
| #define _HPUX_ALT_XOPEN_SOCKET_API 1
| #define _NETBSD_SOURCE 1
| #define _OPENBSD_SOURCE 1
| #define _POSIX_PTHREAD_SEMANTICS 1
| #define __STDC_WANT_IEC_60559_ATTRIBS_EXT__ 1
| #define __STDC_WANT_IEC_60559_BFP_EXT__ 1
| #define __STDC_WANT_IEC_60559_DFP_EXT__ 1
| #define __STDC_WANT_IEC_60559_EXT__ 1
| #define __STDC_WANT_IEC_60559_FUNCS_EXT__ 1
| #define __STDC_WANT_IEC_60559_TYPES_EXT__ 1
| #define __STDC_WANT_LIB_EXT2__ 1
| #define __STDC_WANT_MATH_SPEC_FUNCS__ 1
| #define _TANDEM_SOURCE 1
| #define __EXTENSIONS__ 1
| #define _LINUX_SOURCE_COMPAT 1
| #define __USE_MINGW_ANSI_STDIO 1
| #define HAVE_ALLOCA_H 1
| #define HAVE_ALLOCA 1
| #define HAVE_WINT_T 1
| #define HAVE_BTOWC 1
| #define HAVE_MBRTOWC 1
| #define HAVE_MBSINIT 1
| #define HAVE_FCHDIR 1
| #define HAVE_FCNTL 1
| #define HAVE_SYMLINK 1
| #define HAVE_FDOPENDIR 1
| #define HAVE_FNMATCH 1
| #define HAVE_MBSRTOWCS 1
| #define HAVE_FSTATAT 1
| #define HAVE_GETDTABLESIZE 1
| #define HAVE_GETTIMEOFDAY 1
| #define HAVE_ISBLANK 1
| #define HAVE_ISWCNTRL 1
| #define HAVE_LSTAT 1
| #define HAVE_MPROTECT 1
| #define HAVE_MKSTEMP 1
| #define HAVE_OPENAT 1
| #define HAVE_PCLOSE 1
| #define HAVE_POPEN 1
| #define HAVE_READLINK 1
| #define HAVE_ISWCTYPE 1
| #define HAVE_SETENV 1
| #define HAVE_SIGACTION 1
| #define HAVE_SIGALTSTACK 1
| #define HAVE_SIGINTERRUPT 1
| #define HAVE_SETRLIMIT 1
| #define HAVE_GETRLIMIT 1
| #define HAVE___XPG_STRERROR_R 1
| #define HAVE_STRPTIME 1
| #define HAVE_STRTOIMAX 1
| #define HAVE_LOCALTIME_R 1
| #define HAVE_WCRTOMB 1
| #define HAVE_WCWIDTH 1
| #define HAVE_PIPE 1
| #define HAVE_PSELECT 1
| #define HAVE_PTHREAD_SIGMASK 1
| #define HAVE_SLEEP 1
| #define HAVE_SNPRINTF 1
| #define HAVE_SHUTDOWN 1
| #define HAVE_UNLINKAT 1
| #define HAVE_WCTOB 1
| #define HAVE_SIGPROCMASK 1
| #define HAVE_FORK 1
| #define HAVE_VFORK 1
| #define HAVE_LANGINFO_CODESET 1
| #define BITSIZEOF_WCHAR_T 32
| #define HAVE_MBSTATE_T 1
| #define HAVE_WORKING_MBRTOC32 1
| #define HAVE_WORKING_C32RTOMB 1
| #define HAVE_MALLOC_PTRDIFF 1
| #define HAVE_MALLOC_POSIX 1
| #define restrict __restrict__
| #define HAVE_ENVIRON_DECL 1
| #define HAVE_ERROR 1
| #define HAVE_DECL_STRERROR_R 1
| #define HAVE_STRERROR_R 1
| #define STRERROR_R_CHAR_P 1
| #define HAVE_DECL_FCHDIR 1
| #define HAVE_WORKING_O_NOATIME 1
| #define HAVE_WORKING_O_NOFOLLOW 1
| #define HAVE_MEMPCPY 1
| #define FUNC_FFLUSH_STDIN 0
| #define LSTAT_FOLLOWS_SLASHED_SYMLINK 1
| #define HAVE_DECL_GETDTABLESIZE 1
| #define HAVE_GETOPT_H 1
| #define HAVE_GETOPT_LONG_ONLY 1
| #define HAVE_PTHREAD_API 1
| #define SETLOCALE_NULL_ALL_MTSAFE 1
| #define SETLOCALE_NULL_ONE_MTSAFE 1
| #ifndef __x86_64__
| #define __x86_64__ 1
| #endif
| #ifndef __x86_64__
| #define __x86_64__ 1
| #endif
| #define HAVE_LONG_LONG_INT 1
| #define HAVE_UNSIGNED_LONG_LONG_INT 1
| #define HAVE_TOWLOWER 1
| #define HAVE_LC_MESSAGES 1
| #define HAVE_WEAK_SYMBOLS 1
| #define USE_POSIX_THREADS 1
| #define USE_POSIX_THREADS_FROM_LIBC 1
| #define HAVE_MALLOC_0_NONNULL 1
| #define HAVE_MAP_ANONYMOUS 1
| #define HAVE_DECL_MEMRCHR 1
| #define HAVE_MINMAX_IN_SYS_PARAM_H 1
| #define TIME_T_IS_SIGNED 1
| #define HAVE_DECL_ALARM 1
| #define HAVE_STRUCT_TM_TM_GMTOFF 1
| #define HAVE_STRUCT_TM_TM_ZONE 1
| #define HAVE_TM_GMTOFF 1
| #define PROMOTED_MODE_T mode_t
| #define HAVE_PTHREAD_T 1
| #define HAVE_PTHREAD_SPINLOCK_T 1
| #define HAVE_SIGSET_T 1
| #define HAVE_SCHED_H 1
| #define HAVE_DECL_SETENV 1
| #define HAVE_DECL__PUTENV 0
| #define HAVE_SEARCH_H 1
| #define HAVE_TSEARCH 1
| #define HAVE_DECL_FCLOSEALL 1
| #define HAVE_DECL_GETW 1
| #define HAVE_DECL_PUTW 1
| #define HAVE_DECL_ECVT 1
| #define HAVE_DECL_FCVT 1
| #define HAVE_DECL_GCVT 1
| #define HAVE_DECL_STRDUP 1
| #define HAVE_STRERROR_R 1
| #define HAVE_DECL_STRNLEN 1
| #define HAVE_DECL_STRTOIMAX 1
| #define _USE_STD_STAT 1
| #define HAVE_DECL_EXECVPE 1
| #define HAVE_DECL_CLEARERR_UNLOCKED 1
| #define HAVE_DECL_FEOF_UNLOCKED 1
| #define HAVE_DECL_FERROR_UNLOCKED 1
| #define HAVE_DECL_FFLUSH_UNLOCKED 1
| #define HAVE_DECL_FGETS_UNLOCKED 1
| #define HAVE_DECL_FPUTC_UNLOCKED 1
| #define HAVE_DECL_FPUTS_UNLOCKED 1
| #define HAVE_DECL_FREAD_UNLOCKED 1
| #define HAVE_DECL_FWRITE_UNLOCKED 1
| #define HAVE_DECL_GETC_UNLOCKED 1
| #define HAVE_DECL_GETCHAR_UNLOCKED 1
| #define HAVE_DECL_PUTC_UNLOCKED 1
| #define HAVE_DECL_PUTCHAR_UNLOCKED 1
| #define HAVE_DECL_UNSETENV 1
| #define HAVE_DECL_WCSDUP 1
| #define HAVE_SHUTDOWN 1
| #define HAVE_STRUCT_SOCKADDR_STORAGE 1
| #define HAVE_SA_FAMILY_T 1
| #define HAVE_STRUCT_SOCKADDR_STORAGE_SS_FAMILY 1
| #define HAVE_IPV4 1
| #define HAVE_IPV6 1
| #define DBL_EXPBIT0_WORD 1
| #define DBL_EXPBIT0_BIT 20
| #define FLT_EXPBIT0_WORD 0
| #define FLT_EXPBIT0_BIT 23
| #define LDBL_EXPBIT0_WORD 2
| #define LDBL_EXPBIT0_BIT 0
| #define HAVE_DECL_INITSTATE 1
| #define HAVE_DECL_SETSTATE 1
| #define HAVE_DECL_SNPRINTF 1
| #define HAVE_INTTYPES_H_WITH_UINTMAX 1
| #define HAVE_STDINT_H_WITH_UINTMAX 1
| #define HAVE_INTMAX_T 1
| #define HAVE_WCSLEN 1
| #define HAVE_SNPRINTF 1
| #define HAVE_STRNLEN 1
| #define HAVE_WCRTOMB 1
| /* end confdefs.h.  */
| #include <stdio.h>
| 
| int
| main (void)
| {
| #ifndef _snprintf
| #ifdef __cplusplus
|   (void) _snprintf;
| #else
|   (void) _snprintf;
| #endif
| #endif
| 
|   ;
|   return 0;
| }
configure:32642: result: no
configure:32721: gcc -g -O2  -E conftest.c > conftest.out
configure:32724: $? = 0
configure:32771: checking for alloca as a compiler built-in
configure:32799: result: yes
configure:32854: checking for static_assert
configure:32892: gcc -c -g -O2  conftest.c >&5
conftest.c:235:30: error: expected declaration specifiers or '...' before numeric constant
  235 |               static_assert (2 + 2 == 4, "arithmetic does not work");
      |                              ^
conftest.c:235:42: error: expected declaration specifiers or '...' before string constant
  235 |               static_assert (2 + 2 == 4, "arithmetic does not work");
      |                                          ^~~~~~~~~~~~~~~~~~~~~~~~~~
conftest.c:236:30: error: expected declaration specifiers or '...' before numeric constant
  236 |               static_assert (2 + 2 == 4);
      |                              ^
conftest.c: In function 'main':
conftest.c:242:15: warning: implicit declaration of function 'static_assert' [-Wimplicit-function-declaration]
  242 |               static_assert (sizeof (char) == 1, "sizeof does not work");
      |               ^~~~~~~~~~~~~
configure:32892: $? = 1
configure: failed program was:
| /* confdefs.h */
| #define PACKAGE_NAME "GNU diffutils"
| #define PACKAGE_TARNAME "diffutils"
| #define PACKAGE_VERSION "3.12"
| #define PACKAGE_STRING "GNU diffutils 3.12"
| #define PACKAGE_BUGREPORT "bug-diffutils@gnu.org"
| #define PACKAGE_URL "https://www.gnu.org/software/diffutils/"
| #define PACKAGE "diffutils"
| #define VERSION "3.12"
| #define HAVE_STDIO_H 1
| #define HAVE_STDLIB_H 1
| #define HAVE_STRING_H 1
| #define HAVE_INTTYPES_H 1
| #define HAVE_STDINT_H 1
| #define HAVE_STRINGS_H 1
| #define HAVE_SYS_STAT_H 1
| #define HAVE_SYS_TYPES_H 1
| #define HAVE_UNISTD_H 1
| #define HAVE_WCHAR_H 1
| #define HAVE_STDBOOL_H 1
| #define HAVE_UCHAR_H 1
| #define HAVE_SYS_PARAM_H 1
| #define HAVE_SYS_SOCKET_H 1
| #define HAVE_DIRENT_H 1
| #define HAVE_ERROR_H 1
| #define HAVE_FNMATCH_H 1
| #define HAVE_GETOPT_H 1
| #define HAVE_SYS_TIME_H 1
| #define HAVE_THREADS_H 1
| #define HAVE_LIMITS_H 1
| #define HAVE_WCTYPE_H 1
| #define HAVE_LANGINFO_H 1
| #define HAVE_SYS_MMAN_H 1
| #define HAVE_PTHREAD_H 1
| #define HAVE_MALLOC_H 1
| #define HAVE_STDBIT_H 1
| #define HAVE_SYS_RANDOM_H 1
| #define HAVE_SYS_WAIT_H 1
| #define HAVE_FEATURES_H 1
| #define HAVE_ARPA_INET_H 1
| #define HAVE_NETDB_H 1
| #define HAVE_NETINET_IN_H 1
| #define HAVE_MATH_H 1
| #define HAVE_SYS_SELECT_H 1
| #define HAVE_SEMAPHORE_H 1
| #define HAVE_SYS_IOCTL_H 1
| #define HAVE_SYS_UN_H 1
| #define HAVE_SYS_UIO_H 1
| #define STDC_HEADERS 1
| #define _ALL_SOURCE 1
| #define _COSMO_SOURCE 1
| #define _DARWIN_C_SOURCE 1
| #define _GNU_SOURCE 1
| #define _HPUX_ALT_XOPEN_SOCKET_API 1
| #define _NETBSD_SOURCE 1
| #define _OPENBSD_SOURCE 1
| #define _POSIX_PTHREAD_SEMANTICS 1
| #define __STDC_WANT_IEC_60559_ATTRIBS_EXT__ 1
| #define __STDC_WANT_IEC_60559_BFP_EXT__ 1
| #define __STDC_WANT_IEC_60559_DFP_EXT__ 1
| #define __STDC_WANT_IEC_60559_EXT__ 1
| #define __STDC_WANT_IEC_60559_FUNCS_EXT__ 1
| #define __STDC_WANT_IEC_60559_TYPES_EXT__ 1
| #define __STDC_WANT_LIB_EXT2__ 1
| #define __STDC_WANT_MATH_SPEC_FUNCS__ 1
| #define _TANDEM_SOURCE 1
| #define __EXTENSIONS__ 1
| #define _LINUX_SOURCE_COMPAT 1
| #define __USE_MINGW_ANSI_STDIO 1
| #define HAVE_ALLOCA_H 1
| #define HAVE_ALLOCA 1
| #define HAVE_WINT_T 1
| #define HAVE_BTOWC 1
| #define HAVE_MBRTOWC 1
| #define HAVE_MBSINIT 1
| #define HAVE_FCHDIR 1
| #define HAVE_FCNTL 1
| #define HAVE_SYMLINK 1
| #define HAVE_FDOPENDIR 1
| #define HAVE_FNMATCH 1
| #define HAVE_MBSRTOWCS 1
| #define HAVE_FSTATAT 1
| #define HAVE_GETDTABLESIZE 1
| #define HAVE_GETTIMEOFDAY 1
| #define HAVE_ISBLANK 1
| #define HAVE_ISWCNTRL 1
| #define HAVE_LSTAT 1
| #define HAVE_MPROTECT 1
| #define HAVE_MKSTEMP 1
| #define HAVE_OPENAT 1
| #define HAVE_PCLOSE 1
| #define HAVE_POPEN 1
| #define HAVE_READLINK 1
| #define HAVE_ISWCTYPE 1
| #define HAVE_SETENV 1
| #define HAVE_SIGACTION 1
| #define HAVE_SIGALTSTACK 1
| #define HAVE_SIGINTERRUPT 1
| #define HAVE_SETRLIMIT 1
| #define HAVE_GETRLIMIT 1
| #define HAVE___XPG_STRERROR_R 1
| #define HAVE_STRPTIME 1
| #define HAVE_STRTOIMAX 1
| #define HAVE_LOCALTIME_R 1
| #define HAVE_WCRTOMB 1
| #define HAVE_WCWIDTH 1
| #define HAVE_PIPE 1
| #define HAVE_PSELECT 1
| #define HAVE_PTHREAD_SIGMASK 1
| #define HAVE_SLEEP 1
| #define HAVE_SNPRINTF 1
| #define HAVE_SHUTDOWN 1
| #define HAVE_UNLINKAT 1
| #define HAVE_WCTOB 1
| #define HAVE_SIGPROCMASK 1
| #define HAVE_FORK 1
| #define HAVE_VFORK 1
| #define HAVE_LANGINFO_CODESET 1
| #define BITSIZEOF_WCHAR_T 32
| #define HAVE_MBSTATE_T 1
| #define HAVE_WORKING_MBRTOC32 1
| #define HAVE_WORKING_C32RTOMB 1
| #define HAVE_MALLOC_PTRDIFF 1
| #define HAVE_MALLOC_POSIX 1
| #define restrict __restrict__
| #define HAVE_ENVIRON_DECL 1
| #define HAVE_ERROR 1
| #define HAVE_DECL_STRERROR_R 1
| #define HAVE_STRERROR_R 1
| #define STRERROR_R_CHAR_P 1
| #define HAVE_DECL_FCHDIR 1
| #define HAVE_WORKING_O_NOATIME 1
| #define HAVE_WORKING_O_NOFOLLOW 1
| #define HAVE_MEMPCPY 1
| #define FUNC_FFLUSH_STDIN 0
| #define LSTAT_FOLLOWS_SLASHED_SYMLINK 1
| #define HAVE_DECL_GETDTABLESIZE 1
| #define HAVE_GETOPT_H 1
| #define HAVE_GETOPT_LONG_ONLY 1
| #define HAVE_PTHREAD_API 1
| #define SETLOCALE_NULL_ALL_MTSAFE 1
| #define SETLOCALE_NULL_ONE_MTSAFE 1
| #ifndef __x86_64__
| #define __x86_64__ 1
| #endif
| #ifndef __x86_64__
| #define __x86_64__ 1
| #endif
| #define HAVE_LONG_LONG_INT 1
| #define HAVE_UNSIGNED_LONG_LONG_INT 1
| #define HAVE_TOWLOWER 1
| #define HAVE_LC_MESSAGES 1
| #define HAVE_WEAK_SYMBOLS 1
| #define USE_POSIX_THREADS 1
| #define USE_POSIX_THREADS_FROM_LIBC 1
| #define HAVE_MALLOC_0_NONNULL 1
| #define HAVE_MAP_ANONYMOUS 1
| #define HAVE_DECL_MEMRCHR 1
| #define HAVE_MINMAX_IN_SYS_PARAM_H 1
| #define TIME_T_IS_SIGNED 1
| #define HAVE_DECL_ALARM 1
| #define HAVE_STRUCT_TM_TM_GMTOFF 1
| #define HAVE_STRUCT_TM_TM_ZONE 1
| #define HAVE_TM_GMTOFF 1
| #define PROMOTED_MODE_T mode_t
| #define HAVE_PTHREAD_T 1
| #define HAVE_PTHREAD_SPINLOCK_T 1
| #define HAVE_SIGSET_T 1
| #define HAVE_SCHED_H 1
| #define HAVE_DECL_SETENV 1
| #define HAVE_DECL__PUTENV 0
| #define HAVE_SEARCH_H 1
| #define HAVE_TSEARCH 1
| #define HAVE_DECL_FCLOSEALL 1
| #define HAVE_DECL_GETW 1
| #define HAVE_DECL_PUTW 1
| #define HAVE_DECL_ECVT 1
| #define HAVE_DECL_FCVT 1
| #define HAVE_DECL_GCVT 1
| #define HAVE_DECL_STRDUP 1
| #define HAVE_STRERROR_R 1
| #define HAVE_DECL_STRNLEN 1
| #define HAVE_DECL_STRTOIMAX 1
| #define _USE_STD_STAT 1
| #define HAVE_DECL_EXECVPE 1
| #define HAVE_DECL_CLEARERR_UNLOCKED 1
| #define HAVE_DECL_FEOF_UNLOCKED 1
| #define HAVE_DECL_FERROR_UNLOCKED 1
| #define HAVE_DECL_FFLUSH_UNLOCKED 1
| #define HAVE_DECL_FGETS_UNLOCKED 1
| #define HAVE_DECL_FPUTC_UNLOCKED 1
| #define HAVE_DECL_FPUTS_UNLOCKED 1
| #define HAVE_DECL_FREAD_UNLOCKED 1
| #define HAVE_DECL_FWRITE_UNLOCKED 1
| #define HAVE_DECL_GETC_UNLOCKED 1
| #define HAVE_DECL_GETCHAR_UNLOCKED 1
| #define HAVE_DECL_PUTC_UNLOCKED 1
| #define HAVE_DECL_PUTCHAR_UNLOCKED 1
| #define HAVE_DECL_UNSETENV 1
| #define HAVE_DECL_WCSDUP 1
| #define HAVE_SHUTDOWN 1
| #define HAVE_STRUCT_SOCKADDR_STORAGE 1
| #define HAVE_SA_FAMILY_T 1
| #define HAVE_STRUCT_SOCKADDR_STORAGE_SS_FAMILY 1
| #define HAVE_IPV4 1
| #define HAVE_IPV6 1
| #define DBL_EXPBIT0_WORD 1
| #define DBL_EXPBIT0_BIT 20
| #define FLT_EXPBIT0_WORD 0
| #define FLT_EXPBIT0_BIT 23
| #define LDBL_EXPBIT0_WORD 2
| #define LDBL_EXPBIT0_BIT 0
| #define HAVE_DECL_INITSTATE 1
| #define HAVE_DECL_SETSTATE 1
| #define HAVE_DECL_SNPRINTF 1
| #define HAVE_INTTYPES_H_WITH_UINTMAX 1
| #define HAVE_STDINT_H_WITH_UINTMAX 1
| #define HAVE_INTMAX_T 1
| #define HAVE_WCSLEN 1
| #define HAVE_SNPRINTF 1
| #define HAVE_STRNLEN 1
| #define HAVE_WCRTOMB 1
| #define HAVE_DECL__SNPRINTF 0
| #define HAVE_SNPRINTF_RETVAL_C99 1
| #define HAVE_SNPRINTF_TRUNCATION_C99 1
| #define HAVE_ALLOCA 1
| /* end confdefs.h.  */
| #if defined __clang__ && __STDC_VERSION__ < 202311
|                #pragma clang diagnostic error "-Wc2x-extensions"
|                #pragma clang diagnostic error "-Wc++1z-extensions"
|               #endif
|               #ifdef INCLUDE_ASSERT_H
|                #include <assert.h>
|               #endif
|               static_assert (2 + 2 == 4, "arithmetic does not work");
|               static_assert (2 + 2 == 4);
| 
| int
| main (void)
| {
| 
|               static_assert (sizeof (char) == 1, "sizeof does not work");
|               static_assert (sizeof (char) == 1);
| 
|   ;
|   return 0;
| }
| 
configure:32892: gcc -c -g -O2 -DINCLUDE_ASSERT_H  conftest.c >&5
configure:32892: $? = 0
configure:32906: result: yes, an <assert.h> macro
configure:33031: checking for bool, true, false
configure:33046: gcc -c -g -O2  conftest.c >&5
conftest.c:230:13: error: #error "true == false"
  230 |            #error "true == false"
      |             ^~~~~
conftest.c:232:18: error: unknown type name 'bool'
  232 |           extern bool b;
      |                  ^~~~
conftest.c:233:11: error: unknown type name 'bool'
  233 |           bool b = true == false;
      |           ^~~~
conftest.c:1:1: note: 'bool' is defined in header '<stdbool.h>'; did you forget to '#include <stdbool.h>'?
    1 | /* confdefs.h */
conftest.c:233:20: error: 'true' undeclared here (not in a function)
  233 |           bool b = true == false;
      |                    ^~~~
conftest.c:233:20: note: 'true' is defined in header '<stdbool.h>'; did you forget to '#include <stdbool.h>'?
conftest.c:233:28: error: 'false' undeclared here (not in a function)
  233 |           bool b = true == false;
      |                            ^~~~~
conftest.c:233:28: note: 'false' is defined in header '<stdbool.h>'; did you forget to '#include <stdbool.h>'?
configure:33046: $? = 1
configure: failed program was:
| /* confdefs.h */
| #define PACKAGE_NAME "GNU diffutils"
| #define PACKAGE_TARNAME "diffutils"
| #define PACKAGE_VERSION "3.12"
| #define PACKAGE_STRING "GNU diffutils 3.12"
| #define PACKAGE_BUGREPORT "bug-diffutils@gnu.org"
| #define PACKAGE_URL "https://www.gnu.org/software/diffutils/"
| #define PACKAGE "diffutils"
| #define VERSION "3.12"
| #define HAVE_STDIO_H 1
| #define HAVE_STDLIB_H 1
| #define HAVE_STRING_H 1
| #define HAVE_INTTYPES_H 1
| #define HAVE_STDINT_H 1
| #define HAVE_STRINGS_H 1
| #define HAVE_SYS_STAT_H 1
| #define HAVE_SYS_TYPES_H 1
| #define HAVE_UNISTD_H 1
| #define HAVE_WCHAR_H 1
| #define HAVE_STDBOOL_H 1
| #define HAVE_UCHAR_H 1
| #define HAVE_SYS_PARAM_H 1
| #define HAVE_SYS_SOCKET_H 1
| #define HAVE_DIRENT_H 1
| #define HAVE_ERROR_H 1
| #define HAVE_FNMATCH_H 1
| #define HAVE_GETOPT_H 1
| #define HAVE_SYS_TIME_H 1
| #define HAVE_THREADS_H 1
| #define HAVE_LIMITS_H 1
| #define HAVE_WCTYPE_H 1
| #define HAVE_LANGINFO_H 1
| #define HAVE_SYS_MMAN_H 1
| #define HAVE_PTHREAD_H 1
| #define HAVE_MALLOC_H 1
| #define HAVE_STDBIT_H 1
| #define HAVE_SYS_RANDOM_H 1
| #define HAVE_SYS_WAIT_H 1
| #define HAVE_FEATURES_H 1
| #define HAVE_ARPA_INET_H 1
| #define HAVE_NETDB_H 1
| #define HAVE_NETINET_IN_H 1
| #define HAVE_MATH_H 1
| #define HAVE_SYS_SELECT_H 1
| #define HAVE_SEMAPHORE_H 1
| #define HAVE_SYS_IOCTL_H 1
| #define HAVE_SYS_UN_H 1
| #define HAVE_SYS_UIO_H 1
| #define STDC_HEADERS 1
| #define _ALL_SOURCE 1
| #define _COSMO_SOURCE 1
| #define _DARWIN_C_SOURCE 1
| #define _GNU_SOURCE 1
| #define _HPUX_ALT_XOPEN_SOCKET_API 1
| #define _NETBSD_SOURCE 1
| #define _OPENBSD_SOURCE 1
| #define _POSIX_PTHREAD_SEMANTICS 1
| #define __STDC_WANT_IEC_60559_ATTRIBS_EXT__ 1
| #define __STDC_WANT_IEC_60559_BFP_EXT__ 1
| #define __STDC_WANT_IEC_60559_DFP_EXT__ 1
| #define __STDC_WANT_IEC_60559_EXT__ 1
| #define __STDC_WANT_IEC_60559_FUNCS_EXT__ 1
| #define __STDC_WANT_IEC_60559_TYPES_EXT__ 1
| #define __STDC_WANT_LIB_EXT2__ 1
| #define __STDC_WANT_MATH_SPEC_FUNCS__ 1
| #define _TANDEM_SOURCE 1
| #define __EXTENSIONS__ 1
| #define _LINUX_SOURCE_COMPAT 1
| #define __USE_MINGW_ANSI_STDIO 1
| #define HAVE_ALLOCA_H 1
| #define HAVE_ALLOCA 1
| #define HAVE_WINT_T 1
| #define HAVE_BTOWC 1
| #define HAVE_MBRTOWC 1
| #define HAVE_MBSINIT 1
| #define HAVE_FCHDIR 1
| #define HAVE_FCNTL 1
| #define HAVE_SYMLINK 1
| #define HAVE_FDOPENDIR 1
| #define HAVE_FNMATCH 1
| #define HAVE_MBSRTOWCS 1
| #define HAVE_FSTATAT 1
| #define HAVE_GETDTABLESIZE 1
| #define HAVE_GETTIMEOFDAY 1
| #define HAVE_ISBLANK 1
| #define HAVE_ISWCNTRL 1
| #define HAVE_LSTAT 1
| #define HAVE_MPROTECT 1
| #define HAVE_MKSTEMP 1
| #define HAVE_OPENAT 1
| #define HAVE_PCLOSE 1
| #define HAVE_POPEN 1
| #define HAVE_READLINK 1
| #define HAVE_ISWCTYPE 1
| #define HAVE_SETENV 1
| #define HAVE_SIGACTION 1
| #define HAVE_SIGALTSTACK 1
| #define HAVE_SIGINTERRUPT 1
| #define HAVE_SETRLIMIT 1
| #define HAVE_GETRLIMIT 1
| #define HAVE___XPG_STRERROR_R 1
| #define HAVE_STRPTIME 1
| #define HAVE_STRTOIMAX 1
| #define HAVE_LOCALTIME_R 1
| #define HAVE_WCRTOMB 1
| #define HAVE_WCWIDTH 1
| #define HAVE_PIPE 1
| #define HAVE_PSELECT 1
| #define HAVE_PTHREAD_SIGMASK 1
| #define HAVE_SLEEP 1
| #define HAVE_SNPRINTF 1
| #define HAVE_SHUTDOWN 1
| #define HAVE_UNLINKAT 1
| #define HAVE_WCTOB 1
| #define HAVE_SIGPROCMASK 1
| #define HAVE_FORK 1
| #define HAVE_VFORK 1
| #define HAVE_LANGINFO_CODESET 1
| #define BITSIZEOF_WCHAR_T 32
| #define HAVE_MBSTATE_T 1
| #define HAVE_WORKING_MBRTOC32 1
| #define HAVE_WORKING_C32RTOMB 1
| #define HAVE_MALLOC_PTRDIFF 1
| #define HAVE_MALLOC_POSIX 1
| #define restrict __restrict__
| #define HAVE_ENVIRON_DECL 1
| #define HAVE_ERROR 1
| #define HAVE_DECL_STRERROR_R 1
| #define HAVE_STRERROR_R 1
| #define STRERROR_R_CHAR_P 1
| #define HAVE_DECL_FCHDIR 1
| #define HAVE_WORKING_O_NOATIME 1
| #define HAVE_WORKING_O_NOFOLLOW 1
| #define HAVE_MEMPCPY 1
| #define FUNC_FFLUSH_STDIN 0
| #define LSTAT_FOLLOWS_SLASHED_SYMLINK 1
| #define HAVE_DECL_GETDTABLESIZE 1
| #define HAVE_GETOPT_H 1
| #define HAVE_GETOPT_LONG_ONLY 1
| #define HAVE_PTHREAD_API 1
| #define SETLOCALE_NULL_ALL_MTSAFE 1
| #define SETLOCALE_NULL_ONE_MTSAFE 1
| #ifndef __x86_64__
| #define __x86_64__ 1
| #endif
| #ifndef __x86_64__
| #define __x86_64__ 1
| #endif
| #define HAVE_LONG_LONG_INT 1
| #define HAVE_UNSIGNED_LONG_LONG_INT 1
| #define HAVE_TOWLOWER 1
| #define HAVE_LC_MESSAGES 1
| #define HAVE_WEAK_SYMBOLS 1
| #define USE_POSIX_THREADS 1
| #define USE_POSIX_THREADS_FROM_LIBC 1
| #define HAVE_MALLOC_0_NONNULL 1
| #define HAVE_MAP_ANONYMOUS 1
| #define HAVE_DECL_MEMRCHR 1
| #define HAVE_MINMAX_IN_SYS_PARAM_H 1
| #define TIME_T_IS_SIGNED 1
| #define HAVE_DECL_ALARM 1
| #define HAVE_STRUCT_TM_TM_GMTOFF 1
| #define HAVE_STRUCT_TM_TM_ZONE 1
| #define HAVE_TM_GMTOFF 1
| #define PROMOTED_MODE_T mode_t
| #define HAVE_PTHREAD_T 1
| #define HAVE_PTHREAD_SPINLOCK_T 1
| #define HAVE_SIGSET_T 1
| #define HAVE_SCHED_H 1
| #define HAVE_DECL_SETENV 1
| #define HAVE_DECL__PUTENV 0
| #define HAVE_SEARCH_H 1
| #define HAVE_TSEARCH 1
| #define HAVE_DECL_FCLOSEALL 1
| #define HAVE_DECL_GETW 1
| #define HAVE_DECL_PUTW 1
| #define HAVE_DECL_ECVT 1
| #define HAVE_DECL_FCVT 1
| #define HAVE_DECL_GCVT 1
| #define HAVE_DECL_STRDUP 1
| #define HAVE_STRERROR_R 1
| #define HAVE_DECL_STRNLEN 1
| #define HAVE_DECL_STRTOIMAX 1
| #define _USE_STD_STAT 1
| #define HAVE_DECL_EXECVPE 1
| #define HAVE_DECL_CLEARERR_UNLOCKED 1
| #define HAVE_DECL_FEOF_UNLOCKED 1
| #define HAVE_DECL_FERROR_UNLOCKED 1
| #define HAVE_DECL_FFLUSH_UNLOCKED 1
| #define HAVE_DECL_FGETS_UNLOCKED 1
| #define HAVE_DECL_FPUTC_UNLOCKED 1
| #define HAVE_DECL_FPUTS_UNLOCKED 1
| #define HAVE_DECL_FREAD_UNLOCKED 1
| #define HAVE_DECL_FWRITE_UNLOCKED 1
| #define HAVE_DECL_GETC_UNLOCKED 1
| #define HAVE_DECL_GETCHAR_UNLOCKED 1
| #define HAVE_DECL_PUTC_UNLOCKED 1
| #define HAVE_DECL_PUTCHAR_UNLOCKED 1
| #define HAVE_DECL_UNSETENV 1
| #define HAVE_DECL_WCSDUP 1
| #define HAVE_SHUTDOWN 1
| #define HAVE_STRUCT_SOCKADDR_STORAGE 1
| #define HAVE_SA_FAMILY_T 1
| #define HAVE_STRUCT_SOCKADDR_STORAGE_SS_FAMILY 1
| #define HAVE_IPV4 1
| #define HAVE_IPV6 1
| #define DBL_EXPBIT0_WORD 1
| #define DBL_EXPBIT0_BIT 20
| #define FLT_EXPBIT0_WORD 0
| #define FLT_EXPBIT0_BIT 23
| #define LDBL_EXPBIT0_WORD 2
| #define LDBL_EXPBIT0_BIT 0
| #define HAVE_DECL_INITSTATE 1
| #define HAVE_DECL_SETSTATE 1
| #define HAVE_DECL_SNPRINTF 1
| #define HAVE_INTTYPES_H_WITH_UINTMAX 1
| #define HAVE_STDINT_H_WITH_UINTMAX 1
| #define HAVE_INTMAX_T 1
| #define HAVE_WCSLEN 1
| #define HAVE_SNPRINTF 1
| #define HAVE_STRNLEN 1
| #define HAVE_WCRTOMB 1
| #define HAVE_DECL__SNPRINTF 0
| #define HAVE_SNPRINTF_RETVAL_C99 1
| #define HAVE_SNPRINTF_TRUNCATION_C99 1
| #define HAVE_ALLOCA 1
| /* end confdefs.h.  */
| 
|           #if true == false
|            #error "true == false"
|           #endif
|           extern bool b;
|           bool b = true == false;
configure:33056: result: no
configure:33101: checking whether btowc(0) is correct
configure:33132: gcc -o conftest -g -O2   conftest.c  >&5
configure:33132: $? = 0
configure:33132: ./conftest
configure:33132: $? = 0
configure:33147: result: yes
configure:33150: checking whether btowc(EOF) is correct
configure:33202: result: guessing yes
configure:33206: checking whether btowc is consistent with mbrtowc in the C locale
configure:33262: gcc -o conftest -g -O2   conftest.c  >&5
configure:33262: $? = 0
configure:33262: ./conftest
configure:33262: $? = 1
configure: program exited with status 1
configure: failed program was:
| /* confdefs.h */
| #define PACKAGE_NAME "GNU diffutils"
| #define PACKAGE_TARNAME "diffutils"
| #define PACKAGE_VERSION "3.12"
| #define PACKAGE_STRING "GNU diffutils 3.12"
| #define PACKAGE_BUGREPORT "bug-diffutils@gnu.org"
| #define PACKAGE_URL "https://www.gnu.org/software/diffutils/"
| #define PACKAGE "diffutils"
| #define VERSION "3.12"
| #define HAVE_STDIO_H 1
| #define HAVE_STDLIB_H 1
| #define HAVE_STRING_H 1
| #define HAVE_INTTYPES_H 1
| #define HAVE_STDINT_H 1
| #define HAVE_STRINGS_H 1
| #define HAVE_SYS_STAT_H 1
| #define HAVE_SYS_TYPES_H 1
| #define HAVE_UNISTD_H 1
| #define HAVE_WCHAR_H 1
| #define HAVE_STDBOOL_H 1
| #define HAVE_UCHAR_H 1
| #define HAVE_SYS_PARAM_H 1
| #define HAVE_SYS_SOCKET_H 1
| #define HAVE_DIRENT_H 1
| #define HAVE_ERROR_H 1
| #define HAVE_FNMATCH_H 1
| #define HAVE_GETOPT_H 1
| #define HAVE_SYS_TIME_H 1
| #define HAVE_THREADS_H 1
| #define HAVE_LIMITS_H 1
| #define HAVE_WCTYPE_H 1
| #define HAVE_LANGINFO_H 1
| #define HAVE_SYS_MMAN_H 1
| #define HAVE_PTHREAD_H 1
| #define HAVE_MALLOC_H 1
| #define HAVE_STDBIT_H 1
| #define HAVE_SYS_RANDOM_H 1
| #define HAVE_SYS_WAIT_H 1
| #define HAVE_FEATURES_H 1
| #define HAVE_ARPA_INET_H 1
| #define HAVE_NETDB_H 1
| #define HAVE_NETINET_IN_H 1
| #define HAVE_MATH_H 1
| #define HAVE_SYS_SELECT_H 1
| #define HAVE_SEMAPHORE_H 1
| #define HAVE_SYS_IOCTL_H 1
| #define HAVE_SYS_UN_H 1
| #define HAVE_SYS_UIO_H 1
| #define STDC_HEADERS 1
| #define _ALL_SOURCE 1
| #define _COSMO_SOURCE 1
| #define _DARWIN_C_SOURCE 1
| #define _GNU_SOURCE 1
| #define _HPUX_ALT_XOPEN_SOCKET_API 1
| #define _NETBSD_SOURCE 1
| #define _OPENBSD_SOURCE 1
| #define _POSIX_PTHREAD_SEMANTICS 1
| #define __STDC_WANT_IEC_60559_ATTRIBS_EXT__ 1
| #define __STDC_WANT_IEC_60559_BFP_EXT__ 1
| #define __STDC_WANT_IEC_60559_DFP_EXT__ 1
| #define __STDC_WANT_IEC_60559_EXT__ 1
| #define __STDC_WANT_IEC_60559_FUNCS_EXT__ 1
| #define __STDC_WANT_IEC_60559_TYPES_EXT__ 1
| #define __STDC_WANT_LIB_EXT2__ 1
| #define __STDC_WANT_MATH_SPEC_FUNCS__ 1
| #define _TANDEM_SOURCE 1
| #define __EXTENSIONS__ 1
| #define _LINUX_SOURCE_COMPAT 1
| #define __USE_MINGW_ANSI_STDIO 1
| #define HAVE_ALLOCA_H 1
| #define HAVE_ALLOCA 1
| #define HAVE_WINT_T 1
| #define HAVE_BTOWC 1
| #define HAVE_MBRTOWC 1
| #define HAVE_MBSINIT 1
| #define HAVE_FCHDIR 1
| #define HAVE_FCNTL 1
| #define HAVE_SYMLINK 1
| #define HAVE_FDOPENDIR 1
| #define HAVE_FNMATCH 1
| #define HAVE_MBSRTOWCS 1
| #define HAVE_FSTATAT 1
| #define HAVE_GETDTABLESIZE 1
| #define HAVE_GETTIMEOFDAY 1
| #define HAVE_ISBLANK 1
| #define HAVE_ISWCNTRL 1
| #define HAVE_LSTAT 1
| #define HAVE_MPROTECT 1
| #define HAVE_MKSTEMP 1
| #define HAVE_OPENAT 1
| #define HAVE_PCLOSE 1
| #define HAVE_POPEN 1
| #define HAVE_READLINK 1
| #define HAVE_ISWCTYPE 1
| #define HAVE_SETENV 1
| #define HAVE_SIGACTION 1
| #define HAVE_SIGALTSTACK 1
| #define HAVE_SIGINTERRUPT 1
| #define HAVE_SETRLIMIT 1
| #define HAVE_GETRLIMIT 1
| #define HAVE___XPG_STRERROR_R 1
| #define HAVE_STRPTIME 1
| #define HAVE_STRTOIMAX 1
| #define HAVE_LOCALTIME_R 1
| #define HAVE_WCRTOMB 1
| #define HAVE_WCWIDTH 1
| #define HAVE_PIPE 1
| #define HAVE_PSELECT 1
| #define HAVE_PTHREAD_SIGMASK 1
| #define HAVE_SLEEP 1
| #define HAVE_SNPRINTF 1
| #define HAVE_SHUTDOWN 1
| #define HAVE_UNLINKAT 1
| #define HAVE_WCTOB 1
| #define HAVE_SIGPROCMASK 1
| #define HAVE_FORK 1
| #define HAVE_VFORK 1
| #define HAVE_LANGINFO_CODESET 1
| #define BITSIZEOF_WCHAR_T 32
| #define HAVE_MBSTATE_T 1
| #define HAVE_WORKING_MBRTOC32 1
| #define HAVE_WORKING_C32RTOMB 1
| #define HAVE_MALLOC_PTRDIFF 1
| #define HAVE_MALLOC_POSIX 1
| #define restrict __restrict__
| #define HAVE_ENVIRON_DECL 1
| #define HAVE_ERROR 1
| #define HAVE_DECL_STRERROR_R 1
| #define HAVE_STRERROR_R 1
| #define STRERROR_R_CHAR_P 1
| #define HAVE_DECL_FCHDIR 1
| #define HAVE_WORKING_O_NOATIME 1
| #define HAVE_WORKING_O_NOFOLLOW 1
| #define HAVE_MEMPCPY 1
| #define FUNC_FFLUSH_STDIN 0
| #define LSTAT_FOLLOWS_SLASHED_SYMLINK 1
| #define HAVE_DECL_GETDTABLESIZE 1
| #define HAVE_GETOPT_H 1
| #define HAVE_GETOPT_LONG_ONLY 1
| #define HAVE_PTHREAD_API 1
| #define SETLOCALE_NULL_ALL_MTSAFE 1
| #define SETLOCALE_NULL_ONE_MTSAFE 1
| #ifndef __x86_64__
| #define __x86_64__ 1
| #endif
| #ifndef __x86_64__
| #define __x86_64__ 1
| #endif
| #define HAVE_LONG_LONG_INT 1
| #define HAVE_UNSIGNED_LONG_LONG_INT 1
| #define HAVE_TOWLOWER 1
| #define HAVE_LC_MESSAGES 1
| #define HAVE_WEAK_SYMBOLS 1
| #define USE_POSIX_THREADS 1
| #define USE_POSIX_THREADS_FROM_LIBC 1
| #define HAVE_MALLOC_0_NONNULL 1
| #define HAVE_MAP_ANONYMOUS 1
| #define HAVE_DECL_MEMRCHR 1
| #define HAVE_MINMAX_IN_SYS_PARAM_H 1
| #define TIME_T_IS_SIGNED 1
| #define HAVE_DECL_ALARM 1
| #define HAVE_STRUCT_TM_TM_GMTOFF 1
| #define HAVE_STRUCT_TM_TM_ZONE 1
| #define HAVE_TM_GMTOFF 1
| #define PROMOTED_MODE_T mode_t
| #define HAVE_PTHREAD_T 1
| #define HAVE_PTHREAD_SPINLOCK_T 1
| #define HAVE_SIGSET_T 1
| #define HAVE_SCHED_H 1
| #define HAVE_DECL_SETENV 1
| #define HAVE_DECL__PUTENV 0
| #define HAVE_SEARCH_H 1
| #define HAVE_TSEARCH 1
| #define HAVE_DECL_FCLOSEALL 1
| #define HAVE_DECL_GETW 1
| #define HAVE_DECL_PUTW 1
| #define HAVE_DECL_ECVT 1
| #define HAVE_DECL_FCVT 1
| #define HAVE_DECL_GCVT 1
| #define HAVE_DECL_STRDUP 1
| #define HAVE_STRERROR_R 1
| #define HAVE_DECL_STRNLEN 1
| #define HAVE_DECL_STRTOIMAX 1
| #define _USE_STD_STAT 1
| #define HAVE_DECL_EXECVPE 1
| #define HAVE_DECL_CLEARERR_UNLOCKED 1
| #define HAVE_DECL_FEOF_UNLOCKED 1
| #define HAVE_DECL_FERROR_UNLOCKED 1
| #define HAVE_DECL_FFLUSH_UNLOCKED 1
| #define HAVE_DECL_FGETS_UNLOCKED 1
| #define HAVE_DECL_FPUTC_UNLOCKED 1
| #define HAVE_DECL_FPUTS_UNLOCKED 1
| #define HAVE_DECL_FREAD_UNLOCKED 1
| #define HAVE_DECL_FWRITE_UNLOCKED 1
| #define HAVE_DECL_GETC_UNLOCKED 1
| #define HAVE_DECL_GETCHAR_UNLOCKED 1
| #define HAVE_DECL_PUTC_UNLOCKED 1
| #define HAVE_DECL_PUTCHAR_UNLOCKED 1
| #define HAVE_DECL_UNSETENV 1
| #define HAVE_DECL_WCSDUP 1
| #define HAVE_SHUTDOWN 1
| #define HAVE_STRUCT_SOCKADDR_STORAGE 1
| #define HAVE_SA_FAMILY_T 1
| #define HAVE_STRUCT_SOCKADDR_STORAGE_SS_FAMILY 1
| #define HAVE_IPV4 1
| #define HAVE_IPV6 1
| #define DBL_EXPBIT0_WORD 1
| #define DBL_EXPBIT0_BIT 20
| #define FLT_EXPBIT0_WORD 0
| #define FLT_EXPBIT0_BIT 23
| #define LDBL_EXPBIT0_WORD 2
| #define LDBL_EXPBIT0_BIT 0
| #define HAVE_DECL_INITSTATE 1
| #define HAVE_DECL_SETSTATE 1
| #define HAVE_DECL_SNPRINTF 1
| #define HAVE_INTTYPES_H_WITH_UINTMAX 1
| #define HAVE_STDINT_H_WITH_UINTMAX 1
| #define HAVE_INTMAX_T 1
| #define HAVE_WCSLEN 1
| #define HAVE_SNPRINTF 1
| #define HAVE_STRNLEN 1
| #define HAVE_WCRTOMB 1
| #define HAVE_DECL__SNPRINTF 0
| #define HAVE_SNPRINTF_RETVAL_C99 1
| #define HAVE_SNPRINTF_TRUNCATION_C99 1
| #define HAVE_ALLOCA 1
| #define GNULIB_TEST_BTOC32 1
| /* end confdefs.h.  */
| 
| #include <stdlib.h>
| #include <string.h>
| #include <wchar.h>
| int main ()
| {
| #if HAVE_MBRTOWC
|   wint_t wc1 = btowc (0x80);
|   wchar_t wc2 = (wchar_t) 0xbadface;
|   char buf[1] = { 0x80 };
|   mbstate_t state;
|   memset (&state, 0, sizeof (mbstate_t));
|   if (mbrtowc (&wc2, buf, 1, &state) != 1 || wc1 != wc2)
|     return 1;
| #endif
|   return 0;
| }
configure:33277: result: no
configure:33413: checking for __builtin_expect
configure:33429: gcc -o conftest -g -O2   conftest.c  >&5
configure:33429: $? = 0
configure:33459: result: yes
configure:33847: checking whether calloc (0, n) and calloc (n, 0) return nonnull
configure:33883: gcc -o conftest -g -O2   conftest.c  >&5
configure:33883: $? = 0
configure:33883: ./conftest
configure:33883: $? = 0
configure:33897: result: yes
configure:33978: checking for readlinkat
configure:34015: checking for readlinkat
configure:34015: gcc -o conftest -g -O2   conftest.c  >&5
configure:34015: $? = 0
configure:34015: result: yes
configure:34031: result: yes
configure:34066: checking whether this system supports file names of any length
configure:34111: result: no
configure:34160: checking for library containing clock_gettime
configure:34196: gcc -o conftest -g -O2   conftest.c  >&5
configure:34196: $? = 0
configure:34218: result: none required
configure:34228: checking for clock_getres
configure:34228: gcc -o conftest -g -O2   conftest.c  >&5
configure:34228: $? = 0
configure:34228: result: yes
configure:34234: checking for clock_gettime
configure:34234: gcc -o conftest -g -O2   conftest.c  >&5
configure:34234: $? = 0
configure:34234: result: yes
configure:34240: checking for clock_settime
configure:34240: gcc -o conftest -g -O2   conftest.c  >&5
configure:34240: $? = 0
configure:34240: result: yes
configure:34302: checking for closedir
configure:34302: gcc -o conftest -g -O2   conftest.c  >&5
configure:34302: $? = 0
configure:34302: result: yes
configure:34371: checking for d_type member in directory struct
configure:34391: gcc -o conftest -g -O2   conftest.c  >&5
configure:34391: $? = 0
configure:34404: result: yes
configure:34426: checking for dirfd
configure:34426: gcc -o conftest -g -O2   conftest.c  >&5
configure:34426: $? = 0
configure:34426: result: yes
configure:34433: checking whether dirfd is declared
configure:34433: gcc -c -g -O2   conftest.c >&5
configure:34433: $? = 0
configure:34433: result: yes
configure:34449: checking whether dirfd is a macro
configure:34476: result: no
configure:34583: checking whether // is distinct from /
configure:34614: result: no
configure:34642: checking whether dup works
configure:34678: gcc -o conftest -g -O2   conftest.c  >&5
configure:34678: $? = 0
configure:34678: ./conftest
configure:34678: $? = 0
configure:34693: result: yes
configure:34743: checking whether dup2 works
configure:34836: gcc -o conftest -g -O2   conftest.c  >&5
configure:34836: $? = 0
configure:34836: ./conftest
configure:34836: $? = 0
configure:34851: result: yes
configure:35147: checking whether fcntl handles F_DUPFD correctly
configure:35211: gcc -o conftest -g -O2   conftest.c  >&5
configure:35211: $? = 0
configure:35211: ./conftest
configure:35211: $? = 0
configure:35225: result: yes
configure:35243: checking whether fcntl understands F_DUPFD_CLOEXEC
configure:35278: gcc -o conftest -g -O2   conftest.c  >&5
configure:35278: $? = 0
configure:35278: ./conftest
configure:35278: $? = 0
configure:35297: gcc -c -g -O2  conftest.c >&5
conftest.c:272:1: error: unknown type name 'choke'
  272 | choke me
      | ^~~~~
conftest.c:272:9: error: expected ';' before 'int'
  272 | choke me
      |         ^
      |         ;
......
  275 | int
      | ~~~      
configure:35297: $? = 1
configure: failed program was:
| /* confdefs.h */
| #define PACKAGE_NAME "GNU diffutils"
| #define PACKAGE_TARNAME "diffutils"
| #define PACKAGE_VERSION "3.12"
| #define PACKAGE_STRING "GNU diffutils 3.12"
| #define PACKAGE_BUGREPORT "bug-diffutils@gnu.org"
| #define PACKAGE_URL "https://www.gnu.org/software/diffutils/"
| #define PACKAGE "diffutils"
| #define VERSION "3.12"
| #define HAVE_STDIO_H 1
| #define HAVE_STDLIB_H 1
| #define HAVE_STRING_H 1
| #define HAVE_INTTYPES_H 1
| #define HAVE_STDINT_H 1
| #define HAVE_STRINGS_H 1
| #define HAVE_SYS_STAT_H 1
| #define HAVE_SYS_TYPES_H 1
| #define HAVE_UNISTD_H 1
| #define HAVE_WCHAR_H 1
| #define HAVE_STDBOOL_H 1
| #define HAVE_UCHAR_H 1
| #define HAVE_SYS_PARAM_H 1
| #define HAVE_SYS_SOCKET_H 1
| #define HAVE_DIRENT_H 1
| #define HAVE_ERROR_H 1
| #define HAVE_FNMATCH_H 1
| #define HAVE_GETOPT_H 1
| #define HAVE_SYS_TIME_H 1
| #define HAVE_THREADS_H 1
| #define HAVE_LIMITS_H 1
| #define HAVE_WCTYPE_H 1
| #define HAVE_LANGINFO_H 1
| #define HAVE_SYS_MMAN_H 1
| #define HAVE_PTHREAD_H 1
| #define HAVE_MALLOC_H 1
| #define HAVE_STDBIT_H 1
| #define HAVE_SYS_RANDOM_H 1
| #define HAVE_SYS_WAIT_H 1
| #define HAVE_FEATURES_H 1
| #define HAVE_ARPA_INET_H 1
| #define HAVE_NETDB_H 1
| #define HAVE_NETINET_IN_H 1
| #define HAVE_MATH_H 1
| #define HAVE_SYS_SELECT_H 1
| #define HAVE_SEMAPHORE_H 1
| #define HAVE_SYS_IOCTL_H 1
| #define HAVE_SYS_UN_H 1
| #define HAVE_SYS_UIO_H 1
| #define STDC_HEADERS 1
| #define _ALL_SOURCE 1
| #define _COSMO_SOURCE 1
| #define _DARWIN_C_SOURCE 1
| #define _GNU_SOURCE 1
| #define _HPUX_ALT_XOPEN_SOCKET_API 1
| #define _NETBSD_SOURCE 1
| #define _OPENBSD_SOURCE 1
| #define _POSIX_PTHREAD_SEMANTICS 1
| #define __STDC_WANT_IEC_60559_ATTRIBS_EXT__ 1
| #define __STDC_WANT_IEC_60559_BFP_EXT__ 1
| #define __STDC_WANT_IEC_60559_DFP_EXT__ 1
| #define __STDC_WANT_IEC_60559_EXT__ 1
| #define __STDC_WANT_IEC_60559_FUNCS_EXT__ 1
| #define __STDC_WANT_IEC_60559_TYPES_EXT__ 1
| #define __STDC_WANT_LIB_EXT2__ 1
| #define __STDC_WANT_MATH_SPEC_FUNCS__ 1
| #define _TANDEM_SOURCE 1
| #define __EXTENSIONS__ 1
| #define _LINUX_SOURCE_COMPAT 1
| #define __USE_MINGW_ANSI_STDIO 1
| #define HAVE_ALLOCA_H 1
| #define HAVE_ALLOCA 1
| #define HAVE_WINT_T 1
| #define HAVE_BTOWC 1
| #define HAVE_MBRTOWC 1
| #define HAVE_MBSINIT 1
| #define HAVE_FCHDIR 1
| #define HAVE_FCNTL 1
| #define HAVE_SYMLINK 1
| #define HAVE_FDOPENDIR 1
| #define HAVE_FNMATCH 1
| #define HAVE_MBSRTOWCS 1
| #define HAVE_FSTATAT 1
| #define HAVE_GETDTABLESIZE 1
| #define HAVE_GETTIMEOFDAY 1
| #define HAVE_ISBLANK 1
| #define HAVE_ISWCNTRL 1
| #define HAVE_LSTAT 1
| #define HAVE_MPROTECT 1
| #define HAVE_MKSTEMP 1
| #define HAVE_OPENAT 1
| #define HAVE_PCLOSE 1
| #define HAVE_POPEN 1
| #define HAVE_READLINK 1
| #define HAVE_ISWCTYPE 1
| #define HAVE_SETENV 1
| #define HAVE_SIGACTION 1
| #define HAVE_SIGALTSTACK 1
| #define HAVE_SIGINTERRUPT 1
| #define HAVE_SETRLIMIT 1
| #define HAVE_GETRLIMIT 1
| #define HAVE___XPG_STRERROR_R 1
| #define HAVE_STRPTIME 1
| #define HAVE_STRTOIMAX 1
| #define HAVE_LOCALTIME_R 1
| #define HAVE_WCRTOMB 1
| #define HAVE_WCWIDTH 1
| #define HAVE_PIPE 1
| #define HAVE_PSELECT 1
| #define HAVE_PTHREAD_SIGMASK 1
| #define HAVE_SLEEP 1
| #define HAVE_SNPRINTF 1
| #define HAVE_SHUTDOWN 1
| #define HAVE_UNLINKAT 1
| #define HAVE_WCTOB 1
| #define HAVE_SIGPROCMASK 1
| #define HAVE_FORK 1
| #define HAVE_VFORK 1
| #define HAVE_LANGINFO_CODESET 1
| #define BITSIZEOF_WCHAR_T 32
| #define HAVE_MBSTATE_T 1
| #define HAVE_WORKING_MBRTOC32 1
| #define HAVE_WORKING_C32RTOMB 1
| #define HAVE_MALLOC_PTRDIFF 1
| #define HAVE_MALLOC_POSIX 1
| #define restrict __restrict__
| #define HAVE_ENVIRON_DECL 1
| #define HAVE_ERROR 1
| #define HAVE_DECL_STRERROR_R 1
| #define HAVE_STRERROR_R 1
| #define STRERROR_R_CHAR_P 1
| #define HAVE_DECL_FCHDIR 1
| #define HAVE_WORKING_O_NOATIME 1
| #define HAVE_WORKING_O_NOFOLLOW 1
| #define HAVE_MEMPCPY 1
| #define FUNC_FFLUSH_STDIN 0
| #define LSTAT_FOLLOWS_SLASHED_SYMLINK 1
| #define HAVE_DECL_GETDTABLESIZE 1
| #define HAVE_GETOPT_H 1
| #define HAVE_GETOPT_LONG_ONLY 1
| #define HAVE_PTHREAD_API 1
| #define SETLOCALE_NULL_ALL_MTSAFE 1
| #define SETLOCALE_NULL_ONE_MTSAFE 1
| #ifndef __x86_64__
| #define __x86_64__ 1
| #endif
| #ifndef __x86_64__
| #define __x86_64__ 1
| #endif
| #define HAVE_LONG_LONG_INT 1
| #define HAVE_UNSIGNED_LONG_LONG_INT 1
| #define HAVE_TOWLOWER 1
| #define HAVE_LC_MESSAGES 1
| #define HAVE_WEAK_SYMBOLS 1
| #define USE_POSIX_THREADS 1
| #define USE_POSIX_THREADS_FROM_LIBC 1
| #define HAVE_MALLOC_0_NONNULL 1
| #define HAVE_MAP_ANONYMOUS 1
| #define HAVE_DECL_MEMRCHR 1
| #define HAVE_MINMAX_IN_SYS_PARAM_H 1
| #define TIME_T_IS_SIGNED 1
| #define HAVE_DECL_ALARM 1
| #define HAVE_STRUCT_TM_TM_GMTOFF 1
| #define HAVE_STRUCT_TM_TM_ZONE 1
| #define HAVE_TM_GMTOFF 1
| #define PROMOTED_MODE_T mode_t
| #define HAVE_PTHREAD_T 1
| #define HAVE_PTHREAD_SPINLOCK_T 1
| #define HAVE_SIGSET_T 1
| #define HAVE_SCHED_H 1
| #define HAVE_DECL_SETENV 1
| #define HAVE_DECL__PUTENV 0
| #define HAVE_SEARCH_H 1
| #define HAVE_TSEARCH 1
| #define HAVE_DECL_FCLOSEALL 1
| #define HAVE_DECL_GETW 1
| #define HAVE_DECL_PUTW 1
| #define HAVE_DECL_ECVT 1
| #define HAVE_DECL_FCVT 1
| #define HAVE_DECL_GCVT 1
| #define HAVE_DECL_STRDUP 1
| #define HAVE_STRERROR_R 1
| #define HAVE_DECL_STRNLEN 1
| #define HAVE_DECL_STRTOIMAX 1
| #define _USE_STD_STAT 1
| #define HAVE_DECL_EXECVPE 1
| #define HAVE_DECL_CLEARERR_UNLOCKED 1
| #define HAVE_DECL_FEOF_UNLOCKED 1
| #define HAVE_DECL_FERROR_UNLOCKED 1
| #define HAVE_DECL_FFLUSH_UNLOCKED 1
| #define HAVE_DECL_FGETS_UNLOCKED 1
| #define HAVE_DECL_FPUTC_UNLOCKED 1
| #define HAVE_DECL_FPUTS_UNLOCKED 1
| #define HAVE_DECL_FREAD_UNLOCKED 1
| #define HAVE_DECL_FWRITE_UNLOCKED 1
| #define HAVE_DECL_GETC_UNLOCKED 1
| #define HAVE_DECL_GETCHAR_UNLOCKED 1
| #define HAVE_DECL_PUTC_UNLOCKED 1
| #define HAVE_DECL_PUTCHAR_UNLOCKED 1
| #define HAVE_DECL_UNSETENV 1
| #define HAVE_DECL_WCSDUP 1
| #define HAVE_SHUTDOWN 1
| #define HAVE_STRUCT_SOCKADDR_STORAGE 1
| #define HAVE_SA_FAMILY_T 1
| #define HAVE_STRUCT_SOCKADDR_STORAGE_SS_FAMILY 1
| #define HAVE_IPV4 1
| #define HAVE_IPV6 1
| #define DBL_EXPBIT0_WORD 1
| #define DBL_EXPBIT0_BIT 20
| #define FLT_EXPBIT0_WORD 0
| #define FLT_EXPBIT0_BIT 23
| #define LDBL_EXPBIT0_WORD 2
| #define LDBL_EXPBIT0_BIT 0
| #define HAVE_DECL_INITSTATE 1
| #define HAVE_DECL_SETSTATE 1
| #define HAVE_DECL_SNPRINTF 1
| #define HAVE_INTTYPES_H_WITH_UINTMAX 1
| #define HAVE_STDINT_H_WITH_UINTMAX 1
| #define HAVE_INTMAX_T 1
| #define HAVE_WCSLEN 1
| #define HAVE_SNPRINTF 1
| #define HAVE_STRNLEN 1
| #define HAVE_WCRTOMB 1
| #define HAVE_DECL__SNPRINTF 0
| #define HAVE_SNPRINTF_RETVAL_C99 1
| #define HAVE_SNPRINTF_TRUNCATION_C99 1
| #define HAVE_ALLOCA 1
| #define GNULIB_TEST_BTOC32 1
| #define GNULIB_TEST_BTOWC 1
| #define HAVE___BUILTIN_EXPECT 1
| #define GNULIB_TEST_C32_APPLY_TYPE_TEST 1
| #define GNULIB_TEST_C32_GET_TYPE_TEST 1
| #define GNULIB_TEST_C32ISALNUM 1
| #define GNULIB_TEST_C32ISALPHA 1
| #define GNULIB_TEST_C32ISBLANK 1
| #define GNULIB_TEST_C32ISCNTRL 1
| #define GNULIB_TEST_C32ISDIGIT 1
| #define GNULIB_TEST_C32ISGRAPH 1
| #define GNULIB_TEST_C32ISLOWER 1
| #define GNULIB_TEST_C32ISPRINT 1
| #define GNULIB_TEST_C32ISPUNCT 1
| #define GNULIB_TEST_C32ISSPACE 1
| #define GNULIB_TEST_C32ISUPPER 1
| #define GNULIB_TEST_C32ISXDIGIT 1
| #define GNULIB_TEST_C32TOLOWER 1
| #define GNULIB_TEST_C32WIDTH 1
| #define GNULIB_TEST_CALLOC_GNU 1
| #define GNULIB_TEST_CALLOC_POSIX 1
| #define HAVE_READLINKAT 1
| #define GNULIB_TEST_CHDIR 1
| #define HAVE_CLOCK_GETRES 1
| #define HAVE_CLOCK_GETTIME 1
| #define HAVE_CLOCK_SETTIME 1
| #define GNULIB_TEST_CLOEXEC 1
| #define GNULIB_TEST_CLOSE 1
| #define GNULIB_CLOSE 1
| #define HAVE_CLOSEDIR 1
| #define GNULIB_TEST_CLOSEDIR 1
| #define HAVE_STRUCT_DIRENT_D_TYPE 1
| #define HAVE_DIRFD 1
| #define HAVE_DECL_DIRFD 1
| #define GNULIB_TEST_DIRFD 1
| #define GNULIB_DIRNAME 1
| #define GNULIB_TEST_DUP 1
| #define GNULIB_TEST_DUP2 1
| #define GNULIB_TEST_ENVIRON 1
| #define GNULIB_TEST_FCHDIR 1
| /* end confdefs.h.  */
| 
| #ifdef __linux__
| /* The Linux kernel only added F_DUPFD_CLOEXEC in 2.6.24, so we always replace
|    it to support the semantics on older kernels that failed with EINVAL.  */
| choke me
| #endif
| 
| int
| main (void)
| {
| 
|   ;
|   return 0;
| }
configure:35318: result: needs runtime check
configure:35400: checking whether fdopendir is declared
configure:35400: gcc -c -g -O2   conftest.c >&5
configure:35400: $? = 0
configure:35400: result: yes
configure:35424: checking whether fdopendir works
configure:35474: gcc -o conftest -g -O2   conftest.c  >&5
configure:35474: $? = 0
configure:35474: ./conftest
configure:35474: $? = 0
configure:35488: result: yes
configure:35538: checking for struct stat.st_blocks
configure:35538: gcc -c -g -O2  conftest.c >&5
configure:35538: $? = 0
configure:35538: result: yes
configure:35588: checking for mempcpy
configure:35641: result: yes
configure:35657: checking for flexible array member
configure:35686: gcc -c -g -O2  conftest.c >&5
configure:35686: $? = 0
configure:35696: result: yes
configure:35720: checking for working GNU fnmatch
configure:35867: gcc -o conftest -g -O2   conftest.c  >&5
configure:35867: $? = 0
configure:35867: ./conftest
configure:35867: $? = 0
configure:35883: result: yes
configure:36085: checking whether fopen supports the mode character 'x'
configure:36125: gcc -o conftest -g -O2   conftest.c  >&5
configure:36125: $? = 0
configure:36125: ./conftest
configure:36125: $? = 0
configure:36141: result: yes
configure:36143: checking whether fopen supports the mode character 'e'
configure:36191: gcc -o conftest -g -O2   conftest.c  >&5
configure:36191: $? = 0
configure:36191: ./conftest
configure:36191: $? = 0
configure:36207: result: yes
configure:36257: checking whether free is known to preserve errno
configure:36281: gcc -c -g -O2  conftest.c >&5
configure:36281: $? = 0
configure:36292: result: yes
configure:36350: checking whether freopen works on closed fds
configure:36382: gcc -o conftest -g -O2   conftest.c  >&5
configure:36382: $? = 0
configure:36382: ./conftest
configure:36382: $? = 0
configure:36396: result: yes
configure:36540: checking whether fstatat (..., 0) works
configure:36567: gcc -o conftest -g -O2   conftest.c  >&5
configure:36567: $? = 0
configure:36567: ./conftest
configure:36567: $? = 0
configure:36582: result: yes
configure:36694: checking whether getdtablesize works
configure:36734: gcc -o conftest -g -O2   conftest.c  >&5
configure:36734: $? = 0
configure:36734: ./conftest
configure:36734: $? = 0
configure:36751: result: yes
configure:36957: checking for getpagesize
configure:36975: gcc -o conftest -g -O2   conftest.c  >&5
configure:36975: $? = 0
configure:36987: result: yes
configure:37018: checking whether getpagesize is declared
configure:37018: gcc -c -g -O2   conftest.c >&5
configure:37018: $? = 0
configure:37018: result: yes
configure:37066: checking for getprogname
configure:37103: checking for getprogname
configure:37103: gcc -o conftest -g -O2   conftest.c  >&5
/usr/bin/ld: /tmp/ccC8FwzC.o: in function `main':
/home/derek/Code/diffutils-bcr/conftest.c:320:(.text.startup+0x9): undefined reference to `getprogname'
collect2: error: ld returned 1 exit status
configure:37103: $? = 1
configure: failed program was:
| /* confdefs.h */
| #define PACKAGE_NAME "GNU diffutils"
| #define PACKAGE_TARNAME "diffutils"
| #define PACKAGE_VERSION "3.12"
| #define PACKAGE_STRING "GNU diffutils 3.12"
| #define PACKAGE_BUGREPORT "bug-diffutils@gnu.org"
| #define PACKAGE_URL "https://www.gnu.org/software/diffutils/"
| #define PACKAGE "diffutils"
| #define VERSION "3.12"
| #define HAVE_STDIO_H 1
| #define HAVE_STDLIB_H 1
| #define HAVE_STRING_H 1
| #define HAVE_INTTYPES_H 1
| #define HAVE_STDINT_H 1
| #define HAVE_STRINGS_H 1
| #define HAVE_SYS_STAT_H 1
| #define HAVE_SYS_TYPES_H 1
| #define HAVE_UNISTD_H 1
| #define HAVE_WCHAR_H 1
| #define HAVE_STDBOOL_H 1
| #define HAVE_UCHAR_H 1
| #define HAVE_SYS_PARAM_H 1
| #define HAVE_SYS_SOCKET_H 1
| #define HAVE_DIRENT_H 1
| #define HAVE_ERROR_H 1
| #define HAVE_FNMATCH_H 1
| #define HAVE_GETOPT_H 1
| #define HAVE_SYS_TIME_H 1
| #define HAVE_THREADS_H 1
| #define HAVE_LIMITS_H 1
| #define HAVE_WCTYPE_H 1
| #define HAVE_LANGINFO_H 1
| #define HAVE_SYS_MMAN_H 1
| #define HAVE_PTHREAD_H 1
| #define HAVE_MALLOC_H 1
| #define HAVE_STDBIT_H 1
| #define HAVE_SYS_RANDOM_H 1
| #define HAVE_SYS_WAIT_H 1
| #define HAVE_FEATURES_H 1
| #define HAVE_ARPA_INET_H 1
| #define HAVE_NETDB_H 1
| #define HAVE_NETINET_IN_H 1
| #define HAVE_MATH_H 1
| #define HAVE_SYS_SELECT_H 1
| #define HAVE_SEMAPHORE_H 1
| #define HAVE_SYS_IOCTL_H 1
| #define HAVE_SYS_UN_H 1
| #define HAVE_SYS_UIO_H 1
| #define STDC_HEADERS 1
| #define _ALL_SOURCE 1
| #define _COSMO_SOURCE 1
| #define _DARWIN_C_SOURCE 1
| #define _GNU_SOURCE 1
| #define _HPUX_ALT_XOPEN_SOCKET_API 1
| #define _NETBSD_SOURCE 1
| #define _OPENBSD_SOURCE 1
| #define _POSIX_PTHREAD_SEMANTICS 1
| #define __STDC_WANT_IEC_60559_ATTRIBS_EXT__ 1
| #define __STDC_WANT_IEC_60559_BFP_EXT__ 1
| #define __STDC_WANT_IEC_60559_DFP_EXT__ 1
| #define __STDC_WANT_IEC_60559_EXT__ 1
| #define __STDC_WANT_IEC_60559_FUNCS_EXT__ 1
| #define __STDC_WANT_IEC_60559_TYPES_EXT__ 1
| #define __STDC_WANT_LIB_EXT2__ 1
| #define __STDC_WANT_MATH_SPEC_FUNCS__ 1
| #define _TANDEM_SOURCE 1
| #define __EXTENSIONS__ 1
| #define _LINUX_SOURCE_COMPAT 1
| #define __USE_MINGW_ANSI_STDIO 1
| #define HAVE_ALLOCA_H 1
| #define HAVE_ALLOCA 1
| #define HAVE_WINT_T 1
| #define HAVE_BTOWC 1
| #define HAVE_MBRTOWC 1
| #define HAVE_MBSINIT 1
| #define HAVE_FCHDIR 1
| #define HAVE_FCNTL 1
| #define HAVE_SYMLINK 1
| #define HAVE_FDOPENDIR 1
| #define HAVE_FNMATCH 1
| #define HAVE_MBSRTOWCS 1
| #define HAVE_FSTATAT 1
| #define HAVE_GETDTABLESIZE 1
| #define HAVE_GETTIMEOFDAY 1
| #define HAVE_ISBLANK 1
| #define HAVE_ISWCNTRL 1
| #define HAVE_LSTAT 1
| #define HAVE_MPROTECT 1
| #define HAVE_MKSTEMP 1
| #define HAVE_OPENAT 1
| #define HAVE_PCLOSE 1
| #define HAVE_POPEN 1
| #define HAVE_READLINK 1
| #define HAVE_ISWCTYPE 1
| #define HAVE_SETENV 1
| #define HAVE_SIGACTION 1
| #define HAVE_SIGALTSTACK 1
| #define HAVE_SIGINTERRUPT 1
| #define HAVE_SETRLIMIT 1
| #define HAVE_GETRLIMIT 1
| #define HAVE___XPG_STRERROR_R 1
| #define HAVE_STRPTIME 1
| #define HAVE_STRTOIMAX 1
| #define HAVE_LOCALTIME_R 1
| #define HAVE_WCRTOMB 1
| #define HAVE_WCWIDTH 1
| #define HAVE_PIPE 1
| #define HAVE_PSELECT 1
| #define HAVE_PTHREAD_SIGMASK 1
| #define HAVE_SLEEP 1
| #define HAVE_SNPRINTF 1
| #define HAVE_SHUTDOWN 1
| #define HAVE_UNLINKAT 1
| #define HAVE_WCTOB 1
| #define HAVE_SIGPROCMASK 1
| #define HAVE_FORK 1
| #define HAVE_VFORK 1
| #define HAVE_LANGINFO_CODESET 1
| #define BITSIZEOF_WCHAR_T 32
| #define HAVE_MBSTATE_T 1
| #define HAVE_WORKING_MBRTOC32 1
| #define HAVE_WORKING_C32RTOMB 1
| #define HAVE_MALLOC_PTRDIFF 1
| #define HAVE_MALLOC_POSIX 1
| #define restrict __restrict__
| #define HAVE_ENVIRON_DECL 1
| #define HAVE_ERROR 1
| #define HAVE_DECL_STRERROR_R 1
| #define HAVE_STRERROR_R 1
| #define STRERROR_R_CHAR_P 1
| #define HAVE_DECL_FCHDIR 1
| #define HAVE_WORKING_O_NOATIME 1
| #define HAVE_WORKING_O_NOFOLLOW 1
| #define HAVE_MEMPCPY 1
| #define FUNC_FFLUSH_STDIN 0
| #define LSTAT_FOLLOWS_SLASHED_SYMLINK 1
| #define HAVE_DECL_GETDTABLESIZE 1
| #define HAVE_GETOPT_H 1
| #define HAVE_GETOPT_LONG_ONLY 1
| #define HAVE_PTHREAD_API 1
| #define SETLOCALE_NULL_ALL_MTSAFE 1
| #define SETLOCALE_NULL_ONE_MTSAFE 1
| #ifndef __x86_64__
| #define __x86_64__ 1
| #endif
| #ifndef __x86_64__
| #define __x86_64__ 1
| #endif
| #define HAVE_LONG_LONG_INT 1
| #define HAVE_UNSIGNED_LONG_LONG_INT 1
| #define HAVE_TOWLOWER 1
| #define HAVE_LC_MESSAGES 1
| #define HAVE_WEAK_SYMBOLS 1
| #define USE_POSIX_THREADS 1
| #define USE_POSIX_THREADS_FROM_LIBC 1
| #define HAVE_MALLOC_0_NONNULL 1
| #define HAVE_MAP_ANONYMOUS 1
| #define HAVE_DECL_MEMRCHR 1
| #define HAVE_MINMAX_IN_SYS_PARAM_H 1
| #define TIME_T_IS_SIGNED 1
| #define HAVE_DECL_ALARM 1
| #define HAVE_STRUCT_TM_TM_GMTOFF 1
| #define HAVE_STRUCT_TM_TM_ZONE 1
| #define HAVE_TM_GMTOFF 1
| #define PROMOTED_MODE_T mode_t
| #define HAVE_PTHREAD_T 1
| #define HAVE_PTHREAD_SPINLOCK_T 1
| #define HAVE_SIGSET_T 1
| #define HAVE_SCHED_H 1
| #define HAVE_DECL_SETENV 1
| #define HAVE_DECL__PUTENV 0
| #define HAVE_SEARCH_H 1
| #define HAVE_TSEARCH 1
| #define HAVE_DECL_FCLOSEALL 1
| #define HAVE_DECL_GETW 1
| #define HAVE_DECL_PUTW 1
| #define HAVE_DECL_ECVT 1
| #define HAVE_DECL_FCVT 1
| #define HAVE_DECL_GCVT 1
| #define HAVE_DECL_STRDUP 1
| #define HAVE_STRERROR_R 1
| #define HAVE_DECL_STRNLEN 1
| #define HAVE_DECL_STRTOIMAX 1
| #define _USE_STD_STAT 1
| #define HAVE_DECL_EXECVPE 1
| #define HAVE_DECL_CLEARERR_UNLOCKED 1
| #define HAVE_DECL_FEOF_UNLOCKED 1
| #define HAVE_DECL_FERROR_UNLOCKED 1
| #define HAVE_DECL_FFLUSH_UNLOCKED 1
| #define HAVE_DECL_FGETS_UNLOCKED 1
| #define HAVE_DECL_FPUTC_UNLOCKED 1
| #define HAVE_DECL_FPUTS_UNLOCKED 1
| #define HAVE_DECL_FREAD_UNLOCKED 1
| #define HAVE_DECL_FWRITE_UNLOCKED 1
| #define HAVE_DECL_GETC_UNLOCKED 1
| #define HAVE_DECL_GETCHAR_UNLOCKED 1
| #define HAVE_DECL_PUTC_UNLOCKED 1
| #define HAVE_DECL_PUTCHAR_UNLOCKED 1
| #define HAVE_DECL_UNSETENV 1
| #define HAVE_DECL_WCSDUP 1
| #define HAVE_SHUTDOWN 1
| #define HAVE_STRUCT_SOCKADDR_STORAGE 1
| #define HAVE_SA_FAMILY_T 1
| #define HAVE_STRUCT_SOCKADDR_STORAGE_SS_FAMILY 1
| #define HAVE_IPV4 1
| #define HAVE_IPV6 1
| #define DBL_EXPBIT0_WORD 1
| #define DBL_EXPBIT0_BIT 20
| #define FLT_EXPBIT0_WORD 0
| #define FLT_EXPBIT0_BIT 23
| #define LDBL_EXPBIT0_WORD 2
| #define LDBL_EXPBIT0_BIT 0
| #define HAVE_DECL_INITSTATE 1
| #define HAVE_DECL_SETSTATE 1
| #define HAVE_DECL_SNPRINTF 1
| #define HAVE_INTTYPES_H_WITH_UINTMAX 1
| #define HAVE_STDINT_H_WITH_UINTMAX 1
| #define HAVE_INTMAX_T 1
| #define HAVE_WCSLEN 1
| #define HAVE_SNPRINTF 1
| #define HAVE_STRNLEN 1
| #define HAVE_WCRTOMB 1
| #define HAVE_DECL__SNPRINTF 0
| #define HAVE_SNPRINTF_RETVAL_C99 1
| #define HAVE_SNPRINTF_TRUNCATION_C99 1
| #define HAVE_ALLOCA 1
| #define GNULIB_TEST_BTOC32 1
| #define GNULIB_TEST_BTOWC 1
| #define HAVE___BUILTIN_EXPECT 1
| #define GNULIB_TEST_C32_APPLY_TYPE_TEST 1
| #define GNULIB_TEST_C32_GET_TYPE_TEST 1
| #define GNULIB_TEST_C32ISALNUM 1
| #define GNULIB_TEST_C32ISALPHA 1
| #define GNULIB_TEST_C32ISBLANK 1
| #define GNULIB_TEST_C32ISCNTRL 1
| #define GNULIB_TEST_C32ISDIGIT 1
| #define GNULIB_TEST_C32ISGRAPH 1
| #define GNULIB_TEST_C32ISLOWER 1
| #define GNULIB_TEST_C32ISPRINT 1
| #define GNULIB_TEST_C32ISPUNCT 1
| #define GNULIB_TEST_C32ISSPACE 1
| #define GNULIB_TEST_C32ISUPPER 1
| #define GNULIB_TEST_C32ISXDIGIT 1
| #define GNULIB_TEST_C32TOLOWER 1
| #define GNULIB_TEST_C32WIDTH 1
| #define GNULIB_TEST_CALLOC_GNU 1
| #define GNULIB_TEST_CALLOC_POSIX 1
| #define HAVE_READLINKAT 1
| #define GNULIB_TEST_CHDIR 1
| #define HAVE_CLOCK_GETRES 1
| #define HAVE_CLOCK_GETTIME 1
| #define HAVE_CLOCK_SETTIME 1
| #define GNULIB_TEST_CLOEXEC 1
| #define GNULIB_TEST_CLOSE 1
| #define GNULIB_CLOSE 1
| #define HAVE_CLOSEDIR 1
| #define GNULIB_TEST_CLOSEDIR 1
| #define HAVE_STRUCT_DIRENT_D_TYPE 1
| #define HAVE_DIRFD 1
| #define HAVE_DECL_DIRFD 1
| #define GNULIB_TEST_DIRFD 1
| #define GNULIB_DIRNAME 1
| #define GNULIB_TEST_DUP 1
| #define GNULIB_TEST_DUP2 1
| #define GNULIB_TEST_ENVIRON 1
| #define GNULIB_TEST_FCHDIR 1
| #define GNULIB_TEST_FCNTL 1
| #define HAVE_DECL_FDOPENDIR 1
| #define GNULIB_TEST_FDOPENDIR 1
| #define GNULIB_FDOPENDIR 1
| #define HAVE_STRUCT_STAT_ST_BLOCKS 1
| #define HAVE_ST_BLOCKS 1
| #define GNULIB_FILENAMECAT 1
| #define HAVE_MEMPCPY 1
| #define FLEXIBLE_ARRAY_MEMBER /**/
| #define GNULIB_TEST_FNMATCH 1
| #define GNULIB_FNMATCH_GNU 1
| #define GNULIB_TEST_FOPEN 1
| #define GNULIB_FOPEN_GNU 1
| #define GNULIB_TEST_FOPEN_GNU 1
| #define HAVE_FREE_POSIX 1
| #define GNULIB_TEST_FREE_POSIX 1
| #define GNULIB_TEST_FREOPEN 1
| #define GNULIB_TEST_FSTAT 1
| #define GNULIB_FSTAT 1
| #define GNULIB_TEST_FSTATAT 1
| #define GNULIB_FSTATAT 1
| #define GNULIB_TEST_GETCWD 1
| #define GNULIB_TEST_GETDTABLESIZE 1
| #define GNULIB_TEST_GETOPT_POSIX 1
| #define GNULIB_TEST_GETPAGESIZE 1
| /* end confdefs.h.  */
| /* Define getprogname to an innocuous variant, in case <limits.h> declares getprogname.
|    For example, HP-UX 11i <limits.h> declares gettimeofday.  */
| #define getprogname innocuous_getprogname
| 
| /* System header to define __stub macros and hopefully few prototypes,
|    which can conflict with char getprogname (void); below.  */
| 
| #include <limits.h>
| #undef getprogname
| 
| /* Override any GCC internal prototype to avoid an error.
|    Use char because int might match the return type of a GCC
|    builtin and then its argument prototype would still apply.  */
| #ifdef __cplusplus
| extern "C"
| #endif
| char getprogname (void);
| /* The GNU C library defines this for functions which it implements
|     to always fail with ENOSYS.  Some functions are actually named
|     something starting with __ and the normal name is an alias.  */
| #if defined __stub_getprogname || defined __stub___getprogname
| choke me
| #endif
| 
| int
| main (void)
| {
| return getprogname ();
|   ;
|   return 0;
| }
configure:37103: result: no
configure:37119: result: no
configure:37139: checking whether program_invocation_name is declared
configure:37139: gcc -c -g -O2   conftest.c >&5
configure:37139: $? = 0
configure:37139: result: yes
configure:37178: checking whether program_invocation_name is declared
configure:37178: result: yes
configure:37193: checking whether program_invocation_short_name is declared
configure:37193: gcc -c -g -O2   conftest.c >&5
configure:37193: $? = 0
configure:37193: result: yes
configure:37208: checking whether __argv is declared
configure:37208: gcc -c -g -O2   conftest.c >&5
conftest.c: In function 'main':
conftest.c:305:10: error: '__argv' undeclared (first use in this function)
  305 |   (void) __argv;
      |          ^~~~~~
conftest.c:305:10: note: each undeclared identifier is reported only once for each function it appears in
configure:37208: $? = 1
configure: failed program was:
| /* confdefs.h */
| #define PACKAGE_NAME "GNU diffutils"
| #define PACKAGE_TARNAME "diffutils"
| #define PACKAGE_VERSION "3.12"
| #define PACKAGE_STRING "GNU diffutils 3.12"
| #define PACKAGE_BUGREPORT "bug-diffutils@gnu.org"
| #define PACKAGE_URL "https://www.gnu.org/software/diffutils/"
| #define PACKAGE "diffutils"
| #define VERSION "3.12"
| #define HAVE_STDIO_H 1
| #define HAVE_STDLIB_H 1
| #define HAVE_STRING_H 1
| #define HAVE_INTTYPES_H 1
| #define HAVE_STDINT_H 1
| #define HAVE_STRINGS_H 1
| #define HAVE_SYS_STAT_H 1
| #define HAVE_SYS_TYPES_H 1
| #define HAVE_UNISTD_H 1
| #define HAVE_WCHAR_H 1
| #define HAVE_STDBOOL_H 1
| #define HAVE_UCHAR_H 1
| #define HAVE_SYS_PARAM_H 1
| #define HAVE_SYS_SOCKET_H 1
| #define HAVE_DIRENT_H 1
| #define HAVE_ERROR_H 1
| #define HAVE_FNMATCH_H 1
| #define HAVE_GETOPT_H 1
| #define HAVE_SYS_TIME_H 1
| #define HAVE_THREADS_H 1
| #define HAVE_LIMITS_H 1
| #define HAVE_WCTYPE_H 1
| #define HAVE_LANGINFO_H 1
| #define HAVE_SYS_MMAN_H 1
| #define HAVE_PTHREAD_H 1
| #define HAVE_MALLOC_H 1
| #define HAVE_STDBIT_H 1
| #define HAVE_SYS_RANDOM_H 1
| #define HAVE_SYS_WAIT_H 1
| #define HAVE_FEATURES_H 1
| #define HAVE_ARPA_INET_H 1
| #define HAVE_NETDB_H 1
| #define HAVE_NETINET_IN_H 1
| #define HAVE_MATH_H 1
| #define HAVE_SYS_SELECT_H 1
| #define HAVE_SEMAPHORE_H 1
| #define HAVE_SYS_IOCTL_H 1
| #define HAVE_SYS_UN_H 1
| #define HAVE_SYS_UIO_H 1
| #define STDC_HEADERS 1
| #define _ALL_SOURCE 1
| #define _COSMO_SOURCE 1
| #define _DARWIN_C_SOURCE 1
| #define _GNU_SOURCE 1
| #define _HPUX_ALT_XOPEN_SOCKET_API 1
| #define _NETBSD_SOURCE 1
| #define _OPENBSD_SOURCE 1
| #define _POSIX_PTHREAD_SEMANTICS 1
| #define __STDC_WANT_IEC_60559_ATTRIBS_EXT__ 1
| #define __STDC_WANT_IEC_60559_BFP_EXT__ 1
| #define __STDC_WANT_IEC_60559_DFP_EXT__ 1
| #define __STDC_WANT_IEC_60559_EXT__ 1
| #define __STDC_WANT_IEC_60559_FUNCS_EXT__ 1
| #define __STDC_WANT_IEC_60559_TYPES_EXT__ 1
| #define __STDC_WANT_LIB_EXT2__ 1
| #define __STDC_WANT_MATH_SPEC_FUNCS__ 1
| #define _TANDEM_SOURCE 1
| #define __EXTENSIONS__ 1
| #define _LINUX_SOURCE_COMPAT 1
| #define __USE_MINGW_ANSI_STDIO 1
| #define HAVE_ALLOCA_H 1
| #define HAVE_ALLOCA 1
| #define HAVE_WINT_T 1
| #define HAVE_BTOWC 1
| #define HAVE_MBRTOWC 1
| #define HAVE_MBSINIT 1
| #define HAVE_FCHDIR 1
| #define HAVE_FCNTL 1
| #define HAVE_SYMLINK 1
| #define HAVE_FDOPENDIR 1
| #define HAVE_FNMATCH 1
| #define HAVE_MBSRTOWCS 1
| #define HAVE_FSTATAT 1
| #define HAVE_GETDTABLESIZE 1
| #define HAVE_GETTIMEOFDAY 1
| #define HAVE_ISBLANK 1
| #define HAVE_ISWCNTRL 1
| #define HAVE_LSTAT 1
| #define HAVE_MPROTECT 1
| #define HAVE_MKSTEMP 1
| #define HAVE_OPENAT 1
| #define HAVE_PCLOSE 1
| #define HAVE_POPEN 1
| #define HAVE_READLINK 1
| #define HAVE_ISWCTYPE 1
| #define HAVE_SETENV 1
| #define HAVE_SIGACTION 1
| #define HAVE_SIGALTSTACK 1
| #define HAVE_SIGINTERRUPT 1
| #define HAVE_SETRLIMIT 1
| #define HAVE_GETRLIMIT 1
| #define HAVE___XPG_STRERROR_R 1
| #define HAVE_STRPTIME 1
| #define HAVE_STRTOIMAX 1
| #define HAVE_LOCALTIME_R 1
| #define HAVE_WCRTOMB 1
| #define HAVE_WCWIDTH 1
| #define HAVE_PIPE 1
| #define HAVE_PSELECT 1
| #define HAVE_PTHREAD_SIGMASK 1
| #define HAVE_SLEEP 1
| #define HAVE_SNPRINTF 1
| #define HAVE_SHUTDOWN 1
| #define HAVE_UNLINKAT 1
| #define HAVE_WCTOB 1
| #define HAVE_SIGPROCMASK 1
| #define HAVE_FORK 1
| #define HAVE_VFORK 1
| #define HAVE_LANGINFO_CODESET 1
| #define BITSIZEOF_WCHAR_T 32
| #define HAVE_MBSTATE_T 1
| #define HAVE_WORKING_MBRTOC32 1
| #define HAVE_WORKING_C32RTOMB 1
| #define HAVE_MALLOC_PTRDIFF 1
| #define HAVE_MALLOC_POSIX 1
| #define restrict __restrict__
| #define HAVE_ENVIRON_DECL 1
| #define HAVE_ERROR 1
| #define HAVE_DECL_STRERROR_R 1
| #define HAVE_STRERROR_R 1
| #define STRERROR_R_CHAR_P 1
| #define HAVE_DECL_FCHDIR 1
| #define HAVE_WORKING_O_NOATIME 1
| #define HAVE_WORKING_O_NOFOLLOW 1
| #define HAVE_MEMPCPY 1
| #define FUNC_FFLUSH_STDIN 0
| #define LSTAT_FOLLOWS_SLASHED_SYMLINK 1
| #define HAVE_DECL_GETDTABLESIZE 1
| #define HAVE_GETOPT_H 1
| #define HAVE_GETOPT_LONG_ONLY 1
| #define HAVE_PTHREAD_API 1
| #define SETLOCALE_NULL_ALL_MTSAFE 1
| #define SETLOCALE_NULL_ONE_MTSAFE 1
| #ifndef __x86_64__
| #define __x86_64__ 1
| #endif
| #ifndef __x86_64__
| #define __x86_64__ 1
| #endif
| #define HAVE_LONG_LONG_INT 1
| #define HAVE_UNSIGNED_LONG_LONG_INT 1
| #define HAVE_TOWLOWER 1
| #define HAVE_LC_MESSAGES 1
| #define HAVE_WEAK_SYMBOLS 1
| #define USE_POSIX_THREADS 1
| #define USE_POSIX_THREADS_FROM_LIBC 1
| #define HAVE_MALLOC_0_NONNULL 1
| #define HAVE_MAP_ANONYMOUS 1
| #define HAVE_DECL_MEMRCHR 1
| #define HAVE_MINMAX_IN_SYS_PARAM_H 1
| #define TIME_T_IS_SIGNED 1
| #define HAVE_DECL_ALARM 1
| #define HAVE_STRUCT_TM_TM_GMTOFF 1
| #define HAVE_STRUCT_TM_TM_ZONE 1
| #define HAVE_TM_GMTOFF 1
| #define PROMOTED_MODE_T mode_t
| #define HAVE_PTHREAD_T 1
| #define HAVE_PTHREAD_SPINLOCK_T 1
| #define HAVE_SIGSET_T 1
| #define HAVE_SCHED_H 1
| #define HAVE_DECL_SETENV 1
| #define HAVE_DECL__PUTENV 0
| #define HAVE_SEARCH_H 1
| #define HAVE_TSEARCH 1
| #define HAVE_DECL_FCLOSEALL 1
| #define HAVE_DECL_GETW 1
| #define HAVE_DECL_PUTW 1
| #define HAVE_DECL_ECVT 1
| #define HAVE_DECL_FCVT 1
| #define HAVE_DECL_GCVT 1
| #define HAVE_DECL_STRDUP 1
| #define HAVE_STRERROR_R 1
| #define HAVE_DECL_STRNLEN 1
| #define HAVE_DECL_STRTOIMAX 1
| #define _USE_STD_STAT 1
| #define HAVE_DECL_EXECVPE 1
| #define HAVE_DECL_CLEARERR_UNLOCKED 1
| #define HAVE_DECL_FEOF_UNLOCKED 1
| #define HAVE_DECL_FERROR_UNLOCKED 1
| #define HAVE_DECL_FFLUSH_UNLOCKED 1
| #define HAVE_DECL_FGETS_UNLOCKED 1
| #define HAVE_DECL_FPUTC_UNLOCKED 1
| #define HAVE_DECL_FPUTS_UNLOCKED 1
| #define HAVE_DECL_FREAD_UNLOCKED 1
| #define HAVE_DECL_FWRITE_UNLOCKED 1
| #define HAVE_DECL_GETC_UNLOCKED 1
| #define HAVE_DECL_GETCHAR_UNLOCKED 1
| #define HAVE_DECL_PUTC_UNLOCKED 1
| #define HAVE_DECL_PUTCHAR_UNLOCKED 1
| #define HAVE_DECL_UNSETENV 1
| #define HAVE_DECL_WCSDUP 1
| #define HAVE_SHUTDOWN 1
| #define HAVE_STRUCT_SOCKADDR_STORAGE 1
| #define HAVE_SA_FAMILY_T 1
| #define HAVE_STRUCT_SOCKADDR_STORAGE_SS_FAMILY 1
| #define HAVE_IPV4 1
| #define HAVE_IPV6 1
| #define DBL_EXPBIT0_WORD 1
| #define DBL_EXPBIT0_BIT 20
| #define FLT_EXPBIT0_WORD 0
| #define FLT_EXPBIT0_BIT 23
| #define LDBL_EXPBIT0_WORD 2
| #define LDBL_EXPBIT0_BIT 0
| #define HAVE_DECL_INITSTATE 1
| #define HAVE_DECL_SETSTATE 1
| #define HAVE_DECL_SNPRINTF 1
| #define HAVE_INTTYPES_H_WITH_UINTMAX 1
| #define HAVE_STDINT_H_WITH_UINTMAX 1
| #define HAVE_INTMAX_T 1
| #define HAVE_WCSLEN 1
| #define HAVE_SNPRINTF 1
| #define HAVE_STRNLEN 1
| #define HAVE_WCRTOMB 1
| #define HAVE_DECL__SNPRINTF 0
| #define HAVE_SNPRINTF_RETVAL_C99 1
| #define HAVE_SNPRINTF_TRUNCATION_C99 1
| #define HAVE_ALLOCA 1
| #define GNULIB_TEST_BTOC32 1
| #define GNULIB_TEST_BTOWC 1
| #define HAVE___BUILTIN_EXPECT 1
| #define GNULIB_TEST_C32_APPLY_TYPE_TEST 1
| #define GNULIB_TEST_C32_GET_TYPE_TEST 1
| #define GNULIB_TEST_C32ISALNUM 1
| #define GNULIB_TEST_C32ISALPHA 1
| #define GNULIB_TEST_C32ISBLANK 1
| #define GNULIB_TEST_C32ISCNTRL 1
| #define GNULIB_TEST_C32ISDIGIT 1
| #define GNULIB_TEST_C32ISGRAPH 1
| #define GNULIB_TEST_C32ISLOWER 1
| #define GNULIB_TEST_C32ISPRINT 1
| #define GNULIB_TEST_C32ISPUNCT 1
| #define GNULIB_TEST_C32ISSPACE 1
| #define GNULIB_TEST_C32ISUPPER 1
| #define GNULIB_TEST_C32ISXDIGIT 1
| #define GNULIB_TEST_C32TOLOWER 1
| #define GNULIB_TEST_C32WIDTH 1
| #define GNULIB_TEST_CALLOC_GNU 1
| #define GNULIB_TEST_CALLOC_POSIX 1
| #define HAVE_READLINKAT 1
| #define GNULIB_TEST_CHDIR 1
| #define HAVE_CLOCK_GETRES 1
| #define HAVE_CLOCK_GETTIME 1
| #define HAVE_CLOCK_SETTIME 1
| #define GNULIB_TEST_CLOEXEC 1
| #define GNULIB_TEST_CLOSE 1
| #define GNULIB_CLOSE 1
| #define HAVE_CLOSEDIR 1
| #define GNULIB_TEST_CLOSEDIR 1
| #define HAVE_STRUCT_DIRENT_D_TYPE 1
| #define HAVE_DIRFD 1
| #define HAVE_DECL_DIRFD 1
| #define GNULIB_TEST_DIRFD 1
| #define GNULIB_DIRNAME 1
| #define GNULIB_TEST_DUP 1
| #define GNULIB_TEST_DUP2 1
| #define GNULIB_TEST_ENVIRON 1
| #define GNULIB_TEST_FCHDIR 1
| #define GNULIB_TEST_FCNTL 1
| #define HAVE_DECL_FDOPENDIR 1
| #define GNULIB_TEST_FDOPENDIR 1
| #define GNULIB_FDOPENDIR 1
| #define HAVE_STRUCT_STAT_ST_BLOCKS 1
| #define HAVE_ST_BLOCKS 1
| #define GNULIB_FILENAMECAT 1
| #define HAVE_MEMPCPY 1
| #define FLEXIBLE_ARRAY_MEMBER /**/
| #define GNULIB_TEST_FNMATCH 1
| #define GNULIB_FNMATCH_GNU 1
| #define GNULIB_TEST_FOPEN 1
| #define GNULIB_FOPEN_GNU 1
| #define GNULIB_TEST_FOPEN_GNU 1
| #define HAVE_FREE_POSIX 1
| #define GNULIB_TEST_FREE_POSIX 1
| #define GNULIB_TEST_FREOPEN 1
| #define GNULIB_TEST_FSTAT 1
| #define GNULIB_FSTAT 1
| #define GNULIB_TEST_FSTATAT 1
| #define GNULIB_FSTATAT 1
| #define GNULIB_TEST_GETCWD 1
| #define GNULIB_TEST_GETDTABLESIZE 1
| #define GNULIB_TEST_GETOPT_POSIX 1
| #define GNULIB_TEST_GETPAGESIZE 1
| #define HAVE_DECL_PROGRAM_INVOCATION_NAME 1
| #define HAVE_DECL_PROGRAM_INVOCATION_NAME 1
| #define HAVE_DECL_PROGRAM_INVOCATION_SHORT_NAME 1
| /* end confdefs.h.  */
| #include <stdlib.h>
| 
| int
| main (void)
| {
| #ifndef __argv
| #ifdef __cplusplus
|   (void) __argv;
| #else
|   (void) __argv;
| #endif
| #endif
| 
|   ;
|   return 0;
| }
configure:37208: result: no
configure:37296: checking for getrandom
configure:37338: checking for getrandom
configure:37338: gcc -o conftest -g -O2   conftest.c  >&5
configure:37338: $? = 0
configure:37338: result: yes
configure:37354: result: yes
configure:37374: checking whether getrandom is compatible with its GNU+BSD signature
configure:37398: gcc -c -g -O2  conftest.c >&5
configure:37398: $? = 0
configure:37409: result: yes
configure:37534: checking for gettimeofday with POSIX signature
configure:37563: gcc -c -g -O2  conftest.c >&5
configure:37563: $? = 0
configure:37593: result: yes
configure:37735: checking whether the compiler generally respects inline
configure:37757: gcc -c -g -O2  conftest.c >&5
configure:37757: $? = 0
configure:37769: result: yes
configure:37833: checking for iswblank
configure:37870: checking for iswblank
configure:37870: gcc -o conftest -g -O2   conftest.c  >&5
conftest.c:322:6: warning: conflicting types for built-in function 'iswblank'; expected 'int(unsigned int)' [-Wbuiltin-declaration-mismatch]
  322 | char iswblank (void);
      |      ^~~~~~~~
conftest.c:314:1: note: 'iswblank' is declared in header '<wctype.h>'
  313 | #include <limits.h>
  314 | #undef iswblank
configure:37870: $? = 0
configure:37870: result: yes
configure:37886: result: yes
configure:37900: checking whether iswblank is declared
configure:37900: gcc -c -g -O2   conftest.c >&5
configure:37900: $? = 0
configure:37900: result: yes
configure:38016: checking whether iswdigit is ISO C compliant
configure:38111: gcc -o conftest -g -O2   conftest.c  >&5
configure:38111: $? = 0
configure:38111: ./conftest
configure:38111: $? = 0
configure:38127: result: yes
configure:38175: checking whether iswpunct is consistent with ispunct
configure:38207: gcc -o conftest -g -O2   conftest.c  >&5
configure:38207: $? = 0
configure:38207: ./conftest
configure:38207: $? = 0
configure:38222: result: yes
configure:38274: checking whether iswxdigit is ISO C compliant
configure:38360: gcc -o conftest -g -O2   conftest.c  >&5
configure:38360: $? = 0
configure:38360: ./conftest
configure:38360: $? = 0
configure:38376: result: yes
configure:38426: checking whether the compiler supports the __inline keyword
configure:38444: gcc -c -g -O2  conftest.c >&5
configure:38444: $? = 0
configure:38454: result: yes
configure:38516: checking whether localeconv works
configure:38548: gcc -o conftest -g -O2   conftest.c  >&5
configure:38548: $? = 0
configure:38548: ./conftest
configure:38548: $? = 0
configure:38563: result: yes
configure:38659: checking for pthread_rwlock_t
configure:38659: gcc -c -g -O2  conftest.c >&5
configure:38659: $? = 0
configure:38659: gcc -c -g -O2  conftest.c >&5
conftest.c: In function 'main':
conftest.c:321:31: error: expected expression before ')' token
  321 | if (sizeof ((pthread_rwlock_t)))
      |                               ^
configure:38659: $? = 1
configure: failed program was:
| /* confdefs.h */
| #define PACKAGE_NAME "GNU diffutils"
| #define PACKAGE_TARNAME "diffutils"
| #define PACKAGE_VERSION "3.12"
| #define PACKAGE_STRING "GNU diffutils 3.12"
| #define PACKAGE_BUGREPORT "bug-diffutils@gnu.org"
| #define PACKAGE_URL "https://www.gnu.org/software/diffutils/"
| #define PACKAGE "diffutils"
| #define VERSION "3.12"
| #define HAVE_STDIO_H 1
| #define HAVE_STDLIB_H 1
| #define HAVE_STRING_H 1
| #define HAVE_INTTYPES_H 1
| #define HAVE_STDINT_H 1
| #define HAVE_STRINGS_H 1
| #define HAVE_SYS_STAT_H 1
| #define HAVE_SYS_TYPES_H 1
| #define HAVE_UNISTD_H 1
| #define HAVE_WCHAR_H 1
| #define HAVE_STDBOOL_H 1
| #define HAVE_UCHAR_H 1
| #define HAVE_SYS_PARAM_H 1
| #define HAVE_SYS_SOCKET_H 1
| #define HAVE_DIRENT_H 1
| #define HAVE_ERROR_H 1
| #define HAVE_FNMATCH_H 1
| #define HAVE_GETOPT_H 1
| #define HAVE_SYS_TIME_H 1
| #define HAVE_THREADS_H 1
| #define HAVE_LIMITS_H 1
| #define HAVE_WCTYPE_H 1
| #define HAVE_LANGINFO_H 1
| #define HAVE_SYS_MMAN_H 1
| #define HAVE_PTHREAD_H 1
| #define HAVE_MALLOC_H 1
| #define HAVE_STDBIT_H 1
| #define HAVE_SYS_RANDOM_H 1
| #define HAVE_SYS_WAIT_H 1
| #define HAVE_FEATURES_H 1
| #define HAVE_ARPA_INET_H 1
| #define HAVE_NETDB_H 1
| #define HAVE_NETINET_IN_H 1
| #define HAVE_MATH_H 1
| #define HAVE_SYS_SELECT_H 1
| #define HAVE_SEMAPHORE_H 1
| #define HAVE_SYS_IOCTL_H 1
| #define HAVE_SYS_UN_H 1
| #define HAVE_SYS_UIO_H 1
| #define STDC_HEADERS 1
| #define _ALL_SOURCE 1
| #define _COSMO_SOURCE 1
| #define _DARWIN_C_SOURCE 1
| #define _GNU_SOURCE 1
| #define _HPUX_ALT_XOPEN_SOCKET_API 1
| #define _NETBSD_SOURCE 1
| #define _OPENBSD_SOURCE 1
| #define _POSIX_PTHREAD_SEMANTICS 1
| #define __STDC_WANT_IEC_60559_ATTRIBS_EXT__ 1
| #define __STDC_WANT_IEC_60559_BFP_EXT__ 1
| #define __STDC_WANT_IEC_60559_DFP_EXT__ 1
| #define __STDC_WANT_IEC_60559_EXT__ 1
| #define __STDC_WANT_IEC_60559_FUNCS_EXT__ 1
| #define __STDC_WANT_IEC_60559_TYPES_EXT__ 1
| #define __STDC_WANT_LIB_EXT2__ 1
| #define __STDC_WANT_MATH_SPEC_FUNCS__ 1
| #define _TANDEM_SOURCE 1
| #define __EXTENSIONS__ 1
| #define _LINUX_SOURCE_COMPAT 1
| #define __USE_MINGW_ANSI_STDIO 1
| #define HAVE_ALLOCA_H 1
| #define HAVE_ALLOCA 1
| #define HAVE_WINT_T 1
| #define HAVE_BTOWC 1
| #define HAVE_MBRTOWC 1
| #define HAVE_MBSINIT 1
| #define HAVE_FCHDIR 1
| #define HAVE_FCNTL 1
| #define HAVE_SYMLINK 1
| #define HAVE_FDOPENDIR 1
| #define HAVE_FNMATCH 1
| #define HAVE_MBSRTOWCS 1
| #define HAVE_FSTATAT 1
| #define HAVE_GETDTABLESIZE 1
| #define HAVE_GETTIMEOFDAY 1
| #define HAVE_ISBLANK 1
| #define HAVE_ISWCNTRL 1
| #define HAVE_LSTAT 1
| #define HAVE_MPROTECT 1
| #define HAVE_MKSTEMP 1
| #define HAVE_OPENAT 1
| #define HAVE_PCLOSE 1
| #define HAVE_POPEN 1
| #define HAVE_READLINK 1
| #define HAVE_ISWCTYPE 1
| #define HAVE_SETENV 1
| #define HAVE_SIGACTION 1
| #define HAVE_SIGALTSTACK 1
| #define HAVE_SIGINTERRUPT 1
| #define HAVE_SETRLIMIT 1
| #define HAVE_GETRLIMIT 1
| #define HAVE___XPG_STRERROR_R 1
| #define HAVE_STRPTIME 1
| #define HAVE_STRTOIMAX 1
| #define HAVE_LOCALTIME_R 1
| #define HAVE_WCRTOMB 1
| #define HAVE_WCWIDTH 1
| #define HAVE_PIPE 1
| #define HAVE_PSELECT 1
| #define HAVE_PTHREAD_SIGMASK 1
| #define HAVE_SLEEP 1
| #define HAVE_SNPRINTF 1
| #define HAVE_SHUTDOWN 1
| #define HAVE_UNLINKAT 1
| #define HAVE_WCTOB 1
| #define HAVE_SIGPROCMASK 1
| #define HAVE_FORK 1
| #define HAVE_VFORK 1
| #define HAVE_LANGINFO_CODESET 1
| #define BITSIZEOF_WCHAR_T 32
| #define HAVE_MBSTATE_T 1
| #define HAVE_WORKING_MBRTOC32 1
| #define HAVE_WORKING_C32RTOMB 1
| #define HAVE_MALLOC_PTRDIFF 1
| #define HAVE_MALLOC_POSIX 1
| #define restrict __restrict__
| #define HAVE_ENVIRON_DECL 1
| #define HAVE_ERROR 1
| #define HAVE_DECL_STRERROR_R 1
| #define HAVE_STRERROR_R 1
| #define STRERROR_R_CHAR_P 1
| #define HAVE_DECL_FCHDIR 1
| #define HAVE_WORKING_O_NOATIME 1
| #define HAVE_WORKING_O_NOFOLLOW 1
| #define HAVE_MEMPCPY 1
| #define FUNC_FFLUSH_STDIN 0
| #define LSTAT_FOLLOWS_SLASHED_SYMLINK 1
| #define HAVE_DECL_GETDTABLESIZE 1
| #define HAVE_GETOPT_H 1
| #define HAVE_GETOPT_LONG_ONLY 1
| #define HAVE_PTHREAD_API 1
| #define SETLOCALE_NULL_ALL_MTSAFE 1
| #define SETLOCALE_NULL_ONE_MTSAFE 1
| #ifndef __x86_64__
| #define __x86_64__ 1
| #endif
| #ifndef __x86_64__
| #define __x86_64__ 1
| #endif
| #define HAVE_LONG_LONG_INT 1
| #define HAVE_UNSIGNED_LONG_LONG_INT 1
| #define HAVE_TOWLOWER 1
| #define HAVE_LC_MESSAGES 1
| #define HAVE_WEAK_SYMBOLS 1
| #define USE_POSIX_THREADS 1
| #define USE_POSIX_THREADS_FROM_LIBC 1
| #define HAVE_MALLOC_0_NONNULL 1
| #define HAVE_MAP_ANONYMOUS 1
| #define HAVE_DECL_MEMRCHR 1
| #define HAVE_MINMAX_IN_SYS_PARAM_H 1
| #define TIME_T_IS_SIGNED 1
| #define HAVE_DECL_ALARM 1
| #define HAVE_STRUCT_TM_TM_GMTOFF 1
| #define HAVE_STRUCT_TM_TM_ZONE 1
| #define HAVE_TM_GMTOFF 1
| #define PROMOTED_MODE_T mode_t
| #define HAVE_PTHREAD_T 1
| #define HAVE_PTHREAD_SPINLOCK_T 1
| #define HAVE_SIGSET_T 1
| #define HAVE_SCHED_H 1
| #define HAVE_DECL_SETENV 1
| #define HAVE_DECL__PUTENV 0
| #define HAVE_SEARCH_H 1
| #define HAVE_TSEARCH 1
| #define HAVE_DECL_FCLOSEALL 1
| #define HAVE_DECL_GETW 1
| #define HAVE_DECL_PUTW 1
| #define HAVE_DECL_ECVT 1
| #define HAVE_DECL_FCVT 1
| #define HAVE_DECL_GCVT 1
| #define HAVE_DECL_STRDUP 1
| #define HAVE_STRERROR_R 1
| #define HAVE_DECL_STRNLEN 1
| #define HAVE_DECL_STRTOIMAX 1
| #define _USE_STD_STAT 1
| #define HAVE_DECL_EXECVPE 1
| #define HAVE_DECL_CLEARERR_UNLOCKED 1
| #define HAVE_DECL_FEOF_UNLOCKED 1
| #define HAVE_DECL_FERROR_UNLOCKED 1
| #define HAVE_DECL_FFLUSH_UNLOCKED 1
| #define HAVE_DECL_FGETS_UNLOCKED 1
| #define HAVE_DECL_FPUTC_UNLOCKED 1
| #define HAVE_DECL_FPUTS_UNLOCKED 1
| #define HAVE_DECL_FREAD_UNLOCKED 1
| #define HAVE_DECL_FWRITE_UNLOCKED 1
| #define HAVE_DECL_GETC_UNLOCKED 1
| #define HAVE_DECL_GETCHAR_UNLOCKED 1
| #define HAVE_DECL_PUTC_UNLOCKED 1
| #define HAVE_DECL_PUTCHAR_UNLOCKED 1
| #define HAVE_DECL_UNSETENV 1
| #define HAVE_DECL_WCSDUP 1
| #define HAVE_SHUTDOWN 1
| #define HAVE_STRUCT_SOCKADDR_STORAGE 1
| #define HAVE_SA_FAMILY_T 1
| #define HAVE_STRUCT_SOCKADDR_STORAGE_SS_FAMILY 1
| #define HAVE_IPV4 1
| #define HAVE_IPV6 1
| #define DBL_EXPBIT0_WORD 1
| #define DBL_EXPBIT0_BIT 20
| #define FLT_EXPBIT0_WORD 0
| #define FLT_EXPBIT0_BIT 23
| #define LDBL_EXPBIT0_WORD 2
| #define LDBL_EXPBIT0_BIT 0
| #define HAVE_DECL_INITSTATE 1
| #define HAVE_DECL_SETSTATE 1
| #define HAVE_DECL_SNPRINTF 1
| #define HAVE_INTTYPES_H_WITH_UINTMAX 1
| #define HAVE_STDINT_H_WITH_UINTMAX 1
| #define HAVE_INTMAX_T 1
| #define HAVE_WCSLEN 1
| #define HAVE_SNPRINTF 1
| #define HAVE_STRNLEN 1
| #define HAVE_WCRTOMB 1
| #define HAVE_DECL__SNPRINTF 0
| #define HAVE_SNPRINTF_RETVAL_C99 1
| #define HAVE_SNPRINTF_TRUNCATION_C99 1
| #define HAVE_ALLOCA 1
| #define GNULIB_TEST_BTOC32 1
| #define GNULIB_TEST_BTOWC 1
| #define HAVE___BUILTIN_EXPECT 1
| #define GNULIB_TEST_C32_APPLY_TYPE_TEST 1
| #define GNULIB_TEST_C32_GET_TYPE_TEST 1
| #define GNULIB_TEST_C32ISALNUM 1
| #define GNULIB_TEST_C32ISALPHA 1
| #define GNULIB_TEST_C32ISBLANK 1
| #define GNULIB_TEST_C32ISCNTRL 1
| #define GNULIB_TEST_C32ISDIGIT 1
| #define GNULIB_TEST_C32ISGRAPH 1
| #define GNULIB_TEST_C32ISLOWER 1
| #define GNULIB_TEST_C32ISPRINT 1
| #define GNULIB_TEST_C32ISPUNCT 1
| #define GNULIB_TEST_C32ISSPACE 1
| #define GNULIB_TEST_C32ISUPPER 1
| #define GNULIB_TEST_C32ISXDIGIT 1
| #define GNULIB_TEST_C32TOLOWER 1
| #define GNULIB_TEST_C32WIDTH 1
| #define GNULIB_TEST_CALLOC_GNU 1
| #define GNULIB_TEST_CALLOC_POSIX 1
| #define HAVE_READLINKAT 1
| #define GNULIB_TEST_CHDIR 1
| #define HAVE_CLOCK_GETRES 1
| #define HAVE_CLOCK_GETTIME 1
| #define HAVE_CLOCK_SETTIME 1
| #define GNULIB_TEST_CLOEXEC 1
| #define GNULIB_TEST_CLOSE 1
| #define GNULIB_CLOSE 1
| #define HAVE_CLOSEDIR 1
| #define GNULIB_TEST_CLOSEDIR 1
| #define HAVE_STRUCT_DIRENT_D_TYPE 1
| #define HAVE_DIRFD 1
| #define HAVE_DECL_DIRFD 1
| #define GNULIB_TEST_DIRFD 1
| #define GNULIB_DIRNAME 1
| #define GNULIB_TEST_DUP 1
| #define GNULIB_TEST_DUP2 1
| #define GNULIB_TEST_ENVIRON 1
| #define GNULIB_TEST_FCHDIR 1
| #define GNULIB_TEST_FCNTL 1
| #define HAVE_DECL_FDOPENDIR 1
| #define GNULIB_TEST_FDOPENDIR 1
| #define GNULIB_FDOPENDIR 1
| #define HAVE_STRUCT_STAT_ST_BLOCKS 1
| #define HAVE_ST_BLOCKS 1
| #define GNULIB_FILENAMECAT 1
| #define HAVE_MEMPCPY 1
| #define FLEXIBLE_ARRAY_MEMBER /**/
| #define GNULIB_TEST_FNMATCH 1
| #define GNULIB_FNMATCH_GNU 1
| #define GNULIB_TEST_FOPEN 1
| #define GNULIB_FOPEN_GNU 1
| #define GNULIB_TEST_FOPEN_GNU 1
| #define HAVE_FREE_POSIX 1
| #define GNULIB_TEST_FREE_POSIX 1
| #define GNULIB_TEST_FREOPEN 1
| #define GNULIB_TEST_FSTAT 1
| #define GNULIB_FSTAT 1
| #define GNULIB_TEST_FSTATAT 1
| #define GNULIB_FSTATAT 1
| #define GNULIB_TEST_GETCWD 1
| #define GNULIB_TEST_GETDTABLESIZE 1
| #define GNULIB_TEST_GETOPT_POSIX 1
| #define GNULIB_TEST_GETPAGESIZE 1
| #define HAVE_DECL_PROGRAM_INVOCATION_NAME 1
| #define HAVE_DECL_PROGRAM_INVOCATION_NAME 1
| #define HAVE_DECL_PROGRAM_INVOCATION_SHORT_NAME 1
| #define HAVE_DECL___ARGV 0
| #define GNULIB_TEST_GETPROGNAME 1
| #define HAVE_GETRANDOM 1
| #define GNULIB_TEST_GETRANDOM 1
| #define HAVE_TIMESPEC_GET 1
| #define GETTIMEOFDAY_TIMEZONE void
| #define GNULIB_TEST_GETTIMEOFDAY 1
| #define GNULIB_LOCALEDIR "/usr/local/share/locale"
| #define HAVE_INLINE 1
| #define GNULIB_ISBLANK 1
| #define HAVE_ISWBLANK 1
| #define HAVE_DECL_ISWBLANK 1
| #define GNULIB_TEST_ISWBLANK 1
| #define GNULIB_TEST_ISWCTYPE 1
| #define GNULIB_TEST_ISWDIGIT 1
| #define GNULIB_TEST_ISWPUNCT 1
| #define GNULIB_TEST_ISWXDIGIT 1
| #define HAVE___INLINE 1
| #define GNULIB_TEST_LOCALECONV 1
| #define GNULIB_LOCALECONV 1
| /* end confdefs.h.  */
| #include <pthread.h>
| 
| int
| main (void)
| {
| if (sizeof ((pthread_rwlock_t)))
| 	    return 0;
|   ;
|   return 0;
| }
configure:38659: result: yes
configure:38672: checking whether pthread_rwlock_rdlock prefers a writer to a reader
configure:38817: gcc -o conftest -g -O2   conftest.c   >&5
configure:38817: $? = 0
configure:38817: ./conftest
configure:38817: $? = 1
configure: program exited with status 1
configure: failed program was:
| /* confdefs.h */
| #define PACKAGE_NAME "GNU diffutils"
| #define PACKAGE_TARNAME "diffutils"
| #define PACKAGE_VERSION "3.12"
| #define PACKAGE_STRING "GNU diffutils 3.12"
| #define PACKAGE_BUGREPORT "bug-diffutils@gnu.org"
| #define PACKAGE_URL "https://www.gnu.org/software/diffutils/"
| #define PACKAGE "diffutils"
| #define VERSION "3.12"
| #define HAVE_STDIO_H 1
| #define HAVE_STDLIB_H 1
| #define HAVE_STRING_H 1
| #define HAVE_INTTYPES_H 1
| #define HAVE_STDINT_H 1
| #define HAVE_STRINGS_H 1
| #define HAVE_SYS_STAT_H 1
| #define HAVE_SYS_TYPES_H 1
| #define HAVE_UNISTD_H 1
| #define HAVE_WCHAR_H 1
| #define HAVE_STDBOOL_H 1
| #define HAVE_UCHAR_H 1
| #define HAVE_SYS_PARAM_H 1
| #define HAVE_SYS_SOCKET_H 1
| #define HAVE_DIRENT_H 1
| #define HAVE_ERROR_H 1
| #define HAVE_FNMATCH_H 1
| #define HAVE_GETOPT_H 1
| #define HAVE_SYS_TIME_H 1
| #define HAVE_THREADS_H 1
| #define HAVE_LIMITS_H 1
| #define HAVE_WCTYPE_H 1
| #define HAVE_LANGINFO_H 1
| #define HAVE_SYS_MMAN_H 1
| #define HAVE_PTHREAD_H 1
| #define HAVE_MALLOC_H 1
| #define HAVE_STDBIT_H 1
| #define HAVE_SYS_RANDOM_H 1
| #define HAVE_SYS_WAIT_H 1
| #define HAVE_FEATURES_H 1
| #define HAVE_ARPA_INET_H 1
| #define HAVE_NETDB_H 1
| #define HAVE_NETINET_IN_H 1
| #define HAVE_MATH_H 1
| #define HAVE_SYS_SELECT_H 1
| #define HAVE_SEMAPHORE_H 1
| #define HAVE_SYS_IOCTL_H 1
| #define HAVE_SYS_UN_H 1
| #define HAVE_SYS_UIO_H 1
| #define STDC_HEADERS 1
| #define _ALL_SOURCE 1
| #define _COSMO_SOURCE 1
| #define _DARWIN_C_SOURCE 1
| #define _GNU_SOURCE 1
| #define _HPUX_ALT_XOPEN_SOCKET_API 1
| #define _NETBSD_SOURCE 1
| #define _OPENBSD_SOURCE 1
| #define _POSIX_PTHREAD_SEMANTICS 1
| #define __STDC_WANT_IEC_60559_ATTRIBS_EXT__ 1
| #define __STDC_WANT_IEC_60559_BFP_EXT__ 1
| #define __STDC_WANT_IEC_60559_DFP_EXT__ 1
| #define __STDC_WANT_IEC_60559_EXT__ 1
| #define __STDC_WANT_IEC_60559_FUNCS_EXT__ 1
| #define __STDC_WANT_IEC_60559_TYPES_EXT__ 1
| #define __STDC_WANT_LIB_EXT2__ 1
| #define __STDC_WANT_MATH_SPEC_FUNCS__ 1
| #define _TANDEM_SOURCE 1
| #define __EXTENSIONS__ 1
| #define _LINUX_SOURCE_COMPAT 1
| #define __USE_MINGW_ANSI_STDIO 1
| #define HAVE_ALLOCA_H 1
| #define HAVE_ALLOCA 1
| #define HAVE_WINT_T 1
| #define HAVE_BTOWC 1
| #define HAVE_MBRTOWC 1
| #define HAVE_MBSINIT 1
| #define HAVE_FCHDIR 1
| #define HAVE_FCNTL 1
| #define HAVE_SYMLINK 1
| #define HAVE_FDOPENDIR 1
| #define HAVE_FNMATCH 1
| #define HAVE_MBSRTOWCS 1
| #define HAVE_FSTATAT 1
| #define HAVE_GETDTABLESIZE 1
| #define HAVE_GETTIMEOFDAY 1
| #define HAVE_ISBLANK 1
| #define HAVE_ISWCNTRL 1
| #define HAVE_LSTAT 1
| #define HAVE_MPROTECT 1
| #define HAVE_MKSTEMP 1
| #define HAVE_OPENAT 1
| #define HAVE_PCLOSE 1
| #define HAVE_POPEN 1
| #define HAVE_READLINK 1
| #define HAVE_ISWCTYPE 1
| #define HAVE_SETENV 1
| #define HAVE_SIGACTION 1
| #define HAVE_SIGALTSTACK 1
| #define HAVE_SIGINTERRUPT 1
| #define HAVE_SETRLIMIT 1
| #define HAVE_GETRLIMIT 1
| #define HAVE___XPG_STRERROR_R 1
| #define HAVE_STRPTIME 1
| #define HAVE_STRTOIMAX 1
| #define HAVE_LOCALTIME_R 1
| #define HAVE_WCRTOMB 1
| #define HAVE_WCWIDTH 1
| #define HAVE_PIPE 1
| #define HAVE_PSELECT 1
| #define HAVE_PTHREAD_SIGMASK 1
| #define HAVE_SLEEP 1
| #define HAVE_SNPRINTF 1
| #define HAVE_SHUTDOWN 1
| #define HAVE_UNLINKAT 1
| #define HAVE_WCTOB 1
| #define HAVE_SIGPROCMASK 1
| #define HAVE_FORK 1
| #define HAVE_VFORK 1
| #define HAVE_LANGINFO_CODESET 1
| #define BITSIZEOF_WCHAR_T 32
| #define HAVE_MBSTATE_T 1
| #define HAVE_WORKING_MBRTOC32 1
| #define HAVE_WORKING_C32RTOMB 1
| #define HAVE_MALLOC_PTRDIFF 1
| #define HAVE_MALLOC_POSIX 1
| #define restrict __restrict__
| #define HAVE_ENVIRON_DECL 1
| #define HAVE_ERROR 1
| #define HAVE_DECL_STRERROR_R 1
| #define HAVE_STRERROR_R 1
| #define STRERROR_R_CHAR_P 1
| #define HAVE_DECL_FCHDIR 1
| #define HAVE_WORKING_O_NOATIME 1
| #define HAVE_WORKING_O_NOFOLLOW 1
| #define HAVE_MEMPCPY 1
| #define FUNC_FFLUSH_STDIN 0
| #define LSTAT_FOLLOWS_SLASHED_SYMLINK 1
| #define HAVE_DECL_GETDTABLESIZE 1
| #define HAVE_GETOPT_H 1
| #define HAVE_GETOPT_LONG_ONLY 1
| #define HAVE_PTHREAD_API 1
| #define SETLOCALE_NULL_ALL_MTSAFE 1
| #define SETLOCALE_NULL_ONE_MTSAFE 1
| #ifndef __x86_64__
| #define __x86_64__ 1
| #endif
| #ifndef __x86_64__
| #define __x86_64__ 1
| #endif
| #define HAVE_LONG_LONG_INT 1
| #define HAVE_UNSIGNED_LONG_LONG_INT 1
| #define HAVE_TOWLOWER 1
| #define HAVE_LC_MESSAGES 1
| #define HAVE_WEAK_SYMBOLS 1
| #define USE_POSIX_THREADS 1
| #define USE_POSIX_THREADS_FROM_LIBC 1
| #define HAVE_MALLOC_0_NONNULL 1
| #define HAVE_MAP_ANONYMOUS 1
| #define HAVE_DECL_MEMRCHR 1
| #define HAVE_MINMAX_IN_SYS_PARAM_H 1
| #define TIME_T_IS_SIGNED 1
| #define HAVE_DECL_ALARM 1
| #define HAVE_STRUCT_TM_TM_GMTOFF 1
| #define HAVE_STRUCT_TM_TM_ZONE 1
| #define HAVE_TM_GMTOFF 1
| #define PROMOTED_MODE_T mode_t
| #define HAVE_PTHREAD_T 1
| #define HAVE_PTHREAD_SPINLOCK_T 1
| #define HAVE_SIGSET_T 1
| #define HAVE_SCHED_H 1
| #define HAVE_DECL_SETENV 1
| #define HAVE_DECL__PUTENV 0
| #define HAVE_SEARCH_H 1
| #define HAVE_TSEARCH 1
| #define HAVE_DECL_FCLOSEALL 1
| #define HAVE_DECL_GETW 1
| #define HAVE_DECL_PUTW 1
| #define HAVE_DECL_ECVT 1
| #define HAVE_DECL_FCVT 1
| #define HAVE_DECL_GCVT 1
| #define HAVE_DECL_STRDUP 1
| #define HAVE_STRERROR_R 1
| #define HAVE_DECL_STRNLEN 1
| #define HAVE_DECL_STRTOIMAX 1
| #define _USE_STD_STAT 1
| #define HAVE_DECL_EXECVPE 1
| #define HAVE_DECL_CLEARERR_UNLOCKED 1
| #define HAVE_DECL_FEOF_UNLOCKED 1
| #define HAVE_DECL_FERROR_UNLOCKED 1
| #define HAVE_DECL_FFLUSH_UNLOCKED 1
| #define HAVE_DECL_FGETS_UNLOCKED 1
| #define HAVE_DECL_FPUTC_UNLOCKED 1
| #define HAVE_DECL_FPUTS_UNLOCKED 1
| #define HAVE_DECL_FREAD_UNLOCKED 1
| #define HAVE_DECL_FWRITE_UNLOCKED 1
| #define HAVE_DECL_GETC_UNLOCKED 1
| #define HAVE_DECL_GETCHAR_UNLOCKED 1
| #define HAVE_DECL_PUTC_UNLOCKED 1
| #define HAVE_DECL_PUTCHAR_UNLOCKED 1
| #define HAVE_DECL_UNSETENV 1
| #define HAVE_DECL_WCSDUP 1
| #define HAVE_SHUTDOWN 1
| #define HAVE_STRUCT_SOCKADDR_STORAGE 1
| #define HAVE_SA_FAMILY_T 1
| #define HAVE_STRUCT_SOCKADDR_STORAGE_SS_FAMILY 1
| #define HAVE_IPV4 1
| #define HAVE_IPV6 1
| #define DBL_EXPBIT0_WORD 1
| #define DBL_EXPBIT0_BIT 20
| #define FLT_EXPBIT0_WORD 0
| #define FLT_EXPBIT0_BIT 23
| #define LDBL_EXPBIT0_WORD 2
| #define LDBL_EXPBIT0_BIT 0
| #define HAVE_DECL_INITSTATE 1
| #define HAVE_DECL_SETSTATE 1
| #define HAVE_DECL_SNPRINTF 1
| #define HAVE_INTTYPES_H_WITH_UINTMAX 1
| #define HAVE_STDINT_H_WITH_UINTMAX 1
| #define HAVE_INTMAX_T 1
| #define HAVE_WCSLEN 1
| #define HAVE_SNPRINTF 1
| #define HAVE_STRNLEN 1
| #define HAVE_WCRTOMB 1
| #define HAVE_DECL__SNPRINTF 0
| #define HAVE_SNPRINTF_RETVAL_C99 1
| #define HAVE_SNPRINTF_TRUNCATION_C99 1
| #define HAVE_ALLOCA 1
| #define GNULIB_TEST_BTOC32 1
| #define GNULIB_TEST_BTOWC 1
| #define HAVE___BUILTIN_EXPECT 1
| #define GNULIB_TEST_C32_APPLY_TYPE_TEST 1
| #define GNULIB_TEST_C32_GET_TYPE_TEST 1
| #define GNULIB_TEST_C32ISALNUM 1
| #define GNULIB_TEST_C32ISALPHA 1
| #define GNULIB_TEST_C32ISBLANK 1
| #define GNULIB_TEST_C32ISCNTRL 1
| #define GNULIB_TEST_C32ISDIGIT 1
| #define GNULIB_TEST_C32ISGRAPH 1
| #define GNULIB_TEST_C32ISLOWER 1
| #define GNULIB_TEST_C32ISPRINT 1
| #define GNULIB_TEST_C32ISPUNCT 1
| #define GNULIB_TEST_C32ISSPACE 1
| #define GNULIB_TEST_C32ISUPPER 1
| #define GNULIB_TEST_C32ISXDIGIT 1
| #define GNULIB_TEST_C32TOLOWER 1
| #define GNULIB_TEST_C32WIDTH 1
| #define GNULIB_TEST_CALLOC_GNU 1
| #define GNULIB_TEST_CALLOC_POSIX 1
| #define HAVE_READLINKAT 1
| #define GNULIB_TEST_CHDIR 1
| #define HAVE_CLOCK_GETRES 1
| #define HAVE_CLOCK_GETTIME 1
| #define HAVE_CLOCK_SETTIME 1
| #define GNULIB_TEST_CLOEXEC 1
| #define GNULIB_TEST_CLOSE 1
| #define GNULIB_CLOSE 1
| #define HAVE_CLOSEDIR 1
| #define GNULIB_TEST_CLOSEDIR 1
| #define HAVE_STRUCT_DIRENT_D_TYPE 1
| #define HAVE_DIRFD 1
| #define HAVE_DECL_DIRFD 1
| #define GNULIB_TEST_DIRFD 1
| #define GNULIB_DIRNAME 1
| #define GNULIB_TEST_DUP 1
| #define GNULIB_TEST_DUP2 1
| #define GNULIB_TEST_ENVIRON 1
| #define GNULIB_TEST_FCHDIR 1
| #define GNULIB_TEST_FCNTL 1
| #define HAVE_DECL_FDOPENDIR 1
| #define GNULIB_TEST_FDOPENDIR 1
| #define GNULIB_FDOPENDIR 1
| #define HAVE_STRUCT_STAT_ST_BLOCKS 1
| #define HAVE_ST_BLOCKS 1
| #define GNULIB_FILENAMECAT 1
| #define HAVE_MEMPCPY 1
| #define FLEXIBLE_ARRAY_MEMBER /**/
| #define GNULIB_TEST_FNMATCH 1
| #define GNULIB_FNMATCH_GNU 1
| #define GNULIB_TEST_FOPEN 1
| #define GNULIB_FOPEN_GNU 1
| #define GNULIB_TEST_FOPEN_GNU 1
| #define HAVE_FREE_POSIX 1
| #define GNULIB_TEST_FREE_POSIX 1
| #define GNULIB_TEST_FREOPEN 1
| #define GNULIB_TEST_FSTAT 1
| #define GNULIB_FSTAT 1
| #define GNULIB_TEST_FSTATAT 1
| #define GNULIB_FSTATAT 1
| #define GNULIB_TEST_GETCWD 1
| #define GNULIB_TEST_GETDTABLESIZE 1
| #define GNULIB_TEST_GETOPT_POSIX 1
| #define GNULIB_TEST_GETPAGESIZE 1
| #define HAVE_DECL_PROGRAM_INVOCATION_NAME 1
| #define HAVE_DECL_PROGRAM_INVOCATION_NAME 1
| #define HAVE_DECL_PROGRAM_INVOCATION_SHORT_NAME 1
| #define HAVE_DECL___ARGV 0
| #define GNULIB_TEST_GETPROGNAME 1
| #define HAVE_GETRANDOM 1
| #define GNULIB_TEST_GETRANDOM 1
| #define HAVE_TIMESPEC_GET 1
| #define GETTIMEOFDAY_TIMEZONE void
| #define GNULIB_TEST_GETTIMEOFDAY 1
| #define GNULIB_LOCALEDIR "/usr/local/share/locale"
| #define HAVE_INLINE 1
| #define GNULIB_ISBLANK 1
| #define HAVE_ISWBLANK 1
| #define HAVE_DECL_ISWBLANK 1
| #define GNULIB_TEST_ISWBLANK 1
| #define GNULIB_TEST_ISWCTYPE 1
| #define GNULIB_TEST_ISWDIGIT 1
| #define GNULIB_TEST_ISWPUNCT 1
| #define GNULIB_TEST_ISWXDIGIT 1
| #define HAVE___INLINE 1
| #define GNULIB_TEST_LOCALECONV 1
| #define GNULIB_LOCALECONV 1
| #define HAVE_PTHREAD_RWLOCK 1
| /* end confdefs.h.  */
| 
| #include <errno.h>
| #include <pthread.h>
| #include <stdlib.h>
| #include <unistd.h>
| 
| #define SUCCEED() exit (0)
| #define FAILURE() exit (1)
| #define UNEXPECTED(n) (exit (10 + (n)))
| 
| /* The main thread creates the waiting writer and the requesting reader threads
|    in the default way; this guarantees that they have the same priority.
|    We can reuse the main thread as first reader thread.  */
| 
| static pthread_rwlock_t lock;
| static pthread_t reader1;
| static pthread_t writer;
| static pthread_t reader2;
| static pthread_t timer;
| /* Used to pass control from writer to reader2 and from reader2 to timer,
|    as in a relay race.
|    Passing control from one running thread to another running thread
|    is most likely faster than to create the second thread.  */
| static pthread_mutex_t baton;
| 
| static void *
| timer_func (void *ignored)
| {
|   /* Step 13 (can be before or after step 12):
|      The timer thread takes the baton, then waits a moment to make sure
|      it can tell whether the second reader thread is blocked at step 12.  */
|   if (pthread_mutex_lock (&baton))
|     UNEXPECTED (13);
|   usleep (100000);
|   /* By the time we get here, it's clear that the second reader thread is
|      blocked at step 12.  This is the desired behaviour.  */
|   SUCCEED ();
| }
| 
| static void *
| reader2_func (void *ignored)
| {
|   int err;
| 
|   /* Step 8 (can be before or after step 7):
|      The second reader thread takes the baton, then waits a moment to make sure
|      the writer thread has reached step 7.  */
|   if (pthread_mutex_lock (&baton))
|     UNEXPECTED (8);
|   usleep (100000);
|   /* Step 9: The second reader thread requests the lock.  */
|   err = pthread_rwlock_tryrdlock (&lock);
|   if (err == 0)
|     FAILURE ();
|   else if (err != EBUSY)
|     UNEXPECTED (9);
|   /* Step 10: Launch a timer, to test whether the next call blocks.  */
|   if (pthread_create (&timer, NULL, timer_func, NULL))
|     UNEXPECTED (10);
|   /* Step 11: Release the baton.  */
|   if (pthread_mutex_unlock (&baton))
|     UNEXPECTED (11);
|   /* Step 12: The second reader thread requests the lock.  */
|   err = pthread_rwlock_rdlock (&lock);
|   if (err == 0)
|     FAILURE ();
|   else
|     UNEXPECTED (12);
| }
| 
| static void *
| writer_func (void *ignored)
| {
|   /* Step 4: Take the baton, so that the second reader thread does not go ahead
|      too early.  */
|   if (pthread_mutex_lock (&baton))
|     UNEXPECTED (4);
|   /* Step 5: Create the second reader thread.  */
|   if (pthread_create (&reader2, NULL, reader2_func, NULL))
|     UNEXPECTED (5);
|   /* Step 6: Release the baton.  */
|   if (pthread_mutex_unlock (&baton))
|     UNEXPECTED (6);
|   /* Step 7: The writer thread requests the lock.  */
|   if (pthread_rwlock_wrlock (&lock))
|     UNEXPECTED (7);
|   return NULL;
| }
| 
| int
| main ()
| {
|   reader1 = pthread_self ();
| 
|   /* Step 1: The main thread initializes the lock and the baton.  */
|   if (pthread_rwlock_init (&lock, NULL))
|     UNEXPECTED (1);
|   if (pthread_mutex_init (&baton, NULL))
|     UNEXPECTED (1);
|   /* Step 2: The main thread acquires the lock as a reader.  */
|   if (pthread_rwlock_rdlock (&lock))
|     UNEXPECTED (2);
|   /* Step 3: Create the writer thread.  */
|   if (pthread_create (&writer, NULL, writer_func, NULL))
|     UNEXPECTED (3);
|   /* Job done.  Go to sleep.  */
|   for (;;)
|     {
|       sleep (1);
|     }
| }
| 
configure:38833: result: no
configure:38867: gcc -c -g -O2  conftest.c >&5
configure:38867: $? = 0
configure:39039: checking whether mbrtoc32 works on empty input
configure:39074: gcc -o conftest -g -O2   conftest.c  >&5
configure:39074: $? = 0
configure:39074: ./conftest
configure:39074: $? = 0
configure:39089: result: yes
configure:39093: checking whether the C locale is free of encoding errors
configure:39140: gcc -o conftest -g -O2   conftest.c  >&5
configure:39140: $? = 0
configure:39140: ./conftest
configure:39140: $? = 3
configure: program exited with status 3
configure: failed program was:
| /* confdefs.h */
| #define PACKAGE_NAME "GNU diffutils"
| #define PACKAGE_TARNAME "diffutils"
| #define PACKAGE_VERSION "3.12"
| #define PACKAGE_STRING "GNU diffutils 3.12"
| #define PACKAGE_BUGREPORT "bug-diffutils@gnu.org"
| #define PACKAGE_URL "https://www.gnu.org/software/diffutils/"
| #define PACKAGE "diffutils"
| #define VERSION "3.12"
| #define HAVE_STDIO_H 1
| #define HAVE_STDLIB_H 1
| #define HAVE_STRING_H 1
| #define HAVE_INTTYPES_H 1
| #define HAVE_STDINT_H 1
| #define HAVE_STRINGS_H 1
| #define HAVE_SYS_STAT_H 1
| #define HAVE_SYS_TYPES_H 1
| #define HAVE_UNISTD_H 1
| #define HAVE_WCHAR_H 1
| #define HAVE_STDBOOL_H 1
| #define HAVE_UCHAR_H 1
| #define HAVE_SYS_PARAM_H 1
| #define HAVE_SYS_SOCKET_H 1
| #define HAVE_DIRENT_H 1
| #define HAVE_ERROR_H 1
| #define HAVE_FNMATCH_H 1
| #define HAVE_GETOPT_H 1
| #define HAVE_SYS_TIME_H 1
| #define HAVE_THREADS_H 1
| #define HAVE_LIMITS_H 1
| #define HAVE_WCTYPE_H 1
| #define HAVE_LANGINFO_H 1
| #define HAVE_SYS_MMAN_H 1
| #define HAVE_PTHREAD_H 1
| #define HAVE_MALLOC_H 1
| #define HAVE_STDBIT_H 1
| #define HAVE_SYS_RANDOM_H 1
| #define HAVE_SYS_WAIT_H 1
| #define HAVE_FEATURES_H 1
| #define HAVE_ARPA_INET_H 1
| #define HAVE_NETDB_H 1
| #define HAVE_NETINET_IN_H 1
| #define HAVE_MATH_H 1
| #define HAVE_SYS_SELECT_H 1
| #define HAVE_SEMAPHORE_H 1
| #define HAVE_SYS_IOCTL_H 1
| #define HAVE_SYS_UN_H 1
| #define HAVE_SYS_UIO_H 1
| #define STDC_HEADERS 1
| #define _ALL_SOURCE 1
| #define _COSMO_SOURCE 1
| #define _DARWIN_C_SOURCE 1
| #define _GNU_SOURCE 1
| #define _HPUX_ALT_XOPEN_SOCKET_API 1
| #define _NETBSD_SOURCE 1
| #define _OPENBSD_SOURCE 1
| #define _POSIX_PTHREAD_SEMANTICS 1
| #define __STDC_WANT_IEC_60559_ATTRIBS_EXT__ 1
| #define __STDC_WANT_IEC_60559_BFP_EXT__ 1
| #define __STDC_WANT_IEC_60559_DFP_EXT__ 1
| #define __STDC_WANT_IEC_60559_EXT__ 1
| #define __STDC_WANT_IEC_60559_FUNCS_EXT__ 1
| #define __STDC_WANT_IEC_60559_TYPES_EXT__ 1
| #define __STDC_WANT_LIB_EXT2__ 1
| #define __STDC_WANT_MATH_SPEC_FUNCS__ 1
| #define _TANDEM_SOURCE 1
| #define __EXTENSIONS__ 1
| #define _LINUX_SOURCE_COMPAT 1
| #define __USE_MINGW_ANSI_STDIO 1
| #define HAVE_ALLOCA_H 1
| #define HAVE_ALLOCA 1
| #define HAVE_WINT_T 1
| #define HAVE_BTOWC 1
| #define HAVE_MBRTOWC 1
| #define HAVE_MBSINIT 1
| #define HAVE_FCHDIR 1
| #define HAVE_FCNTL 1
| #define HAVE_SYMLINK 1
| #define HAVE_FDOPENDIR 1
| #define HAVE_FNMATCH 1
| #define HAVE_MBSRTOWCS 1
| #define HAVE_FSTATAT 1
| #define HAVE_GETDTABLESIZE 1
| #define HAVE_GETTIMEOFDAY 1
| #define HAVE_ISBLANK 1
| #define HAVE_ISWCNTRL 1
| #define HAVE_LSTAT 1
| #define HAVE_MPROTECT 1
| #define HAVE_MKSTEMP 1
| #define HAVE_OPENAT 1
| #define HAVE_PCLOSE 1
| #define HAVE_POPEN 1
| #define HAVE_READLINK 1
| #define HAVE_ISWCTYPE 1
| #define HAVE_SETENV 1
| #define HAVE_SIGACTION 1
| #define HAVE_SIGALTSTACK 1
| #define HAVE_SIGINTERRUPT 1
| #define HAVE_SETRLIMIT 1
| #define HAVE_GETRLIMIT 1
| #define HAVE___XPG_STRERROR_R 1
| #define HAVE_STRPTIME 1
| #define HAVE_STRTOIMAX 1
| #define HAVE_LOCALTIME_R 1
| #define HAVE_WCRTOMB 1
| #define HAVE_WCWIDTH 1
| #define HAVE_PIPE 1
| #define HAVE_PSELECT 1
| #define HAVE_PTHREAD_SIGMASK 1
| #define HAVE_SLEEP 1
| #define HAVE_SNPRINTF 1
| #define HAVE_SHUTDOWN 1
| #define HAVE_UNLINKAT 1
| #define HAVE_WCTOB 1
| #define HAVE_SIGPROCMASK 1
| #define HAVE_FORK 1
| #define HAVE_VFORK 1
| #define HAVE_LANGINFO_CODESET 1
| #define BITSIZEOF_WCHAR_T 32
| #define HAVE_MBSTATE_T 1
| #define HAVE_WORKING_MBRTOC32 1
| #define HAVE_WORKING_C32RTOMB 1
| #define HAVE_MALLOC_PTRDIFF 1
| #define HAVE_MALLOC_POSIX 1
| #define restrict __restrict__
| #define HAVE_ENVIRON_DECL 1
| #define HAVE_ERROR 1
| #define HAVE_DECL_STRERROR_R 1
| #define HAVE_STRERROR_R 1
| #define STRERROR_R_CHAR_P 1
| #define HAVE_DECL_FCHDIR 1
| #define HAVE_WORKING_O_NOATIME 1
| #define HAVE_WORKING_O_NOFOLLOW 1
| #define HAVE_MEMPCPY 1
| #define FUNC_FFLUSH_STDIN 0
| #define LSTAT_FOLLOWS_SLASHED_SYMLINK 1
| #define HAVE_DECL_GETDTABLESIZE 1
| #define HAVE_GETOPT_H 1
| #define HAVE_GETOPT_LONG_ONLY 1
| #define HAVE_PTHREAD_API 1
| #define SETLOCALE_NULL_ALL_MTSAFE 1
| #define SETLOCALE_NULL_ONE_MTSAFE 1
| #ifndef __x86_64__
| #define __x86_64__ 1
| #endif
| #ifndef __x86_64__
| #define __x86_64__ 1
| #endif
| #define HAVE_LONG_LONG_INT 1
| #define HAVE_UNSIGNED_LONG_LONG_INT 1
| #define HAVE_TOWLOWER 1
| #define HAVE_LC_MESSAGES 1
| #define HAVE_WEAK_SYMBOLS 1
| #define USE_POSIX_THREADS 1
| #define USE_POSIX_THREADS_FROM_LIBC 1
| #define HAVE_MALLOC_0_NONNULL 1
| #define HAVE_MAP_ANONYMOUS 1
| #define HAVE_DECL_MEMRCHR 1
| #define HAVE_MINMAX_IN_SYS_PARAM_H 1
| #define TIME_T_IS_SIGNED 1
| #define HAVE_DECL_ALARM 1
| #define HAVE_STRUCT_TM_TM_GMTOFF 1
| #define HAVE_STRUCT_TM_TM_ZONE 1
| #define HAVE_TM_GMTOFF 1
| #define PROMOTED_MODE_T mode_t
| #define HAVE_PTHREAD_T 1
| #define HAVE_PTHREAD_SPINLOCK_T 1
| #define HAVE_SIGSET_T 1
| #define HAVE_SCHED_H 1
| #define HAVE_DECL_SETENV 1
| #define HAVE_DECL__PUTENV 0
| #define HAVE_SEARCH_H 1
| #define HAVE_TSEARCH 1
| #define HAVE_DECL_FCLOSEALL 1
| #define HAVE_DECL_GETW 1
| #define HAVE_DECL_PUTW 1
| #define HAVE_DECL_ECVT 1
| #define HAVE_DECL_FCVT 1
| #define HAVE_DECL_GCVT 1
| #define HAVE_DECL_STRDUP 1
| #define HAVE_STRERROR_R 1
| #define HAVE_DECL_STRNLEN 1
| #define HAVE_DECL_STRTOIMAX 1
| #define _USE_STD_STAT 1
| #define HAVE_DECL_EXECVPE 1
| #define HAVE_DECL_CLEARERR_UNLOCKED 1
| #define HAVE_DECL_FEOF_UNLOCKED 1
| #define HAVE_DECL_FERROR_UNLOCKED 1
| #define HAVE_DECL_FFLUSH_UNLOCKED 1
| #define HAVE_DECL_FGETS_UNLOCKED 1
| #define HAVE_DECL_FPUTC_UNLOCKED 1
| #define HAVE_DECL_FPUTS_UNLOCKED 1
| #define HAVE_DECL_FREAD_UNLOCKED 1
| #define HAVE_DECL_FWRITE_UNLOCKED 1
| #define HAVE_DECL_GETC_UNLOCKED 1
| #define HAVE_DECL_GETCHAR_UNLOCKED 1
| #define HAVE_DECL_PUTC_UNLOCKED 1
| #define HAVE_DECL_PUTCHAR_UNLOCKED 1
| #define HAVE_DECL_UNSETENV 1
| #define HAVE_DECL_WCSDUP 1
| #define HAVE_SHUTDOWN 1
| #define HAVE_STRUCT_SOCKADDR_STORAGE 1
| #define HAVE_SA_FAMILY_T 1
| #define HAVE_STRUCT_SOCKADDR_STORAGE_SS_FAMILY 1
| #define HAVE_IPV4 1
| #define HAVE_IPV6 1
| #define DBL_EXPBIT0_WORD 1
| #define DBL_EXPBIT0_BIT 20
| #define FLT_EXPBIT0_WORD 0
| #define FLT_EXPBIT0_BIT 23
| #define LDBL_EXPBIT0_WORD 2
| #define LDBL_EXPBIT0_BIT 0
| #define HAVE_DECL_INITSTATE 1
| #define HAVE_DECL_SETSTATE 1
| #define HAVE_DECL_SNPRINTF 1
| #define HAVE_INTTYPES_H_WITH_UINTMAX 1
| #define HAVE_STDINT_H_WITH_UINTMAX 1
| #define HAVE_INTMAX_T 1
| #define HAVE_WCSLEN 1
| #define HAVE_SNPRINTF 1
| #define HAVE_STRNLEN 1
| #define HAVE_WCRTOMB 1
| #define HAVE_DECL__SNPRINTF 0
| #define HAVE_SNPRINTF_RETVAL_C99 1
| #define HAVE_SNPRINTF_TRUNCATION_C99 1
| #define HAVE_ALLOCA 1
| #define GNULIB_TEST_BTOC32 1
| #define GNULIB_TEST_BTOWC 1
| #define HAVE___BUILTIN_EXPECT 1
| #define GNULIB_TEST_C32_APPLY_TYPE_TEST 1
| #define GNULIB_TEST_C32_GET_TYPE_TEST 1
| #define GNULIB_TEST_C32ISALNUM 1
| #define GNULIB_TEST_C32ISALPHA 1
| #define GNULIB_TEST_C32ISBLANK 1
| #define GNULIB_TEST_C32ISCNTRL 1
| #define GNULIB_TEST_C32ISDIGIT 1
| #define GNULIB_TEST_C32ISGRAPH 1
| #define GNULIB_TEST_C32ISLOWER 1
| #define GNULIB_TEST_C32ISPRINT 1
| #define GNULIB_TEST_C32ISPUNCT 1
| #define GNULIB_TEST_C32ISSPACE 1
| #define GNULIB_TEST_C32ISUPPER 1
| #define GNULIB_TEST_C32ISXDIGIT 1
| #define GNULIB_TEST_C32TOLOWER 1
| #define GNULIB_TEST_C32WIDTH 1
| #define GNULIB_TEST_CALLOC_GNU 1
| #define GNULIB_TEST_CALLOC_POSIX 1
| #define HAVE_READLINKAT 1
| #define GNULIB_TEST_CHDIR 1
| #define HAVE_CLOCK_GETRES 1
| #define HAVE_CLOCK_GETTIME 1
| #define HAVE_CLOCK_SETTIME 1
| #define GNULIB_TEST_CLOEXEC 1
| #define GNULIB_TEST_CLOSE 1
| #define GNULIB_CLOSE 1
| #define HAVE_CLOSEDIR 1
| #define GNULIB_TEST_CLOSEDIR 1
| #define HAVE_STRUCT_DIRENT_D_TYPE 1
| #define HAVE_DIRFD 1
| #define HAVE_DECL_DIRFD 1
| #define GNULIB_TEST_DIRFD 1
| #define GNULIB_DIRNAME 1
| #define GNULIB_TEST_DUP 1
| #define GNULIB_TEST_DUP2 1
| #define GNULIB_TEST_ENVIRON 1
| #define GNULIB_TEST_FCHDIR 1
| #define GNULIB_TEST_FCNTL 1
| #define HAVE_DECL_FDOPENDIR 1
| #define GNULIB_TEST_FDOPENDIR 1
| #define GNULIB_FDOPENDIR 1
| #define HAVE_STRUCT_STAT_ST_BLOCKS 1
| #define HAVE_ST_BLOCKS 1
| #define GNULIB_FILENAMECAT 1
| #define HAVE_MEMPCPY 1
| #define FLEXIBLE_ARRAY_MEMBER /**/
| #define GNULIB_TEST_FNMATCH 1
| #define GNULIB_FNMATCH_GNU 1
| #define GNULIB_TEST_FOPEN 1
| #define GNULIB_FOPEN_GNU 1
| #define GNULIB_TEST_FOPEN_GNU 1
| #define HAVE_FREE_POSIX 1
| #define GNULIB_TEST_FREE_POSIX 1
| #define GNULIB_TEST_FREOPEN 1
| #define GNULIB_TEST_FSTAT 1
| #define GNULIB_FSTAT 1
| #define GNULIB_TEST_FSTATAT 1
| #define GNULIB_FSTATAT 1
| #define GNULIB_TEST_GETCWD 1
| #define GNULIB_TEST_GETDTABLESIZE 1
| #define GNULIB_TEST_GETOPT_POSIX 1
| #define GNULIB_TEST_GETPAGESIZE 1
| #define HAVE_DECL_PROGRAM_INVOCATION_NAME 1
| #define HAVE_DECL_PROGRAM_INVOCATION_NAME 1
| #define HAVE_DECL_PROGRAM_INVOCATION_SHORT_NAME 1
| #define HAVE_DECL___ARGV 0
| #define GNULIB_TEST_GETPROGNAME 1
| #define HAVE_GETRANDOM 1
| #define GNULIB_TEST_GETRANDOM 1
| #define HAVE_TIMESPEC_GET 1
| #define GETTIMEOFDAY_TIMEZONE void
| #define GNULIB_TEST_GETTIMEOFDAY 1
| #define GNULIB_LOCALEDIR "/usr/local/share/locale"
| #define HAVE_INLINE 1
| #define GNULIB_ISBLANK 1
| #define HAVE_ISWBLANK 1
| #define HAVE_DECL_ISWBLANK 1
| #define GNULIB_TEST_ISWBLANK 1
| #define GNULIB_TEST_ISWCTYPE 1
| #define GNULIB_TEST_ISWDIGIT 1
| #define GNULIB_TEST_ISWPUNCT 1
| #define GNULIB_TEST_ISWXDIGIT 1
| #define HAVE___INLINE 1
| #define GNULIB_TEST_LOCALECONV 1
| #define GNULIB_LOCALECONV 1
| #define HAVE_PTHREAD_RWLOCK 1
| #define HAVE_PTHREAD_MUTEX_RECURSIVE 1
| #define GNULIB_LOCK 1
| #define GNULIB_TEST_LSTAT 1
| #define GNULIB_LSTAT 1
| #define GNULIB_TEST_MALLOC_GNU 1
| #define GNULIB_TEST_MALLOC_POSIX 1
| /* end confdefs.h.  */
| #include <limits.h>
|             #include <locale.h>
|             #ifdef __HAIKU__
|              #include <stdint.h>
|             #endif
|             #include <uchar.h>
| 
| int
| main (void)
| {
| 
|             int i;
|             char *locale = setlocale (LC_ALL, "C");
|             if (! locale)
|               return 2;
|             for (i = CHAR_MIN; i <= CHAR_MAX; i++)
|               {
|                 char c = i;
|                 char32_t wc;
|                 mbstate_t mbs = { 0, };
|                 size_t ss = mbrtoc32 (&wc, &c, 1, &mbs);
|                 if (1 < ss)
|                   return 3;
|               }
|             return 0;
| 
|   ;
|   return 0;
| }
configure:39155: result: no
configure:39159: checking whether mbrtoc32 works in an UTF-8 locale
configure:39210: gcc -o conftest -g -O2   conftest.c  >&5
configure:39210: $? = 0
configure:39210: ./conftest
configure:39210: $? = 0
configure:39225: result: yes
configure:39453: checking whether mbrtowc handles a NULL pwc argument
configure:39507: gcc -o conftest -g -O2   conftest.c  >&5
configure:39507: $? = 0
configure:39507: ./conftest
configure:39507: $? = 0
configure:39523: result: yes
configure:39529: checking whether mbrtowc handles a NULL string argument
configure:39571: gcc -o conftest -g -O2   conftest.c  >&5
configure:39571: $? = 0
configure:39571: ./conftest
configure:39571: $? = 0
configure:39587: result: yes
configure:39595: checking whether mbrtowc has a correct return value
configure:39709: gcc -o conftest -g -O2   conftest.c  >&5
configure:39709: $? = 0
configure:39709: ./conftest
configure:39709: $? = 0
configure:39728: result: yes
configure:39734: checking whether mbrtowc returns 0 when parsing a NUL character
configure:39789: result: guessing yes
configure:39794: checking whether mbrtowc stores incomplete characters
configure:39905: gcc -o conftest -g -O2   conftest.c  >&5
configure:39905: $? = 0
configure:39905: ./conftest
configure:39905: $? = 0
configure:39923: result: no
configure:39928: checking whether mbrtowc works on empty input
configure:39959: gcc -o conftest -g -O2   conftest.c  >&5
configure:39959: $? = 0
configure:39959: ./conftest
configure:39959: $? = 0
configure:39974: result: yes
configure:39978: checking whether the C locale is free of encoding errors
configure:40022: gcc -o conftest -g -O2   conftest.c  >&5
configure:40022: $? = 0
configure:40022: ./conftest
configure:40022: $? = 3
configure: program exited with status 3
configure: failed program was:
| /* confdefs.h */
| #define PACKAGE_NAME "GNU diffutils"
| #define PACKAGE_TARNAME "diffutils"
| #define PACKAGE_VERSION "3.12"
| #define PACKAGE_STRING "GNU diffutils 3.12"
| #define PACKAGE_BUGREPORT "bug-diffutils@gnu.org"
| #define PACKAGE_URL "https://www.gnu.org/software/diffutils/"
| #define PACKAGE "diffutils"
| #define VERSION "3.12"
| #define HAVE_STDIO_H 1
| #define HAVE_STDLIB_H 1
| #define HAVE_STRING_H 1
| #define HAVE_INTTYPES_H 1
| #define HAVE_STDINT_H 1
| #define HAVE_STRINGS_H 1
| #define HAVE_SYS_STAT_H 1
| #define HAVE_SYS_TYPES_H 1
| #define HAVE_UNISTD_H 1
| #define HAVE_WCHAR_H 1
| #define HAVE_STDBOOL_H 1
| #define HAVE_UCHAR_H 1
| #define HAVE_SYS_PARAM_H 1
| #define HAVE_SYS_SOCKET_H 1
| #define HAVE_DIRENT_H 1
| #define HAVE_ERROR_H 1
| #define HAVE_FNMATCH_H 1
| #define HAVE_GETOPT_H 1
| #define HAVE_SYS_TIME_H 1
| #define HAVE_THREADS_H 1
| #define HAVE_LIMITS_H 1
| #define HAVE_WCTYPE_H 1
| #define HAVE_LANGINFO_H 1
| #define HAVE_SYS_MMAN_H 1
| #define HAVE_PTHREAD_H 1
| #define HAVE_MALLOC_H 1
| #define HAVE_STDBIT_H 1
| #define HAVE_SYS_RANDOM_H 1
| #define HAVE_SYS_WAIT_H 1
| #define HAVE_FEATURES_H 1
| #define HAVE_ARPA_INET_H 1
| #define HAVE_NETDB_H 1
| #define HAVE_NETINET_IN_H 1
| #define HAVE_MATH_H 1
| #define HAVE_SYS_SELECT_H 1
| #define HAVE_SEMAPHORE_H 1
| #define HAVE_SYS_IOCTL_H 1
| #define HAVE_SYS_UN_H 1
| #define HAVE_SYS_UIO_H 1
| #define STDC_HEADERS 1
| #define _ALL_SOURCE 1
| #define _COSMO_SOURCE 1
| #define _DARWIN_C_SOURCE 1
| #define _GNU_SOURCE 1
| #define _HPUX_ALT_XOPEN_SOCKET_API 1
| #define _NETBSD_SOURCE 1
| #define _OPENBSD_SOURCE 1
| #define _POSIX_PTHREAD_SEMANTICS 1
| #define __STDC_WANT_IEC_60559_ATTRIBS_EXT__ 1
| #define __STDC_WANT_IEC_60559_BFP_EXT__ 1
| #define __STDC_WANT_IEC_60559_DFP_EXT__ 1
| #define __STDC_WANT_IEC_60559_EXT__ 1
| #define __STDC_WANT_IEC_60559_FUNCS_EXT__ 1
| #define __STDC_WANT_IEC_60559_TYPES_EXT__ 1
| #define __STDC_WANT_LIB_EXT2__ 1
| #define __STDC_WANT_MATH_SPEC_FUNCS__ 1
| #define _TANDEM_SOURCE 1
| #define __EXTENSIONS__ 1
| #define _LINUX_SOURCE_COMPAT 1
| #define __USE_MINGW_ANSI_STDIO 1
| #define HAVE_ALLOCA_H 1
| #define HAVE_ALLOCA 1
| #define HAVE_WINT_T 1
| #define HAVE_BTOWC 1
| #define HAVE_MBRTOWC 1
| #define HAVE_MBSINIT 1
| #define HAVE_FCHDIR 1
| #define HAVE_FCNTL 1
| #define HAVE_SYMLINK 1
| #define HAVE_FDOPENDIR 1
| #define HAVE_FNMATCH 1
| #define HAVE_MBSRTOWCS 1
| #define HAVE_FSTATAT 1
| #define HAVE_GETDTABLESIZE 1
| #define HAVE_GETTIMEOFDAY 1
| #define HAVE_ISBLANK 1
| #define HAVE_ISWCNTRL 1
| #define HAVE_LSTAT 1
| #define HAVE_MPROTECT 1
| #define HAVE_MKSTEMP 1
| #define HAVE_OPENAT 1
| #define HAVE_PCLOSE 1
| #define HAVE_POPEN 1
| #define HAVE_READLINK 1
| #define HAVE_ISWCTYPE 1
| #define HAVE_SETENV 1
| #define HAVE_SIGACTION 1
| #define HAVE_SIGALTSTACK 1
| #define HAVE_SIGINTERRUPT 1
| #define HAVE_SETRLIMIT 1
| #define HAVE_GETRLIMIT 1
| #define HAVE___XPG_STRERROR_R 1
| #define HAVE_STRPTIME 1
| #define HAVE_STRTOIMAX 1
| #define HAVE_LOCALTIME_R 1
| #define HAVE_WCRTOMB 1
| #define HAVE_WCWIDTH 1
| #define HAVE_PIPE 1
| #define HAVE_PSELECT 1
| #define HAVE_PTHREAD_SIGMASK 1
| #define HAVE_SLEEP 1
| #define HAVE_SNPRINTF 1
| #define HAVE_SHUTDOWN 1
| #define HAVE_UNLINKAT 1
| #define HAVE_WCTOB 1
| #define HAVE_SIGPROCMASK 1
| #define HAVE_FORK 1
| #define HAVE_VFORK 1
| #define HAVE_LANGINFO_CODESET 1
| #define BITSIZEOF_WCHAR_T 32
| #define HAVE_MBSTATE_T 1
| #define HAVE_WORKING_MBRTOC32 1
| #define HAVE_WORKING_C32RTOMB 1
| #define HAVE_MALLOC_PTRDIFF 1
| #define HAVE_MALLOC_POSIX 1
| #define restrict __restrict__
| #define HAVE_ENVIRON_DECL 1
| #define HAVE_ERROR 1
| #define HAVE_DECL_STRERROR_R 1
| #define HAVE_STRERROR_R 1
| #define STRERROR_R_CHAR_P 1
| #define HAVE_DECL_FCHDIR 1
| #define HAVE_WORKING_O_NOATIME 1
| #define HAVE_WORKING_O_NOFOLLOW 1
| #define HAVE_MEMPCPY 1
| #define FUNC_FFLUSH_STDIN 0
| #define LSTAT_FOLLOWS_SLASHED_SYMLINK 1
| #define HAVE_DECL_GETDTABLESIZE 1
| #define HAVE_GETOPT_H 1
| #define HAVE_GETOPT_LONG_ONLY 1
| #define HAVE_PTHREAD_API 1
| #define SETLOCALE_NULL_ALL_MTSAFE 1
| #define SETLOCALE_NULL_ONE_MTSAFE 1
| #ifndef __x86_64__
| #define __x86_64__ 1
| #endif
| #ifndef __x86_64__
| #define __x86_64__ 1
| #endif
| #define HAVE_LONG_LONG_INT 1
| #define HAVE_UNSIGNED_LONG_LONG_INT 1
| #define HAVE_TOWLOWER 1
| #define HAVE_LC_MESSAGES 1
| #define HAVE_WEAK_SYMBOLS 1
| #define USE_POSIX_THREADS 1
| #define USE_POSIX_THREADS_FROM_LIBC 1
| #define HAVE_MALLOC_0_NONNULL 1
| #define HAVE_MAP_ANONYMOUS 1
| #define HAVE_DECL_MEMRCHR 1
| #define HAVE_MINMAX_IN_SYS_PARAM_H 1
| #define TIME_T_IS_SIGNED 1
| #define HAVE_DECL_ALARM 1
| #define HAVE_STRUCT_TM_TM_GMTOFF 1
| #define HAVE_STRUCT_TM_TM_ZONE 1
| #define HAVE_TM_GMTOFF 1
| #define PROMOTED_MODE_T mode_t
| #define HAVE_PTHREAD_T 1
| #define HAVE_PTHREAD_SPINLOCK_T 1
| #define HAVE_SIGSET_T 1
| #define HAVE_SCHED_H 1
| #define HAVE_DECL_SETENV 1
| #define HAVE_DECL__PUTENV 0
| #define HAVE_SEARCH_H 1
| #define HAVE_TSEARCH 1
| #define HAVE_DECL_FCLOSEALL 1
| #define HAVE_DECL_GETW 1
| #define HAVE_DECL_PUTW 1
| #define HAVE_DECL_ECVT 1
| #define HAVE_DECL_FCVT 1
| #define HAVE_DECL_GCVT 1
| #define HAVE_DECL_STRDUP 1
| #define HAVE_STRERROR_R 1
| #define HAVE_DECL_STRNLEN 1
| #define HAVE_DECL_STRTOIMAX 1
| #define _USE_STD_STAT 1
| #define HAVE_DECL_EXECVPE 1
| #define HAVE_DECL_CLEARERR_UNLOCKED 1
| #define HAVE_DECL_FEOF_UNLOCKED 1
| #define HAVE_DECL_FERROR_UNLOCKED 1
| #define HAVE_DECL_FFLUSH_UNLOCKED 1
| #define HAVE_DECL_FGETS_UNLOCKED 1
| #define HAVE_DECL_FPUTC_UNLOCKED 1
| #define HAVE_DECL_FPUTS_UNLOCKED 1
| #define HAVE_DECL_FREAD_UNLOCKED 1
| #define HAVE_DECL_FWRITE_UNLOCKED 1
| #define HAVE_DECL_GETC_UNLOCKED 1
| #define HAVE_DECL_GETCHAR_UNLOCKED 1
| #define HAVE_DECL_PUTC_UNLOCKED 1
| #define HAVE_DECL_PUTCHAR_UNLOCKED 1
| #define HAVE_DECL_UNSETENV 1
| #define HAVE_DECL_WCSDUP 1
| #define HAVE_SHUTDOWN 1
| #define HAVE_STRUCT_SOCKADDR_STORAGE 1
| #define HAVE_SA_FAMILY_T 1
| #define HAVE_STRUCT_SOCKADDR_STORAGE_SS_FAMILY 1
| #define HAVE_IPV4 1
| #define HAVE_IPV6 1
| #define DBL_EXPBIT0_WORD 1
| #define DBL_EXPBIT0_BIT 20
| #define FLT_EXPBIT0_WORD 0
| #define FLT_EXPBIT0_BIT 23
| #define LDBL_EXPBIT0_WORD 2
| #define LDBL_EXPBIT0_BIT 0
| #define HAVE_DECL_INITSTATE 1
| #define HAVE_DECL_SETSTATE 1
| #define HAVE_DECL_SNPRINTF 1
| #define HAVE_INTTYPES_H_WITH_UINTMAX 1
| #define HAVE_STDINT_H_WITH_UINTMAX 1
| #define HAVE_INTMAX_T 1
| #define HAVE_WCSLEN 1
| #define HAVE_SNPRINTF 1
| #define HAVE_STRNLEN 1
| #define HAVE_WCRTOMB 1
| #define HAVE_DECL__SNPRINTF 0
| #define HAVE_SNPRINTF_RETVAL_C99 1
| #define HAVE_SNPRINTF_TRUNCATION_C99 1
| #define HAVE_ALLOCA 1
| #define GNULIB_TEST_BTOC32 1
| #define GNULIB_TEST_BTOWC 1
| #define HAVE___BUILTIN_EXPECT 1
| #define GNULIB_TEST_C32_APPLY_TYPE_TEST 1
| #define GNULIB_TEST_C32_GET_TYPE_TEST 1
| #define GNULIB_TEST_C32ISALNUM 1
| #define GNULIB_TEST_C32ISALPHA 1
| #define GNULIB_TEST_C32ISBLANK 1
| #define GNULIB_TEST_C32ISCNTRL 1
| #define GNULIB_TEST_C32ISDIGIT 1
| #define GNULIB_TEST_C32ISGRAPH 1
| #define GNULIB_TEST_C32ISLOWER 1
| #define GNULIB_TEST_C32ISPRINT 1
| #define GNULIB_TEST_C32ISPUNCT 1
| #define GNULIB_TEST_C32ISSPACE 1
| #define GNULIB_TEST_C32ISUPPER 1
| #define GNULIB_TEST_C32ISXDIGIT 1
| #define GNULIB_TEST_C32TOLOWER 1
| #define GNULIB_TEST_C32WIDTH 1
| #define GNULIB_TEST_CALLOC_GNU 1
| #define GNULIB_TEST_CALLOC_POSIX 1
| #define HAVE_READLINKAT 1
| #define GNULIB_TEST_CHDIR 1
| #define HAVE_CLOCK_GETRES 1
| #define HAVE_CLOCK_GETTIME 1
| #define HAVE_CLOCK_SETTIME 1
| #define GNULIB_TEST_CLOEXEC 1
| #define GNULIB_TEST_CLOSE 1
| #define GNULIB_CLOSE 1
| #define HAVE_CLOSEDIR 1
| #define GNULIB_TEST_CLOSEDIR 1
| #define HAVE_STRUCT_DIRENT_D_TYPE 1
| #define HAVE_DIRFD 1
| #define HAVE_DECL_DIRFD 1
| #define GNULIB_TEST_DIRFD 1
| #define GNULIB_DIRNAME 1
| #define GNULIB_TEST_DUP 1
| #define GNULIB_TEST_DUP2 1
| #define GNULIB_TEST_ENVIRON 1
| #define GNULIB_TEST_FCHDIR 1
| #define GNULIB_TEST_FCNTL 1
| #define HAVE_DECL_FDOPENDIR 1
| #define GNULIB_TEST_FDOPENDIR 1
| #define GNULIB_FDOPENDIR 1
| #define HAVE_STRUCT_STAT_ST_BLOCKS 1
| #define HAVE_ST_BLOCKS 1
| #define GNULIB_FILENAMECAT 1
| #define HAVE_MEMPCPY 1
| #define FLEXIBLE_ARRAY_MEMBER /**/
| #define GNULIB_TEST_FNMATCH 1
| #define GNULIB_FNMATCH_GNU 1
| #define GNULIB_TEST_FOPEN 1
| #define GNULIB_FOPEN_GNU 1
| #define GNULIB_TEST_FOPEN_GNU 1
| #define HAVE_FREE_POSIX 1
| #define GNULIB_TEST_FREE_POSIX 1
| #define GNULIB_TEST_FREOPEN 1
| #define GNULIB_TEST_FSTAT 1
| #define GNULIB_FSTAT 1
| #define GNULIB_TEST_FSTATAT 1
| #define GNULIB_FSTATAT 1
| #define GNULIB_TEST_GETCWD 1
| #define GNULIB_TEST_GETDTABLESIZE 1
| #define GNULIB_TEST_GETOPT_POSIX 1
| #define GNULIB_TEST_GETPAGESIZE 1
| #define HAVE_DECL_PROGRAM_INVOCATION_NAME 1
| #define HAVE_DECL_PROGRAM_INVOCATION_NAME 1
| #define HAVE_DECL_PROGRAM_INVOCATION_SHORT_NAME 1
| #define HAVE_DECL___ARGV 0
| #define GNULIB_TEST_GETPROGNAME 1
| #define HAVE_GETRANDOM 1
| #define GNULIB_TEST_GETRANDOM 1
| #define HAVE_TIMESPEC_GET 1
| #define GETTIMEOFDAY_TIMEZONE void
| #define GNULIB_TEST_GETTIMEOFDAY 1
| #define GNULIB_LOCALEDIR "/usr/local/share/locale"
| #define HAVE_INLINE 1
| #define GNULIB_ISBLANK 1
| #define HAVE_ISWBLANK 1
| #define HAVE_DECL_ISWBLANK 1
| #define GNULIB_TEST_ISWBLANK 1
| #define GNULIB_TEST_ISWCTYPE 1
| #define GNULIB_TEST_ISWDIGIT 1
| #define GNULIB_TEST_ISWPUNCT 1
| #define GNULIB_TEST_ISWXDIGIT 1
| #define HAVE___INLINE 1
| #define GNULIB_TEST_LOCALECONV 1
| #define GNULIB_LOCALECONV 1
| #define HAVE_PTHREAD_RWLOCK 1
| #define HAVE_PTHREAD_MUTEX_RECURSIVE 1
| #define GNULIB_LOCK 1
| #define GNULIB_TEST_LSTAT 1
| #define GNULIB_LSTAT 1
| #define GNULIB_TEST_MALLOC_GNU 1
| #define GNULIB_TEST_MALLOC_POSIX 1
| #define MBRTOC32_IN_C_LOCALE_MAYBE_EILSEQ 1
| #define GNULIB_TEST_MBRTOC32 1
| /* end confdefs.h.  */
| #include <limits.h>
|             #include <locale.h>
|             #include <wchar.h>
| 
| int
| main (void)
| {
| 
|             int i;
|             char *locale = setlocale (LC_ALL, "C");
|             if (! locale)
|               return 2;
|             for (i = CHAR_MIN; i <= CHAR_MAX; i++)
|               {
|                 char c = i;
|                 wchar_t wc;
|                 mbstate_t mbs = { 0, };
|                 size_t ss = mbrtowc (&wc, &c, 1, &mbs);
|                 if (1 < ss)
|                   return 3;
|               }
|             return 0;
| 
|   ;
|   return 0;
| }
configure:40037: result: no
configure:40568: checking whether mbsrtowcs works
configure:40661: gcc -o conftest -g -O2   conftest.c  >&5
configure:40661: $? = 0
configure:40661: ./conftest
configure:40661: $? = 0
configure:40677: result: yes
configure:40686: checking whether the C locale is free of encoding errors
configure:40745: result: no
configure:40843: checking for mbtowc
configure:40880: checking for mbtowc
configure:40880: gcc -o conftest -g -O2   conftest.c  >&5
configure:40880: $? = 0
configure:40880: result: yes
configure:40896: result: yes
configure:41026: checking for mempcpy
configure:41079: result: yes
configure:41154: checking for memrchr
configure:41154: gcc -o conftest -g -O2   conftest.c  >&5
configure:41154: $? = 0
configure:41154: result: yes
configure:41210: checking whether mkdir handles trailing slash
configure:41269: gcc -o conftest -g -O2   conftest.c  >&5
configure:41269: $? = 0
configure:41269: ./conftest
configure:41269: $? = 0
configure:41285: result: yes
configure:41294: checking whether mkdir handles trailing dot
configure:41334: gcc -o conftest -g -O2   conftest.c  >&5
configure:41334: $? = 0
configure:41334: ./conftest
configure:41334: $? = 0
configure:41351: result: yes
configure:41401: checking for working mkstemp
configure:41464: gcc -o conftest -g -O2   conftest.c  >&5
configure:41464: $? = 0
configure:41464: ./conftest
configure:41464: $? = 0
configure:41480: result: yes
configure:41587: checking for __mktime_internal
configure:41587: gcc -o conftest -g -O2   conftest.c  >&5
/usr/bin/ld: /tmp/ccULNWTi.o: in function `main':
/home/derek/Code/diffutils-bcr/conftest.c:370:(.text.startup+0x9): undefined reference to `__mktime_internal'
collect2: error: ld returned 1 exit status
configure:41587: $? = 1
configure: failed program was:
| /* confdefs.h */
| #define PACKAGE_NAME "GNU diffutils"
| #define PACKAGE_TARNAME "diffutils"
| #define PACKAGE_VERSION "3.12"
| #define PACKAGE_STRING "GNU diffutils 3.12"
| #define PACKAGE_BUGREPORT "bug-diffutils@gnu.org"
| #define PACKAGE_URL "https://www.gnu.org/software/diffutils/"
| #define PACKAGE "diffutils"
| #define VERSION "3.12"
| #define HAVE_STDIO_H 1
| #define HAVE_STDLIB_H 1
| #define HAVE_STRING_H 1
| #define HAVE_INTTYPES_H 1
| #define HAVE_STDINT_H 1
| #define HAVE_STRINGS_H 1
| #define HAVE_SYS_STAT_H 1
| #define HAVE_SYS_TYPES_H 1
| #define HAVE_UNISTD_H 1
| #define HAVE_WCHAR_H 1
| #define HAVE_STDBOOL_H 1
| #define HAVE_UCHAR_H 1
| #define HAVE_SYS_PARAM_H 1
| #define HAVE_SYS_SOCKET_H 1
| #define HAVE_DIRENT_H 1
| #define HAVE_ERROR_H 1
| #define HAVE_FNMATCH_H 1
| #define HAVE_GETOPT_H 1
| #define HAVE_SYS_TIME_H 1
| #define HAVE_THREADS_H 1
| #define HAVE_LIMITS_H 1
| #define HAVE_WCTYPE_H 1
| #define HAVE_LANGINFO_H 1
| #define HAVE_SYS_MMAN_H 1
| #define HAVE_PTHREAD_H 1
| #define HAVE_MALLOC_H 1
| #define HAVE_STDBIT_H 1
| #define HAVE_SYS_RANDOM_H 1
| #define HAVE_SYS_WAIT_H 1
| #define HAVE_FEATURES_H 1
| #define HAVE_ARPA_INET_H 1
| #define HAVE_NETDB_H 1
| #define HAVE_NETINET_IN_H 1
| #define HAVE_MATH_H 1
| #define HAVE_SYS_SELECT_H 1
| #define HAVE_SEMAPHORE_H 1
| #define HAVE_SYS_IOCTL_H 1
| #define HAVE_SYS_UN_H 1
| #define HAVE_SYS_UIO_H 1
| #define STDC_HEADERS 1
| #define _ALL_SOURCE 1
| #define _COSMO_SOURCE 1
| #define _DARWIN_C_SOURCE 1
| #define _GNU_SOURCE 1
| #define _HPUX_ALT_XOPEN_SOCKET_API 1
| #define _NETBSD_SOURCE 1
| #define _OPENBSD_SOURCE 1
| #define _POSIX_PTHREAD_SEMANTICS 1
| #define __STDC_WANT_IEC_60559_ATTRIBS_EXT__ 1
| #define __STDC_WANT_IEC_60559_BFP_EXT__ 1
| #define __STDC_WANT_IEC_60559_DFP_EXT__ 1
| #define __STDC_WANT_IEC_60559_EXT__ 1
| #define __STDC_WANT_IEC_60559_FUNCS_EXT__ 1
| #define __STDC_WANT_IEC_60559_TYPES_EXT__ 1
| #define __STDC_WANT_LIB_EXT2__ 1
| #define __STDC_WANT_MATH_SPEC_FUNCS__ 1
| #define _TANDEM_SOURCE 1
| #define __EXTENSIONS__ 1
| #define _LINUX_SOURCE_COMPAT 1
| #define __USE_MINGW_ANSI_STDIO 1
| #define HAVE_ALLOCA_H 1
| #define HAVE_ALLOCA 1
| #define HAVE_WINT_T 1
| #define HAVE_BTOWC 1
| #define HAVE_MBRTOWC 1
| #define HAVE_MBSINIT 1
| #define HAVE_FCHDIR 1
| #define HAVE_FCNTL 1
| #define HAVE_SYMLINK 1
| #define HAVE_FDOPENDIR 1
| #define HAVE_FNMATCH 1
| #define HAVE_MBSRTOWCS 1
| #define HAVE_FSTATAT 1
| #define HAVE_GETDTABLESIZE 1
| #define HAVE_GETTIMEOFDAY 1
| #define HAVE_ISBLANK 1
| #define HAVE_ISWCNTRL 1
| #define HAVE_LSTAT 1
| #define HAVE_MPROTECT 1
| #define HAVE_MKSTEMP 1
| #define HAVE_OPENAT 1
| #define HAVE_PCLOSE 1
| #define HAVE_POPEN 1
| #define HAVE_READLINK 1
| #define HAVE_ISWCTYPE 1
| #define HAVE_SETENV 1
| #define HAVE_SIGACTION 1
| #define HAVE_SIGALTSTACK 1
| #define HAVE_SIGINTERRUPT 1
| #define HAVE_SETRLIMIT 1
| #define HAVE_GETRLIMIT 1
| #define HAVE___XPG_STRERROR_R 1
| #define HAVE_STRPTIME 1
| #define HAVE_STRTOIMAX 1
| #define HAVE_LOCALTIME_R 1
| #define HAVE_WCRTOMB 1
| #define HAVE_WCWIDTH 1
| #define HAVE_PIPE 1
| #define HAVE_PSELECT 1
| #define HAVE_PTHREAD_SIGMASK 1
| #define HAVE_SLEEP 1
| #define HAVE_SNPRINTF 1
| #define HAVE_SHUTDOWN 1
| #define HAVE_UNLINKAT 1
| #define HAVE_WCTOB 1
| #define HAVE_SIGPROCMASK 1
| #define HAVE_FORK 1
| #define HAVE_VFORK 1
| #define HAVE_LANGINFO_CODESET 1
| #define BITSIZEOF_WCHAR_T 32
| #define HAVE_MBSTATE_T 1
| #define HAVE_WORKING_MBRTOC32 1
| #define HAVE_WORKING_C32RTOMB 1
| #define HAVE_MALLOC_PTRDIFF 1
| #define HAVE_MALLOC_POSIX 1
| #define restrict __restrict__
| #define HAVE_ENVIRON_DECL 1
| #define HAVE_ERROR 1
| #define HAVE_DECL_STRERROR_R 1
| #define HAVE_STRERROR_R 1
| #define STRERROR_R_CHAR_P 1
| #define HAVE_DECL_FCHDIR 1
| #define HAVE_WORKING_O_NOATIME 1
| #define HAVE_WORKING_O_NOFOLLOW 1
| #define HAVE_MEMPCPY 1
| #define FUNC_FFLUSH_STDIN 0
| #define LSTAT_FOLLOWS_SLASHED_SYMLINK 1
| #define HAVE_DECL_GETDTABLESIZE 1
| #define HAVE_GETOPT_H 1
| #define HAVE_GETOPT_LONG_ONLY 1
| #define HAVE_PTHREAD_API 1
| #define SETLOCALE_NULL_ALL_MTSAFE 1
| #define SETLOCALE_NULL_ONE_MTSAFE 1
| #ifndef __x86_64__
| #define __x86_64__ 1
| #endif
| #ifndef __x86_64__
| #define __x86_64__ 1
| #endif
| #define HAVE_LONG_LONG_INT 1
| #define HAVE_UNSIGNED_LONG_LONG_INT 1
| #define HAVE_TOWLOWER 1
| #define HAVE_LC_MESSAGES 1
| #define HAVE_WEAK_SYMBOLS 1
| #define USE_POSIX_THREADS 1
| #define USE_POSIX_THREADS_FROM_LIBC 1
| #define HAVE_MALLOC_0_NONNULL 1
| #define HAVE_MAP_ANONYMOUS 1
| #define HAVE_DECL_MEMRCHR 1
| #define HAVE_MINMAX_IN_SYS_PARAM_H 1
| #define TIME_T_IS_SIGNED 1
| #define HAVE_DECL_ALARM 1
| #define HAVE_STRUCT_TM_TM_GMTOFF 1
| #define HAVE_STRUCT_TM_TM_ZONE 1
| #define HAVE_TM_GMTOFF 1
| #define PROMOTED_MODE_T mode_t
| #define HAVE_PTHREAD_T 1
| #define HAVE_PTHREAD_SPINLOCK_T 1
| #define HAVE_SIGSET_T 1
| #define HAVE_SCHED_H 1
| #define HAVE_DECL_SETENV 1
| #define HAVE_DECL__PUTENV 0
| #define HAVE_SEARCH_H 1
| #define HAVE_TSEARCH 1
| #define HAVE_DECL_FCLOSEALL 1
| #define HAVE_DECL_GETW 1
| #define HAVE_DECL_PUTW 1
| #define HAVE_DECL_ECVT 1
| #define HAVE_DECL_FCVT 1
| #define HAVE_DECL_GCVT 1
| #define HAVE_DECL_STRDUP 1
| #define HAVE_STRERROR_R 1
| #define HAVE_DECL_STRNLEN 1
| #define HAVE_DECL_STRTOIMAX 1
| #define _USE_STD_STAT 1
| #define HAVE_DECL_EXECVPE 1
| #define HAVE_DECL_CLEARERR_UNLOCKED 1
| #define HAVE_DECL_FEOF_UNLOCKED 1
| #define HAVE_DECL_FERROR_UNLOCKED 1
| #define HAVE_DECL_FFLUSH_UNLOCKED 1
| #define HAVE_DECL_FGETS_UNLOCKED 1
| #define HAVE_DECL_FPUTC_UNLOCKED 1
| #define HAVE_DECL_FPUTS_UNLOCKED 1
| #define HAVE_DECL_FREAD_UNLOCKED 1
| #define HAVE_DECL_FWRITE_UNLOCKED 1
| #define HAVE_DECL_GETC_UNLOCKED 1
| #define HAVE_DECL_GETCHAR_UNLOCKED 1
| #define HAVE_DECL_PUTC_UNLOCKED 1
| #define HAVE_DECL_PUTCHAR_UNLOCKED 1
| #define HAVE_DECL_UNSETENV 1
| #define HAVE_DECL_WCSDUP 1
| #define HAVE_SHUTDOWN 1
| #define HAVE_STRUCT_SOCKADDR_STORAGE 1
| #define HAVE_SA_FAMILY_T 1
| #define HAVE_STRUCT_SOCKADDR_STORAGE_SS_FAMILY 1
| #define HAVE_IPV4 1
| #define HAVE_IPV6 1
| #define DBL_EXPBIT0_WORD 1
| #define DBL_EXPBIT0_BIT 20
| #define FLT_EXPBIT0_WORD 0
| #define FLT_EXPBIT0_BIT 23
| #define LDBL_EXPBIT0_WORD 2
| #define LDBL_EXPBIT0_BIT 0
| #define HAVE_DECL_INITSTATE 1
| #define HAVE_DECL_SETSTATE 1
| #define HAVE_DECL_SNPRINTF 1
| #define HAVE_INTTYPES_H_WITH_UINTMAX 1
| #define HAVE_STDINT_H_WITH_UINTMAX 1
| #define HAVE_INTMAX_T 1
| #define HAVE_WCSLEN 1
| #define HAVE_SNPRINTF 1
| #define HAVE_STRNLEN 1
| #define HAVE_WCRTOMB 1
| #define HAVE_DECL__SNPRINTF 0
| #define HAVE_SNPRINTF_RETVAL_C99 1
| #define HAVE_SNPRINTF_TRUNCATION_C99 1
| #define HAVE_ALLOCA 1
| #define GNULIB_TEST_BTOC32 1
| #define GNULIB_TEST_BTOWC 1
| #define HAVE___BUILTIN_EXPECT 1
| #define GNULIB_TEST_C32_APPLY_TYPE_TEST 1
| #define GNULIB_TEST_C32_GET_TYPE_TEST 1
| #define GNULIB_TEST_C32ISALNUM 1
| #define GNULIB_TEST_C32ISALPHA 1
| #define GNULIB_TEST_C32ISBLANK 1
| #define GNULIB_TEST_C32ISCNTRL 1
| #define GNULIB_TEST_C32ISDIGIT 1
| #define GNULIB_TEST_C32ISGRAPH 1
| #define GNULIB_TEST_C32ISLOWER 1
| #define GNULIB_TEST_C32ISPRINT 1
| #define GNULIB_TEST_C32ISPUNCT 1
| #define GNULIB_TEST_C32ISSPACE 1
| #define GNULIB_TEST_C32ISUPPER 1
| #define GNULIB_TEST_C32ISXDIGIT 1
| #define GNULIB_TEST_C32TOLOWER 1
| #define GNULIB_TEST_C32WIDTH 1
| #define GNULIB_TEST_CALLOC_GNU 1
| #define GNULIB_TEST_CALLOC_POSIX 1
| #define HAVE_READLINKAT 1
| #define GNULIB_TEST_CHDIR 1
| #define HAVE_CLOCK_GETRES 1
| #define HAVE_CLOCK_GETTIME 1
| #define HAVE_CLOCK_SETTIME 1
| #define GNULIB_TEST_CLOEXEC 1
| #define GNULIB_TEST_CLOSE 1
| #define GNULIB_CLOSE 1
| #define HAVE_CLOSEDIR 1
| #define GNULIB_TEST_CLOSEDIR 1
| #define HAVE_STRUCT_DIRENT_D_TYPE 1
| #define HAVE_DIRFD 1
| #define HAVE_DECL_DIRFD 1
| #define GNULIB_TEST_DIRFD 1
| #define GNULIB_DIRNAME 1
| #define GNULIB_TEST_DUP 1
| #define GNULIB_TEST_DUP2 1
| #define GNULIB_TEST_ENVIRON 1
| #define GNULIB_TEST_FCHDIR 1
| #define GNULIB_TEST_FCNTL 1
| #define HAVE_DECL_FDOPENDIR 1
| #define GNULIB_TEST_FDOPENDIR 1
| #define GNULIB_FDOPENDIR 1
| #define HAVE_STRUCT_STAT_ST_BLOCKS 1
| #define HAVE_ST_BLOCKS 1
| #define GNULIB_FILENAMECAT 1
| #define HAVE_MEMPCPY 1
| #define FLEXIBLE_ARRAY_MEMBER /**/
| #define GNULIB_TEST_FNMATCH 1
| #define GNULIB_FNMATCH_GNU 1
| #define GNULIB_TEST_FOPEN 1
| #define GNULIB_FOPEN_GNU 1
| #define GNULIB_TEST_FOPEN_GNU 1
| #define HAVE_FREE_POSIX 1
| #define GNULIB_TEST_FREE_POSIX 1
| #define GNULIB_TEST_FREOPEN 1
| #define GNULIB_TEST_FSTAT 1
| #define GNULIB_FSTAT 1
| #define GNULIB_TEST_FSTATAT 1
| #define GNULIB_FSTATAT 1
| #define GNULIB_TEST_GETCWD 1
| #define GNULIB_TEST_GETDTABLESIZE 1
| #define GNULIB_TEST_GETOPT_POSIX 1
| #define GNULIB_TEST_GETPAGESIZE 1
| #define HAVE_DECL_PROGRAM_INVOCATION_NAME 1
| #define HAVE_DECL_PROGRAM_INVOCATION_NAME 1
| #define HAVE_DECL_PROGRAM_INVOCATION_SHORT_NAME 1
| #define HAVE_DECL___ARGV 0
| #define GNULIB_TEST_GETPROGNAME 1
| #define HAVE_GETRANDOM 1
| #define GNULIB_TEST_GETRANDOM 1
| #define HAVE_TIMESPEC_GET 1
| #define GETTIMEOFDAY_TIMEZONE void
| #define GNULIB_TEST_GETTIMEOFDAY 1
| #define GNULIB_LOCALEDIR "/usr/local/share/locale"
| #define HAVE_INLINE 1
| #define GNULIB_ISBLANK 1
| #define HAVE_ISWBLANK 1
| #define HAVE_DECL_ISWBLANK 1
| #define GNULIB_TEST_ISWBLANK 1
| #define GNULIB_TEST_ISWCTYPE 1
| #define GNULIB_TEST_ISWDIGIT 1
| #define GNULIB_TEST_ISWPUNCT 1
| #define GNULIB_TEST_ISWXDIGIT 1
| #define HAVE___INLINE 1
| #define GNULIB_TEST_LOCALECONV 1
| #define GNULIB_LOCALECONV 1
| #define HAVE_PTHREAD_RWLOCK 1
| #define HAVE_PTHREAD_MUTEX_RECURSIVE 1
| #define GNULIB_LOCK 1
| #define GNULIB_TEST_LSTAT 1
| #define GNULIB_LSTAT 1
| #define GNULIB_TEST_MALLOC_GNU 1
| #define GNULIB_TEST_MALLOC_POSIX 1
| #define MBRTOC32_IN_C_LOCALE_MAYBE_EILSEQ 1
| #define GNULIB_TEST_MBRTOC32 1
| #define MBRTOWC_IN_C_LOCALE_MAYBE_EILSEQ 1
| #define GNULIB_TEST_MBRTOWC 1
| #define GNULIB_TEST_MBSCASECMP 1
| #define GNULIB_TEST_MBSINIT 1
| #define GNULIB_TEST_MBSRTOC32S 1
| #define GNULIB_TEST_MBSRTOWCS 1
| #define GNULIB_TEST_MBSZERO 1
| #define HAVE_MBTOWC 1
| #define GNULIB_TEST_MBTOWC 1
| #define GNULIB_MCEL_PREFER 1
| #define GNULIB_TEST_MEMCHR 1
| #define HAVE_MEMPCPY 1
| #define GNULIB_TEST_MEMPCPY 1
| #define HAVE_MEMRCHR 1
| #define GNULIB_TEST_MEMRCHR 1
| #define GNULIB_TEST_MKDIR 1
| #define GNULIB_TEST_MKSTEMP 1
| #define GNULIB_TEST_MKTIME 1
| /* end confdefs.h.  */
| /* Define __mktime_internal to an innocuous variant, in case <limits.h> declares __mktime_internal.
|    For example, HP-UX 11i <limits.h> declares gettimeofday.  */
| #define __mktime_internal innocuous___mktime_internal
| 
| /* System header to define __stub macros and hopefully few prototypes,
|    which can conflict with char __mktime_internal (void); below.  */
| 
| #include <limits.h>
| #undef __mktime_internal
| 
| /* Override any GCC internal prototype to avoid an error.
|    Use char because int might match the return type of a GCC
|    builtin and then its argument prototype would still apply.  */
| #ifdef __cplusplus
| extern "C"
| #endif
| char __mktime_internal (void);
| /* The GNU C library defines this for functions which it implements
|     to always fail with ENOSYS.  Some functions are actually named
|     something starting with __ and the normal name is an alias.  */
| #if defined __stub___mktime_internal || defined __stub_____mktime_internal
| choke me
| #endif
| 
| int
| main (void)
| {
| return __mktime_internal ();
|   ;
|   return 0;
| }
configure:41587: result: no
configure:41658: checking for nl_langinfo
configure:41695: checking for nl_langinfo
configure:41695: gcc -o conftest -g -O2   conftest.c  >&5
configure:41695: $? = 0
configure:41695: result: yes
configure:41711: result: yes
configure:41731: checking whether YESEXPR works
configure:41761: gcc -o conftest -g -O2   conftest.c  >&5
configure:41761: $? = 0
configure:41761: ./conftest
configure:41761: $? = 0
configure:41776: result: yes
configure:41979: checking for C nullptr
configure:41989: gcc -c -g -O2  conftest.c >&5
conftest.c:350:10: error: 'nullptr' undeclared here (not in a function); did you mean 'nullptr_t'?
  350 | int *p = nullptr;
      |          ^~~~~~~
      |          nullptr_t
configure:41989: $? = 1
configure: failed program was:
| /* confdefs.h */
| #define PACKAGE_NAME "GNU diffutils"
| #define PACKAGE_TARNAME "diffutils"
| #define PACKAGE_VERSION "3.12"
| #define PACKAGE_STRING "GNU diffutils 3.12"
| #define PACKAGE_BUGREPORT "bug-diffutils@gnu.org"
| #define PACKAGE_URL "https://www.gnu.org/software/diffutils/"
| #define PACKAGE "diffutils"
| #define VERSION "3.12"
| #define HAVE_STDIO_H 1
| #define HAVE_STDLIB_H 1
| #define HAVE_STRING_H 1
| #define HAVE_INTTYPES_H 1
| #define HAVE_STDINT_H 1
| #define HAVE_STRINGS_H 1
| #define HAVE_SYS_STAT_H 1
| #define HAVE_SYS_TYPES_H 1
| #define HAVE_UNISTD_H 1
| #define HAVE_WCHAR_H 1
| #define HAVE_STDBOOL_H 1
| #define HAVE_UCHAR_H 1
| #define HAVE_SYS_PARAM_H 1
| #define HAVE_SYS_SOCKET_H 1
| #define HAVE_DIRENT_H 1
| #define HAVE_ERROR_H 1
| #define HAVE_FNMATCH_H 1
| #define HAVE_GETOPT_H 1
| #define HAVE_SYS_TIME_H 1
| #define HAVE_THREADS_H 1
| #define HAVE_LIMITS_H 1
| #define HAVE_WCTYPE_H 1
| #define HAVE_LANGINFO_H 1
| #define HAVE_SYS_MMAN_H 1
| #define HAVE_PTHREAD_H 1
| #define HAVE_MALLOC_H 1
| #define HAVE_STDBIT_H 1
| #define HAVE_SYS_RANDOM_H 1
| #define HAVE_SYS_WAIT_H 1
| #define HAVE_FEATURES_H 1
| #define HAVE_ARPA_INET_H 1
| #define HAVE_NETDB_H 1
| #define HAVE_NETINET_IN_H 1
| #define HAVE_MATH_H 1
| #define HAVE_SYS_SELECT_H 1
| #define HAVE_SEMAPHORE_H 1
| #define HAVE_SYS_IOCTL_H 1
| #define HAVE_SYS_UN_H 1
| #define HAVE_SYS_UIO_H 1
| #define STDC_HEADERS 1
| #define _ALL_SOURCE 1
| #define _COSMO_SOURCE 1
| #define _DARWIN_C_SOURCE 1
| #define _GNU_SOURCE 1
| #define _HPUX_ALT_XOPEN_SOCKET_API 1
| #define _NETBSD_SOURCE 1
| #define _OPENBSD_SOURCE 1
| #define _POSIX_PTHREAD_SEMANTICS 1
| #define __STDC_WANT_IEC_60559_ATTRIBS_EXT__ 1
| #define __STDC_WANT_IEC_60559_BFP_EXT__ 1
| #define __STDC_WANT_IEC_60559_DFP_EXT__ 1
| #define __STDC_WANT_IEC_60559_EXT__ 1
| #define __STDC_WANT_IEC_60559_FUNCS_EXT__ 1
| #define __STDC_WANT_IEC_60559_TYPES_EXT__ 1
| #define __STDC_WANT_LIB_EXT2__ 1
| #define __STDC_WANT_MATH_SPEC_FUNCS__ 1
| #define _TANDEM_SOURCE 1
| #define __EXTENSIONS__ 1
| #define _LINUX_SOURCE_COMPAT 1
| #define __USE_MINGW_ANSI_STDIO 1
| #define HAVE_ALLOCA_H 1
| #define HAVE_ALLOCA 1
| #define HAVE_WINT_T 1
| #define HAVE_BTOWC 1
| #define HAVE_MBRTOWC 1
| #define HAVE_MBSINIT 1
| #define HAVE_FCHDIR 1
| #define HAVE_FCNTL 1
| #define HAVE_SYMLINK 1
| #define HAVE_FDOPENDIR 1
| #define HAVE_FNMATCH 1
| #define HAVE_MBSRTOWCS 1
| #define HAVE_FSTATAT 1
| #define HAVE_GETDTABLESIZE 1
| #define HAVE_GETTIMEOFDAY 1
| #define HAVE_ISBLANK 1
| #define HAVE_ISWCNTRL 1
| #define HAVE_LSTAT 1
| #define HAVE_MPROTECT 1
| #define HAVE_MKSTEMP 1
| #define HAVE_OPENAT 1
| #define HAVE_PCLOSE 1
| #define HAVE_POPEN 1
| #define HAVE_READLINK 1
| #define HAVE_ISWCTYPE 1
| #define HAVE_SETENV 1
| #define HAVE_SIGACTION 1
| #define HAVE_SIGALTSTACK 1
| #define HAVE_SIGINTERRUPT 1
| #define HAVE_SETRLIMIT 1
| #define HAVE_GETRLIMIT 1
| #define HAVE___XPG_STRERROR_R 1
| #define HAVE_STRPTIME 1
| #define HAVE_STRTOIMAX 1
| #define HAVE_LOCALTIME_R 1
| #define HAVE_WCRTOMB 1
| #define HAVE_WCWIDTH 1
| #define HAVE_PIPE 1
| #define HAVE_PSELECT 1
| #define HAVE_PTHREAD_SIGMASK 1
| #define HAVE_SLEEP 1
| #define HAVE_SNPRINTF 1
| #define HAVE_SHUTDOWN 1
| #define HAVE_UNLINKAT 1
| #define HAVE_WCTOB 1
| #define HAVE_SIGPROCMASK 1
| #define HAVE_FORK 1
| #define HAVE_VFORK 1
| #define HAVE_LANGINFO_CODESET 1
| #define BITSIZEOF_WCHAR_T 32
| #define HAVE_MBSTATE_T 1
| #define HAVE_WORKING_MBRTOC32 1
| #define HAVE_WORKING_C32RTOMB 1
| #define HAVE_MALLOC_PTRDIFF 1
| #define HAVE_MALLOC_POSIX 1
| #define restrict __restrict__
| #define HAVE_ENVIRON_DECL 1
| #define HAVE_ERROR 1
| #define HAVE_DECL_STRERROR_R 1
| #define HAVE_STRERROR_R 1
| #define STRERROR_R_CHAR_P 1
| #define HAVE_DECL_FCHDIR 1
| #define HAVE_WORKING_O_NOATIME 1
| #define HAVE_WORKING_O_NOFOLLOW 1
| #define HAVE_MEMPCPY 1
| #define FUNC_FFLUSH_STDIN 0
| #define LSTAT_FOLLOWS_SLASHED_SYMLINK 1
| #define HAVE_DECL_GETDTABLESIZE 1
| #define HAVE_GETOPT_H 1
| #define HAVE_GETOPT_LONG_ONLY 1
| #define HAVE_PTHREAD_API 1
| #define SETLOCALE_NULL_ALL_MTSAFE 1
| #define SETLOCALE_NULL_ONE_MTSAFE 1
| #ifndef __x86_64__
| #define __x86_64__ 1
| #endif
| #ifndef __x86_64__
| #define __x86_64__ 1
| #endif
| #define HAVE_LONG_LONG_INT 1
| #define HAVE_UNSIGNED_LONG_LONG_INT 1
| #define HAVE_TOWLOWER 1
| #define HAVE_LC_MESSAGES 1
| #define HAVE_WEAK_SYMBOLS 1
| #define USE_POSIX_THREADS 1
| #define USE_POSIX_THREADS_FROM_LIBC 1
| #define HAVE_MALLOC_0_NONNULL 1
| #define HAVE_MAP_ANONYMOUS 1
| #define HAVE_DECL_MEMRCHR 1
| #define HAVE_MINMAX_IN_SYS_PARAM_H 1
| #define TIME_T_IS_SIGNED 1
| #define HAVE_DECL_ALARM 1
| #define HAVE_STRUCT_TM_TM_GMTOFF 1
| #define HAVE_STRUCT_TM_TM_ZONE 1
| #define HAVE_TM_GMTOFF 1
| #define PROMOTED_MODE_T mode_t
| #define HAVE_PTHREAD_T 1
| #define HAVE_PTHREAD_SPINLOCK_T 1
| #define HAVE_SIGSET_T 1
| #define HAVE_SCHED_H 1
| #define HAVE_DECL_SETENV 1
| #define HAVE_DECL__PUTENV 0
| #define HAVE_SEARCH_H 1
| #define HAVE_TSEARCH 1
| #define HAVE_DECL_FCLOSEALL 1
| #define HAVE_DECL_GETW 1
| #define HAVE_DECL_PUTW 1
| #define HAVE_DECL_ECVT 1
| #define HAVE_DECL_FCVT 1
| #define HAVE_DECL_GCVT 1
| #define HAVE_DECL_STRDUP 1
| #define HAVE_STRERROR_R 1
| #define HAVE_DECL_STRNLEN 1
| #define HAVE_DECL_STRTOIMAX 1
| #define _USE_STD_STAT 1
| #define HAVE_DECL_EXECVPE 1
| #define HAVE_DECL_CLEARERR_UNLOCKED 1
| #define HAVE_DECL_FEOF_UNLOCKED 1
| #define HAVE_DECL_FERROR_UNLOCKED 1
| #define HAVE_DECL_FFLUSH_UNLOCKED 1
| #define HAVE_DECL_FGETS_UNLOCKED 1
| #define HAVE_DECL_FPUTC_UNLOCKED 1
| #define HAVE_DECL_FPUTS_UNLOCKED 1
| #define HAVE_DECL_FREAD_UNLOCKED 1
| #define HAVE_DECL_FWRITE_UNLOCKED 1
| #define HAVE_DECL_GETC_UNLOCKED 1
| #define HAVE_DECL_GETCHAR_UNLOCKED 1
| #define HAVE_DECL_PUTC_UNLOCKED 1
| #define HAVE_DECL_PUTCHAR_UNLOCKED 1
| #define HAVE_DECL_UNSETENV 1
| #define HAVE_DECL_WCSDUP 1
| #define HAVE_SHUTDOWN 1
| #define HAVE_STRUCT_SOCKADDR_STORAGE 1
| #define HAVE_SA_FAMILY_T 1
| #define HAVE_STRUCT_SOCKADDR_STORAGE_SS_FAMILY 1
| #define HAVE_IPV4 1
| #define HAVE_IPV6 1
| #define DBL_EXPBIT0_WORD 1
| #define DBL_EXPBIT0_BIT 20
| #define FLT_EXPBIT0_WORD 0
| #define FLT_EXPBIT0_BIT 23
| #define LDBL_EXPBIT0_WORD 2
| #define LDBL_EXPBIT0_BIT 0
| #define HAVE_DECL_INITSTATE 1
| #define HAVE_DECL_SETSTATE 1
| #define HAVE_DECL_SNPRINTF 1
| #define HAVE_INTTYPES_H_WITH_UINTMAX 1
| #define HAVE_STDINT_H_WITH_UINTMAX 1
| #define HAVE_INTMAX_T 1
| #define HAVE_WCSLEN 1
| #define HAVE_SNPRINTF 1
| #define HAVE_STRNLEN 1
| #define HAVE_WCRTOMB 1
| #define HAVE_DECL__SNPRINTF 0
| #define HAVE_SNPRINTF_RETVAL_C99 1
| #define HAVE_SNPRINTF_TRUNCATION_C99 1
| #define HAVE_ALLOCA 1
| #define GNULIB_TEST_BTOC32 1
| #define GNULIB_TEST_BTOWC 1
| #define HAVE___BUILTIN_EXPECT 1
| #define GNULIB_TEST_C32_APPLY_TYPE_TEST 1
| #define GNULIB_TEST_C32_GET_TYPE_TEST 1
| #define GNULIB_TEST_C32ISALNUM 1
| #define GNULIB_TEST_C32ISALPHA 1
| #define GNULIB_TEST_C32ISBLANK 1
| #define GNULIB_TEST_C32ISCNTRL 1
| #define GNULIB_TEST_C32ISDIGIT 1
| #define GNULIB_TEST_C32ISGRAPH 1
| #define GNULIB_TEST_C32ISLOWER 1
| #define GNULIB_TEST_C32ISPRINT 1
| #define GNULIB_TEST_C32ISPUNCT 1
| #define GNULIB_TEST_C32ISSPACE 1
| #define GNULIB_TEST_C32ISUPPER 1
| #define GNULIB_TEST_C32ISXDIGIT 1
| #define GNULIB_TEST_C32TOLOWER 1
| #define GNULIB_TEST_C32WIDTH 1
| #define GNULIB_TEST_CALLOC_GNU 1
| #define GNULIB_TEST_CALLOC_POSIX 1
| #define HAVE_READLINKAT 1
| #define GNULIB_TEST_CHDIR 1
| #define HAVE_CLOCK_GETRES 1
| #define HAVE_CLOCK_GETTIME 1
| #define HAVE_CLOCK_SETTIME 1
| #define GNULIB_TEST_CLOEXEC 1
| #define GNULIB_TEST_CLOSE 1
| #define GNULIB_CLOSE 1
| #define HAVE_CLOSEDIR 1
| #define GNULIB_TEST_CLOSEDIR 1
| #define HAVE_STRUCT_DIRENT_D_TYPE 1
| #define HAVE_DIRFD 1
| #define HAVE_DECL_DIRFD 1
| #define GNULIB_TEST_DIRFD 1
| #define GNULIB_DIRNAME 1
| #define GNULIB_TEST_DUP 1
| #define GNULIB_TEST_DUP2 1
| #define GNULIB_TEST_ENVIRON 1
| #define GNULIB_TEST_FCHDIR 1
| #define GNULIB_TEST_FCNTL 1
| #define HAVE_DECL_FDOPENDIR 1
| #define GNULIB_TEST_FDOPENDIR 1
| #define GNULIB_FDOPENDIR 1
| #define HAVE_STRUCT_STAT_ST_BLOCKS 1
| #define HAVE_ST_BLOCKS 1
| #define GNULIB_FILENAMECAT 1
| #define HAVE_MEMPCPY 1
| #define FLEXIBLE_ARRAY_MEMBER /**/
| #define GNULIB_TEST_FNMATCH 1
| #define GNULIB_FNMATCH_GNU 1
| #define GNULIB_TEST_FOPEN 1
| #define GNULIB_FOPEN_GNU 1
| #define GNULIB_TEST_FOPEN_GNU 1
| #define HAVE_FREE_POSIX 1
| #define GNULIB_TEST_FREE_POSIX 1
| #define GNULIB_TEST_FREOPEN 1
| #define GNULIB_TEST_FSTAT 1
| #define GNULIB_FSTAT 1
| #define GNULIB_TEST_FSTATAT 1
| #define GNULIB_FSTATAT 1
| #define GNULIB_TEST_GETCWD 1
| #define GNULIB_TEST_GETDTABLESIZE 1
| #define GNULIB_TEST_GETOPT_POSIX 1
| #define GNULIB_TEST_GETPAGESIZE 1
| #define HAVE_DECL_PROGRAM_INVOCATION_NAME 1
| #define HAVE_DECL_PROGRAM_INVOCATION_NAME 1
| #define HAVE_DECL_PROGRAM_INVOCATION_SHORT_NAME 1
| #define HAVE_DECL___ARGV 0
| #define GNULIB_TEST_GETPROGNAME 1
| #define HAVE_GETRANDOM 1
| #define GNULIB_TEST_GETRANDOM 1
| #define HAVE_TIMESPEC_GET 1
| #define GETTIMEOFDAY_TIMEZONE void
| #define GNULIB_TEST_GETTIMEOFDAY 1
| #define GNULIB_LOCALEDIR "/usr/local/share/locale"
| #define HAVE_INLINE 1
| #define GNULIB_ISBLANK 1
| #define HAVE_ISWBLANK 1
| #define HAVE_DECL_ISWBLANK 1
| #define GNULIB_TEST_ISWBLANK 1
| #define GNULIB_TEST_ISWCTYPE 1
| #define GNULIB_TEST_ISWDIGIT 1
| #define GNULIB_TEST_ISWPUNCT 1
| #define GNULIB_TEST_ISWXDIGIT 1
| #define HAVE___INLINE 1
| #define GNULIB_TEST_LOCALECONV 1
| #define GNULIB_LOCALECONV 1
| #define HAVE_PTHREAD_RWLOCK 1
| #define HAVE_PTHREAD_MUTEX_RECURSIVE 1
| #define GNULIB_LOCK 1
| #define GNULIB_TEST_LSTAT 1
| #define GNULIB_LSTAT 1
| #define GNULIB_TEST_MALLOC_GNU 1
| #define GNULIB_TEST_MALLOC_POSIX 1
| #define MBRTOC32_IN_C_LOCALE_MAYBE_EILSEQ 1
| #define GNULIB_TEST_MBRTOC32 1
| #define MBRTOWC_IN_C_LOCALE_MAYBE_EILSEQ 1
| #define GNULIB_TEST_MBRTOWC 1
| #define GNULIB_TEST_MBSCASECMP 1
| #define GNULIB_TEST_MBSINIT 1
| #define GNULIB_TEST_MBSRTOC32S 1
| #define GNULIB_TEST_MBSRTOWCS 1
| #define GNULIB_TEST_MBSZERO 1
| #define HAVE_MBTOWC 1
| #define GNULIB_TEST_MBTOWC 1
| #define GNULIB_MCEL_PREFER 1
| #define GNULIB_TEST_MEMCHR 1
| #define HAVE_MEMPCPY 1
| #define GNULIB_TEST_MEMPCPY 1
| #define HAVE_MEMRCHR 1
| #define GNULIB_TEST_MEMRCHR 1
| #define GNULIB_TEST_MKDIR 1
| #define GNULIB_TEST_MKSTEMP 1
| #define GNULIB_TEST_MKTIME 1
| #define NEED_MKTIME_INTERNAL 1
| #define GNULIB_MSVC_NOTHROW 1
| #define HAVE_NL_LANGINFO 1
| #define FUNC_NL_LANGINFO_YESEXPR_WORKS 1
| #define NL_LANGINFO_MTSAFE 1
| #define REPLACE_NL_LANGINFO 1
| #define GNULIB_TEST_NL_LANGINFO 1
| /* end confdefs.h.  */
| int *p = nullptr;
configure:42037: result: no
configure:42071: checking whether open recognizes a trailing slash
configure:42116: gcc -o conftest -g -O2   conftest.c  >&5
configure:42116: $? = 0
configure:42116: ./conftest
configure:42116: $? = 0
configure:42132: result: yes
configure:42274: checking for opendir
configure:42274: gcc -o conftest -g -O2   conftest.c  >&5
configure:42274: $? = 0
configure:42274: result: yes
configure:42386: checking for Perl 5.005 or newer
configure:42414: result: perl
configure:42444: checking whether popen works with closed stdin
configure:42489: gcc -o conftest -g -O2   conftest.c  >&5
configure:42489: $? = 0
configure:42489: ./conftest
configure:42489: $? = 0
configure:42506: result: yes
configure:42554: checking whether program_invocation_name is declared
configure:42554: result: yes
configure:42565: checking whether program_invocation_short_name is declared
configure:42565: result: yes
configure:42586: checking for PTHREAD_CREATE_DETACHED
configure:42605: gcc -c -g -O2  conftest.c >&5
configure:42605: $? = 0
configure:42616: result: yes
configure:42622: checking for PTHREAD_MUTEX_RECURSIVE
configure:42641: gcc -c -g -O2  conftest.c >&5
configure:42641: $? = 0
configure:42652: result: yes
configure:42658: checking for PTHREAD_MUTEX_ROBUST
configure:42677: gcc -c -g -O2  conftest.c >&5
configure:42677: $? = 0
configure:42688: result: yes
configure:42694: checking for PTHREAD_PROCESS_SHARED
configure:42713: gcc -c -g -O2  conftest.c >&5
configure:42713: $? = 0
configure:42724: result: yes
configure:42756: checking whether pthread_once works
configure:42769: result: yes
configure:42821: checking for raise
configure:42821: gcc -o conftest -g -O2   conftest.c  >&5
configure:42821: $? = 0
configure:42821: result: yes
configure:42843: checking for sigprocmask
configure:42843: result: yes
configure:42899: checking for rawmemchr
configure:42899: gcc -o conftest -g -O2   conftest.c  >&5
configure:42899: $? = 0
configure:42899: result: yes
configure:42956: checking for readdir
configure:42956: gcc -o conftest -g -O2   conftest.c  >&5
configure:42956: $? = 0
configure:42956: result: yes
configure:43012: checking whether readlink signature is correct
configure:43034: gcc -c -g -O2  conftest.c >&5
configure:43034: $? = 0
configure:43044: result: yes
configure:43047: checking whether readlink handles trailing slash correctly
configure:43089: gcc -o conftest -g -O2   conftest.c  >&5
configure:43089: $? = 0
configure:43089: ./conftest
configure:43089: $? = 0
configure:43104: result: yes
configure:43120: checking whether readlink truncates results correctly
configure:43161: gcc -o conftest -g -O2   conftest.c  >&5
configure:43161: $? = 0
configure:43161: ./conftest
configure:43161: $? = 0
configure:43176: result: yes
configure:43244: checking for readlinkat
configure:43297: result: yes
configure:43318: checking whether readlinkat signature is correct
configure:43339: gcc -c -g -O2  conftest.c >&5
configure:43339: $? = 0
configure:43350: result: yes
configure:43418: checking whether realloc (..., 0) returns nonnull
configure:43456: gcc -o conftest -g -O2   conftest.c  >&5
configure:43456: $? = 0
configure:43456: ./conftest
configure:43456: $? = 1
configure: program exited with status 1
configure: failed program was:
| /* confdefs.h */
| #define PACKAGE_NAME "GNU diffutils"
| #define PACKAGE_TARNAME "diffutils"
| #define PACKAGE_VERSION "3.12"
| #define PACKAGE_STRING "GNU diffutils 3.12"
| #define PACKAGE_BUGREPORT "bug-diffutils@gnu.org"
| #define PACKAGE_URL "https://www.gnu.org/software/diffutils/"
| #define PACKAGE "diffutils"
| #define VERSION "3.12"
| #define HAVE_STDIO_H 1
| #define HAVE_STDLIB_H 1
| #define HAVE_STRING_H 1
| #define HAVE_INTTYPES_H 1
| #define HAVE_STDINT_H 1
| #define HAVE_STRINGS_H 1
| #define HAVE_SYS_STAT_H 1
| #define HAVE_SYS_TYPES_H 1
| #define HAVE_UNISTD_H 1
| #define HAVE_WCHAR_H 1
| #define HAVE_STDBOOL_H 1
| #define HAVE_UCHAR_H 1
| #define HAVE_SYS_PARAM_H 1
| #define HAVE_SYS_SOCKET_H 1
| #define HAVE_DIRENT_H 1
| #define HAVE_ERROR_H 1
| #define HAVE_FNMATCH_H 1
| #define HAVE_GETOPT_H 1
| #define HAVE_SYS_TIME_H 1
| #define HAVE_THREADS_H 1
| #define HAVE_LIMITS_H 1
| #define HAVE_WCTYPE_H 1
| #define HAVE_LANGINFO_H 1
| #define HAVE_SYS_MMAN_H 1
| #define HAVE_PTHREAD_H 1
| #define HAVE_MALLOC_H 1
| #define HAVE_STDBIT_H 1
| #define HAVE_SYS_RANDOM_H 1
| #define HAVE_SYS_WAIT_H 1
| #define HAVE_FEATURES_H 1
| #define HAVE_ARPA_INET_H 1
| #define HAVE_NETDB_H 1
| #define HAVE_NETINET_IN_H 1
| #define HAVE_MATH_H 1
| #define HAVE_SYS_SELECT_H 1
| #define HAVE_SEMAPHORE_H 1
| #define HAVE_SYS_IOCTL_H 1
| #define HAVE_SYS_UN_H 1
| #define HAVE_SYS_UIO_H 1
| #define STDC_HEADERS 1
| #define _ALL_SOURCE 1
| #define _COSMO_SOURCE 1
| #define _DARWIN_C_SOURCE 1
| #define _GNU_SOURCE 1
| #define _HPUX_ALT_XOPEN_SOCKET_API 1
| #define _NETBSD_SOURCE 1
| #define _OPENBSD_SOURCE 1
| #define _POSIX_PTHREAD_SEMANTICS 1
| #define __STDC_WANT_IEC_60559_ATTRIBS_EXT__ 1
| #define __STDC_WANT_IEC_60559_BFP_EXT__ 1
| #define __STDC_WANT_IEC_60559_DFP_EXT__ 1
| #define __STDC_WANT_IEC_60559_EXT__ 1
| #define __STDC_WANT_IEC_60559_FUNCS_EXT__ 1
| #define __STDC_WANT_IEC_60559_TYPES_EXT__ 1
| #define __STDC_WANT_LIB_EXT2__ 1
| #define __STDC_WANT_MATH_SPEC_FUNCS__ 1
| #define _TANDEM_SOURCE 1
| #define __EXTENSIONS__ 1
| #define _LINUX_SOURCE_COMPAT 1
| #define __USE_MINGW_ANSI_STDIO 1
| #define HAVE_ALLOCA_H 1
| #define HAVE_ALLOCA 1
| #define HAVE_WINT_T 1
| #define HAVE_BTOWC 1
| #define HAVE_MBRTOWC 1
| #define HAVE_MBSINIT 1
| #define HAVE_FCHDIR 1
| #define HAVE_FCNTL 1
| #define HAVE_SYMLINK 1
| #define HAVE_FDOPENDIR 1
| #define HAVE_FNMATCH 1
| #define HAVE_MBSRTOWCS 1
| #define HAVE_FSTATAT 1
| #define HAVE_GETDTABLESIZE 1
| #define HAVE_GETTIMEOFDAY 1
| #define HAVE_ISBLANK 1
| #define HAVE_ISWCNTRL 1
| #define HAVE_LSTAT 1
| #define HAVE_MPROTECT 1
| #define HAVE_MKSTEMP 1
| #define HAVE_OPENAT 1
| #define HAVE_PCLOSE 1
| #define HAVE_POPEN 1
| #define HAVE_READLINK 1
| #define HAVE_ISWCTYPE 1
| #define HAVE_SETENV 1
| #define HAVE_SIGACTION 1
| #define HAVE_SIGALTSTACK 1
| #define HAVE_SIGINTERRUPT 1
| #define HAVE_SETRLIMIT 1
| #define HAVE_GETRLIMIT 1
| #define HAVE___XPG_STRERROR_R 1
| #define HAVE_STRPTIME 1
| #define HAVE_STRTOIMAX 1
| #define HAVE_LOCALTIME_R 1
| #define HAVE_WCRTOMB 1
| #define HAVE_WCWIDTH 1
| #define HAVE_PIPE 1
| #define HAVE_PSELECT 1
| #define HAVE_PTHREAD_SIGMASK 1
| #define HAVE_SLEEP 1
| #define HAVE_SNPRINTF 1
| #define HAVE_SHUTDOWN 1
| #define HAVE_UNLINKAT 1
| #define HAVE_WCTOB 1
| #define HAVE_SIGPROCMASK 1
| #define HAVE_FORK 1
| #define HAVE_VFORK 1
| #define HAVE_LANGINFO_CODESET 1
| #define BITSIZEOF_WCHAR_T 32
| #define HAVE_MBSTATE_T 1
| #define HAVE_WORKING_MBRTOC32 1
| #define HAVE_WORKING_C32RTOMB 1
| #define HAVE_MALLOC_PTRDIFF 1
| #define HAVE_MALLOC_POSIX 1
| #define restrict __restrict__
| #define HAVE_ENVIRON_DECL 1
| #define HAVE_ERROR 1
| #define HAVE_DECL_STRERROR_R 1
| #define HAVE_STRERROR_R 1
| #define STRERROR_R_CHAR_P 1
| #define HAVE_DECL_FCHDIR 1
| #define HAVE_WORKING_O_NOATIME 1
| #define HAVE_WORKING_O_NOFOLLOW 1
| #define HAVE_MEMPCPY 1
| #define FUNC_FFLUSH_STDIN 0
| #define LSTAT_FOLLOWS_SLASHED_SYMLINK 1
| #define HAVE_DECL_GETDTABLESIZE 1
| #define HAVE_GETOPT_H 1
| #define HAVE_GETOPT_LONG_ONLY 1
| #define HAVE_PTHREAD_API 1
| #define SETLOCALE_NULL_ALL_MTSAFE 1
| #define SETLOCALE_NULL_ONE_MTSAFE 1
| #ifndef __x86_64__
| #define __x86_64__ 1
| #endif
| #ifndef __x86_64__
| #define __x86_64__ 1
| #endif
| #define HAVE_LONG_LONG_INT 1
| #define HAVE_UNSIGNED_LONG_LONG_INT 1
| #define HAVE_TOWLOWER 1
| #define HAVE_LC_MESSAGES 1
| #define HAVE_WEAK_SYMBOLS 1
| #define USE_POSIX_THREADS 1
| #define USE_POSIX_THREADS_FROM_LIBC 1
| #define HAVE_MALLOC_0_NONNULL 1
| #define HAVE_MAP_ANONYMOUS 1
| #define HAVE_DECL_MEMRCHR 1
| #define HAVE_MINMAX_IN_SYS_PARAM_H 1
| #define TIME_T_IS_SIGNED 1
| #define HAVE_DECL_ALARM 1
| #define HAVE_STRUCT_TM_TM_GMTOFF 1
| #define HAVE_STRUCT_TM_TM_ZONE 1
| #define HAVE_TM_GMTOFF 1
| #define PROMOTED_MODE_T mode_t
| #define HAVE_PTHREAD_T 1
| #define HAVE_PTHREAD_SPINLOCK_T 1
| #define HAVE_SIGSET_T 1
| #define HAVE_SCHED_H 1
| #define HAVE_DECL_SETENV 1
| #define HAVE_DECL__PUTENV 0
| #define HAVE_SEARCH_H 1
| #define HAVE_TSEARCH 1
| #define HAVE_DECL_FCLOSEALL 1
| #define HAVE_DECL_GETW 1
| #define HAVE_DECL_PUTW 1
| #define HAVE_DECL_ECVT 1
| #define HAVE_DECL_FCVT 1
| #define HAVE_DECL_GCVT 1
| #define HAVE_DECL_STRDUP 1
| #define HAVE_STRERROR_R 1
| #define HAVE_DECL_STRNLEN 1
| #define HAVE_DECL_STRTOIMAX 1
| #define _USE_STD_STAT 1
| #define HAVE_DECL_EXECVPE 1
| #define HAVE_DECL_CLEARERR_UNLOCKED 1
| #define HAVE_DECL_FEOF_UNLOCKED 1
| #define HAVE_DECL_FERROR_UNLOCKED 1
| #define HAVE_DECL_FFLUSH_UNLOCKED 1
| #define HAVE_DECL_FGETS_UNLOCKED 1
| #define HAVE_DECL_FPUTC_UNLOCKED 1
| #define HAVE_DECL_FPUTS_UNLOCKED 1
| #define HAVE_DECL_FREAD_UNLOCKED 1
| #define HAVE_DECL_FWRITE_UNLOCKED 1
| #define HAVE_DECL_GETC_UNLOCKED 1
| #define HAVE_DECL_GETCHAR_UNLOCKED 1
| #define HAVE_DECL_PUTC_UNLOCKED 1
| #define HAVE_DECL_PUTCHAR_UNLOCKED 1
| #define HAVE_DECL_UNSETENV 1
| #define HAVE_DECL_WCSDUP 1
| #define HAVE_SHUTDOWN 1
| #define HAVE_STRUCT_SOCKADDR_STORAGE 1
| #define HAVE_SA_FAMILY_T 1
| #define HAVE_STRUCT_SOCKADDR_STORAGE_SS_FAMILY 1
| #define HAVE_IPV4 1
| #define HAVE_IPV6 1
| #define DBL_EXPBIT0_WORD 1
| #define DBL_EXPBIT0_BIT 20
| #define FLT_EXPBIT0_WORD 0
| #define FLT_EXPBIT0_BIT 23
| #define LDBL_EXPBIT0_WORD 2
| #define LDBL_EXPBIT0_BIT 0
| #define HAVE_DECL_INITSTATE 1
| #define HAVE_DECL_SETSTATE 1
| #define HAVE_DECL_SNPRINTF 1
| #define HAVE_INTTYPES_H_WITH_UINTMAX 1
| #define HAVE_STDINT_H_WITH_UINTMAX 1
| #define HAVE_INTMAX_T 1
| #define HAVE_WCSLEN 1
| #define HAVE_SNPRINTF 1
| #define HAVE_STRNLEN 1
| #define HAVE_WCRTOMB 1
| #define HAVE_DECL__SNPRINTF 0
| #define HAVE_SNPRINTF_RETVAL_C99 1
| #define HAVE_SNPRINTF_TRUNCATION_C99 1
| #define HAVE_ALLOCA 1
| #define GNULIB_TEST_BTOC32 1
| #define GNULIB_TEST_BTOWC 1
| #define HAVE___BUILTIN_EXPECT 1
| #define GNULIB_TEST_C32_APPLY_TYPE_TEST 1
| #define GNULIB_TEST_C32_GET_TYPE_TEST 1
| #define GNULIB_TEST_C32ISALNUM 1
| #define GNULIB_TEST_C32ISALPHA 1
| #define GNULIB_TEST_C32ISBLANK 1
| #define GNULIB_TEST_C32ISCNTRL 1
| #define GNULIB_TEST_C32ISDIGIT 1
| #define GNULIB_TEST_C32ISGRAPH 1
| #define GNULIB_TEST_C32ISLOWER 1
| #define GNULIB_TEST_C32ISPRINT 1
| #define GNULIB_TEST_C32ISPUNCT 1
| #define GNULIB_TEST_C32ISSPACE 1
| #define GNULIB_TEST_C32ISUPPER 1
| #define GNULIB_TEST_C32ISXDIGIT 1
| #define GNULIB_TEST_C32TOLOWER 1
| #define GNULIB_TEST_C32WIDTH 1
| #define GNULIB_TEST_CALLOC_GNU 1
| #define GNULIB_TEST_CALLOC_POSIX 1
| #define HAVE_READLINKAT 1
| #define GNULIB_TEST_CHDIR 1
| #define HAVE_CLOCK_GETRES 1
| #define HAVE_CLOCK_GETTIME 1
| #define HAVE_CLOCK_SETTIME 1
| #define GNULIB_TEST_CLOEXEC 1
| #define GNULIB_TEST_CLOSE 1
| #define GNULIB_CLOSE 1
| #define HAVE_CLOSEDIR 1
| #define GNULIB_TEST_CLOSEDIR 1
| #define HAVE_STRUCT_DIRENT_D_TYPE 1
| #define HAVE_DIRFD 1
| #define HAVE_DECL_DIRFD 1
| #define GNULIB_TEST_DIRFD 1
| #define GNULIB_DIRNAME 1
| #define GNULIB_TEST_DUP 1
| #define GNULIB_TEST_DUP2 1
| #define GNULIB_TEST_ENVIRON 1
| #define GNULIB_TEST_FCHDIR 1
| #define GNULIB_TEST_FCNTL 1
| #define HAVE_DECL_FDOPENDIR 1
| #define GNULIB_TEST_FDOPENDIR 1
| #define GNULIB_FDOPENDIR 1
| #define HAVE_STRUCT_STAT_ST_BLOCKS 1
| #define HAVE_ST_BLOCKS 1
| #define GNULIB_FILENAMECAT 1
| #define HAVE_MEMPCPY 1
| #define FLEXIBLE_ARRAY_MEMBER /**/
| #define GNULIB_TEST_FNMATCH 1
| #define GNULIB_FNMATCH_GNU 1
| #define GNULIB_TEST_FOPEN 1
| #define GNULIB_FOPEN_GNU 1
| #define GNULIB_TEST_FOPEN_GNU 1
| #define HAVE_FREE_POSIX 1
| #define GNULIB_TEST_FREE_POSIX 1
| #define GNULIB_TEST_FREOPEN 1
| #define GNULIB_TEST_FSTAT 1
| #define GNULIB_FSTAT 1
| #define GNULIB_TEST_FSTATAT 1
| #define GNULIB_FSTATAT 1
| #define GNULIB_TEST_GETCWD 1
| #define GNULIB_TEST_GETDTABLESIZE 1
| #define GNULIB_TEST_GETOPT_POSIX 1
| #define GNULIB_TEST_GETPAGESIZE 1
| #define HAVE_DECL_PROGRAM_INVOCATION_NAME 1
| #define HAVE_DECL_PROGRAM_INVOCATION_NAME 1
| #define HAVE_DECL_PROGRAM_INVOCATION_SHORT_NAME 1
| #define HAVE_DECL___ARGV 0
| #define GNULIB_TEST_GETPROGNAME 1
| #define HAVE_GETRANDOM 1
| #define GNULIB_TEST_GETRANDOM 1
| #define HAVE_TIMESPEC_GET 1
| #define GETTIMEOFDAY_TIMEZONE void
| #define GNULIB_TEST_GETTIMEOFDAY 1
| #define GNULIB_LOCALEDIR "/usr/local/share/locale"
| #define HAVE_INLINE 1
| #define GNULIB_ISBLANK 1
| #define HAVE_ISWBLANK 1
| #define HAVE_DECL_ISWBLANK 1
| #define GNULIB_TEST_ISWBLANK 1
| #define GNULIB_TEST_ISWCTYPE 1
| #define GNULIB_TEST_ISWDIGIT 1
| #define GNULIB_TEST_ISWPUNCT 1
| #define GNULIB_TEST_ISWXDIGIT 1
| #define HAVE___INLINE 1
| #define GNULIB_TEST_LOCALECONV 1
| #define GNULIB_LOCALECONV 1
| #define HAVE_PTHREAD_RWLOCK 1
| #define HAVE_PTHREAD_MUTEX_RECURSIVE 1
| #define GNULIB_LOCK 1
| #define GNULIB_TEST_LSTAT 1
| #define GNULIB_LSTAT 1
| #define GNULIB_TEST_MALLOC_GNU 1
| #define GNULIB_TEST_MALLOC_POSIX 1
| #define MBRTOC32_IN_C_LOCALE_MAYBE_EILSEQ 1
| #define GNULIB_TEST_MBRTOC32 1
| #define MBRTOWC_IN_C_LOCALE_MAYBE_EILSEQ 1
| #define GNULIB_TEST_MBRTOWC 1
| #define GNULIB_TEST_MBSCASECMP 1
| #define GNULIB_TEST_MBSINIT 1
| #define GNULIB_TEST_MBSRTOC32S 1
| #define GNULIB_TEST_MBSRTOWCS 1
| #define GNULIB_TEST_MBSZERO 1
| #define HAVE_MBTOWC 1
| #define GNULIB_TEST_MBTOWC 1
| #define GNULIB_MCEL_PREFER 1
| #define GNULIB_TEST_MEMCHR 1
| #define HAVE_MEMPCPY 1
| #define GNULIB_TEST_MEMPCPY 1
| #define HAVE_MEMRCHR 1
| #define GNULIB_TEST_MEMRCHR 1
| #define GNULIB_TEST_MKDIR 1
| #define GNULIB_TEST_MKSTEMP 1
| #define GNULIB_TEST_MKTIME 1
| #define NEED_MKTIME_INTERNAL 1
| #define GNULIB_MSVC_NOTHROW 1
| #define HAVE_NL_LANGINFO 1
| #define FUNC_NL_LANGINFO_YESEXPR_WORKS 1
| #define NL_LANGINFO_MTSAFE 1
| #define REPLACE_NL_LANGINFO 1
| #define GNULIB_TEST_NL_LANGINFO 1
| #define GNULIB_TEST_OPEN 1
| #define GNULIB_OPENAT 1
| #define GNULIB_TEST_OPENAT 1
| #define HAVE_OPENDIR 1
| #define GNULIB_TEST_OPENDIR 1
| #define GNULIB_TEST_PCLOSE 1
| #define GNULIB_TEST_POPEN 1
| #define HAVE_DECL_PROGRAM_INVOCATION_NAME 1
| #define HAVE_DECL_PROGRAM_INVOCATION_SHORT_NAME 1
| #define GNULIB_TEST_PTHREAD_ONCE 1
| #define HAVE_RAISE 1
| #define GNULIB_TEST_RAISE 1
| #define HAVE_RAWMEMCHR 1
| #define GNULIB_TEST_RAWMEMCHR 1
| #define HAVE_READDIR 1
| #define GNULIB_TEST_READDIR 1
| #define GNULIB_TEST_READLINK 1
| #define HAVE_READLINKAT 1
| #define GNULIB_TEST_READLINKAT 1
| /* end confdefs.h.  */
| #include <stdlib.h>
|             /* Use prealloc to test; "volatile" prevents the compiler
|                from optimizing the realloc call away.  */
|             void *(*volatile prealloc) (void *, size_t) = realloc;
| int
| main (void)
| {
| void *p = prealloc (0, 0);
|             int result = !p;
|             p = prealloc (p, 0);
|             result |= !p;
|             free (p);
|             return result;
|   ;
|   return 0;
| }
configure:43470: result: no
configure:43528: checking for reallocarray
configure:43565: checking for reallocarray
configure:43565: gcc -o conftest -g -O2   conftest.c  >&5
configure:43565: $? = 0
configure:43565: result: yes
configure:43581: result: yes
configure:43672: checking for working re_compile_pattern
configure:43990: gcc -o conftest -g -O2   conftest.c  >&5
configure:43990: $? = 0
configure:43990: ./conftest
configure:43990: $? = 0
configure:44005: result: yes
configure:44128: checking whether setenv validates arguments
configure:44176: gcc -o conftest -g -O2   conftest.c  >&5
configure:44176: $? = 0
configure:44176: ./conftest
configure:44176: $? = 0
configure:44190: result: yes
configure:44373: checking for struct sigaction.sa_sigaction
configure:44373: gcc -c -g -O2  conftest.c >&5
configure:44373: $? = 0
configure:44373: result: yes
configure:44461: checking for sigprocmask
configure:44461: result: yes
configure:44560: checking for stack direction
configure:44676: result: grows down
configure:44689: checking for stack_t
configure:44689: gcc -c -g -O2  conftest.c >&5
configure:44689: $? = 0
configure:44689: gcc -c -g -O2  conftest.c >&5
conftest.c: In function 'main':
conftest.c:389:22: error: expected expression before ')' token
  389 | if (sizeof ((stack_t)))
      |                      ^
configure:44689: $? = 1
configure: failed program was:
| /* confdefs.h */
| #define PACKAGE_NAME "GNU diffutils"
| #define PACKAGE_TARNAME "diffutils"
| #define PACKAGE_VERSION "3.12"
| #define PACKAGE_STRING "GNU diffutils 3.12"
| #define PACKAGE_BUGREPORT "bug-diffutils@gnu.org"
| #define PACKAGE_URL "https://www.gnu.org/software/diffutils/"
| #define PACKAGE "diffutils"
| #define VERSION "3.12"
| #define HAVE_STDIO_H 1
| #define HAVE_STDLIB_H 1
| #define HAVE_STRING_H 1
| #define HAVE_INTTYPES_H 1
| #define HAVE_STDINT_H 1
| #define HAVE_STRINGS_H 1
| #define HAVE_SYS_STAT_H 1
| #define HAVE_SYS_TYPES_H 1
| #define HAVE_UNISTD_H 1
| #define HAVE_WCHAR_H 1
| #define HAVE_STDBOOL_H 1
| #define HAVE_UCHAR_H 1
| #define HAVE_SYS_PARAM_H 1
| #define HAVE_SYS_SOCKET_H 1
| #define HAVE_DIRENT_H 1
| #define HAVE_ERROR_H 1
| #define HAVE_FNMATCH_H 1
| #define HAVE_GETOPT_H 1
| #define HAVE_SYS_TIME_H 1
| #define HAVE_THREADS_H 1
| #define HAVE_LIMITS_H 1
| #define HAVE_WCTYPE_H 1
| #define HAVE_LANGINFO_H 1
| #define HAVE_SYS_MMAN_H 1
| #define HAVE_PTHREAD_H 1
| #define HAVE_MALLOC_H 1
| #define HAVE_STDBIT_H 1
| #define HAVE_SYS_RANDOM_H 1
| #define HAVE_SYS_WAIT_H 1
| #define HAVE_FEATURES_H 1
| #define HAVE_ARPA_INET_H 1
| #define HAVE_NETDB_H 1
| #define HAVE_NETINET_IN_H 1
| #define HAVE_MATH_H 1
| #define HAVE_SYS_SELECT_H 1
| #define HAVE_SEMAPHORE_H 1
| #define HAVE_SYS_IOCTL_H 1
| #define HAVE_SYS_UN_H 1
| #define HAVE_SYS_UIO_H 1
| #define STDC_HEADERS 1
| #define _ALL_SOURCE 1
| #define _COSMO_SOURCE 1
| #define _DARWIN_C_SOURCE 1
| #define _GNU_SOURCE 1
| #define _HPUX_ALT_XOPEN_SOCKET_API 1
| #define _NETBSD_SOURCE 1
| #define _OPENBSD_SOURCE 1
| #define _POSIX_PTHREAD_SEMANTICS 1
| #define __STDC_WANT_IEC_60559_ATTRIBS_EXT__ 1
| #define __STDC_WANT_IEC_60559_BFP_EXT__ 1
| #define __STDC_WANT_IEC_60559_DFP_EXT__ 1
| #define __STDC_WANT_IEC_60559_EXT__ 1
| #define __STDC_WANT_IEC_60559_FUNCS_EXT__ 1
| #define __STDC_WANT_IEC_60559_TYPES_EXT__ 1
| #define __STDC_WANT_LIB_EXT2__ 1
| #define __STDC_WANT_MATH_SPEC_FUNCS__ 1
| #define _TANDEM_SOURCE 1
| #define __EXTENSIONS__ 1
| #define _LINUX_SOURCE_COMPAT 1
| #define __USE_MINGW_ANSI_STDIO 1
| #define HAVE_ALLOCA_H 1
| #define HAVE_ALLOCA 1
| #define HAVE_WINT_T 1
| #define HAVE_BTOWC 1
| #define HAVE_MBRTOWC 1
| #define HAVE_MBSINIT 1
| #define HAVE_FCHDIR 1
| #define HAVE_FCNTL 1
| #define HAVE_SYMLINK 1
| #define HAVE_FDOPENDIR 1
| #define HAVE_FNMATCH 1
| #define HAVE_MBSRTOWCS 1
| #define HAVE_FSTATAT 1
| #define HAVE_GETDTABLESIZE 1
| #define HAVE_GETTIMEOFDAY 1
| #define HAVE_ISBLANK 1
| #define HAVE_ISWCNTRL 1
| #define HAVE_LSTAT 1
| #define HAVE_MPROTECT 1
| #define HAVE_MKSTEMP 1
| #define HAVE_OPENAT 1
| #define HAVE_PCLOSE 1
| #define HAVE_POPEN 1
| #define HAVE_READLINK 1
| #define HAVE_ISWCTYPE 1
| #define HAVE_SETENV 1
| #define HAVE_SIGACTION 1
| #define HAVE_SIGALTSTACK 1
| #define HAVE_SIGINTERRUPT 1
| #define HAVE_SETRLIMIT 1
| #define HAVE_GETRLIMIT 1
| #define HAVE___XPG_STRERROR_R 1
| #define HAVE_STRPTIME 1
| #define HAVE_STRTOIMAX 1
| #define HAVE_LOCALTIME_R 1
| #define HAVE_WCRTOMB 1
| #define HAVE_WCWIDTH 1
| #define HAVE_PIPE 1
| #define HAVE_PSELECT 1
| #define HAVE_PTHREAD_SIGMASK 1
| #define HAVE_SLEEP 1
| #define HAVE_SNPRINTF 1
| #define HAVE_SHUTDOWN 1
| #define HAVE_UNLINKAT 1
| #define HAVE_WCTOB 1
| #define HAVE_SIGPROCMASK 1
| #define HAVE_FORK 1
| #define HAVE_VFORK 1
| #define HAVE_LANGINFO_CODESET 1
| #define BITSIZEOF_WCHAR_T 32
| #define HAVE_MBSTATE_T 1
| #define HAVE_WORKING_MBRTOC32 1
| #define HAVE_WORKING_C32RTOMB 1
| #define HAVE_MALLOC_PTRDIFF 1
| #define HAVE_MALLOC_POSIX 1
| #define restrict __restrict__
| #define HAVE_ENVIRON_DECL 1
| #define HAVE_ERROR 1
| #define HAVE_DECL_STRERROR_R 1
| #define HAVE_STRERROR_R 1
| #define STRERROR_R_CHAR_P 1
| #define HAVE_DECL_FCHDIR 1
| #define HAVE_WORKING_O_NOATIME 1
| #define HAVE_WORKING_O_NOFOLLOW 1
| #define HAVE_MEMPCPY 1
| #define FUNC_FFLUSH_STDIN 0
| #define LSTAT_FOLLOWS_SLASHED_SYMLINK 1
| #define HAVE_DECL_GETDTABLESIZE 1
| #define HAVE_GETOPT_H 1
| #define HAVE_GETOPT_LONG_ONLY 1
| #define HAVE_PTHREAD_API 1
| #define SETLOCALE_NULL_ALL_MTSAFE 1
| #define SETLOCALE_NULL_ONE_MTSAFE 1
| #ifndef __x86_64__
| #define __x86_64__ 1
| #endif
| #ifndef __x86_64__
| #define __x86_64__ 1
| #endif
| #define HAVE_LONG_LONG_INT 1
| #define HAVE_UNSIGNED_LONG_LONG_INT 1
| #define HAVE_TOWLOWER 1
| #define HAVE_LC_MESSAGES 1
| #define HAVE_WEAK_SYMBOLS 1
| #define USE_POSIX_THREADS 1
| #define USE_POSIX_THREADS_FROM_LIBC 1
| #define HAVE_MALLOC_0_NONNULL 1
| #define HAVE_MAP_ANONYMOUS 1
| #define HAVE_DECL_MEMRCHR 1
| #define HAVE_MINMAX_IN_SYS_PARAM_H 1
| #define TIME_T_IS_SIGNED 1
| #define HAVE_DECL_ALARM 1
| #define HAVE_STRUCT_TM_TM_GMTOFF 1
| #define HAVE_STRUCT_TM_TM_ZONE 1
| #define HAVE_TM_GMTOFF 1
| #define PROMOTED_MODE_T mode_t
| #define HAVE_PTHREAD_T 1
| #define HAVE_PTHREAD_SPINLOCK_T 1
| #define HAVE_SIGSET_T 1
| #define HAVE_SCHED_H 1
| #define HAVE_DECL_SETENV 1
| #define HAVE_DECL__PUTENV 0
| #define HAVE_SEARCH_H 1
| #define HAVE_TSEARCH 1
| #define HAVE_DECL_FCLOSEALL 1
| #define HAVE_DECL_GETW 1
| #define HAVE_DECL_PUTW 1
| #define HAVE_DECL_ECVT 1
| #define HAVE_DECL_FCVT 1
| #define HAVE_DECL_GCVT 1
| #define HAVE_DECL_STRDUP 1
| #define HAVE_STRERROR_R 1
| #define HAVE_DECL_STRNLEN 1
| #define HAVE_DECL_STRTOIMAX 1
| #define _USE_STD_STAT 1
| #define HAVE_DECL_EXECVPE 1
| #define HAVE_DECL_CLEARERR_UNLOCKED 1
| #define HAVE_DECL_FEOF_UNLOCKED 1
| #define HAVE_DECL_FERROR_UNLOCKED 1
| #define HAVE_DECL_FFLUSH_UNLOCKED 1
| #define HAVE_DECL_FGETS_UNLOCKED 1
| #define HAVE_DECL_FPUTC_UNLOCKED 1
| #define HAVE_DECL_FPUTS_UNLOCKED 1
| #define HAVE_DECL_FREAD_UNLOCKED 1
| #define HAVE_DECL_FWRITE_UNLOCKED 1
| #define HAVE_DECL_GETC_UNLOCKED 1
| #define HAVE_DECL_GETCHAR_UNLOCKED 1
| #define HAVE_DECL_PUTC_UNLOCKED 1
| #define HAVE_DECL_PUTCHAR_UNLOCKED 1
| #define HAVE_DECL_UNSETENV 1
| #define HAVE_DECL_WCSDUP 1
| #define HAVE_SHUTDOWN 1
| #define HAVE_STRUCT_SOCKADDR_STORAGE 1
| #define HAVE_SA_FAMILY_T 1
| #define HAVE_STRUCT_SOCKADDR_STORAGE_SS_FAMILY 1
| #define HAVE_IPV4 1
| #define HAVE_IPV6 1
| #define DBL_EXPBIT0_WORD 1
| #define DBL_EXPBIT0_BIT 20
| #define FLT_EXPBIT0_WORD 0
| #define FLT_EXPBIT0_BIT 23
| #define LDBL_EXPBIT0_WORD 2
| #define LDBL_EXPBIT0_BIT 0
| #define HAVE_DECL_INITSTATE 1
| #define HAVE_DECL_SETSTATE 1
| #define HAVE_DECL_SNPRINTF 1
| #define HAVE_INTTYPES_H_WITH_UINTMAX 1
| #define HAVE_STDINT_H_WITH_UINTMAX 1
| #define HAVE_INTMAX_T 1
| #define HAVE_WCSLEN 1
| #define HAVE_SNPRINTF 1
| #define HAVE_STRNLEN 1
| #define HAVE_WCRTOMB 1
| #define HAVE_DECL__SNPRINTF 0
| #define HAVE_SNPRINTF_RETVAL_C99 1
| #define HAVE_SNPRINTF_TRUNCATION_C99 1
| #define HAVE_ALLOCA 1
| #define GNULIB_TEST_BTOC32 1
| #define GNULIB_TEST_BTOWC 1
| #define HAVE___BUILTIN_EXPECT 1
| #define GNULIB_TEST_C32_APPLY_TYPE_TEST 1
| #define GNULIB_TEST_C32_GET_TYPE_TEST 1
| #define GNULIB_TEST_C32ISALNUM 1
| #define GNULIB_TEST_C32ISALPHA 1
| #define GNULIB_TEST_C32ISBLANK 1
| #define GNULIB_TEST_C32ISCNTRL 1
| #define GNULIB_TEST_C32ISDIGIT 1
| #define GNULIB_TEST_C32ISGRAPH 1
| #define GNULIB_TEST_C32ISLOWER 1
| #define GNULIB_TEST_C32ISPRINT 1
| #define GNULIB_TEST_C32ISPUNCT 1
| #define GNULIB_TEST_C32ISSPACE 1
| #define GNULIB_TEST_C32ISUPPER 1
| #define GNULIB_TEST_C32ISXDIGIT 1
| #define GNULIB_TEST_C32TOLOWER 1
| #define GNULIB_TEST_C32WIDTH 1
| #define GNULIB_TEST_CALLOC_GNU 1
| #define GNULIB_TEST_CALLOC_POSIX 1
| #define HAVE_READLINKAT 1
| #define GNULIB_TEST_CHDIR 1
| #define HAVE_CLOCK_GETRES 1
| #define HAVE_CLOCK_GETTIME 1
| #define HAVE_CLOCK_SETTIME 1
| #define GNULIB_TEST_CLOEXEC 1
| #define GNULIB_TEST_CLOSE 1
| #define GNULIB_CLOSE 1
| #define HAVE_CLOSEDIR 1
| #define GNULIB_TEST_CLOSEDIR 1
| #define HAVE_STRUCT_DIRENT_D_TYPE 1
| #define HAVE_DIRFD 1
| #define HAVE_DECL_DIRFD 1
| #define GNULIB_TEST_DIRFD 1
| #define GNULIB_DIRNAME 1
| #define GNULIB_TEST_DUP 1
| #define GNULIB_TEST_DUP2 1
| #define GNULIB_TEST_ENVIRON 1
| #define GNULIB_TEST_FCHDIR 1
| #define GNULIB_TEST_FCNTL 1
| #define HAVE_DECL_FDOPENDIR 1
| #define GNULIB_TEST_FDOPENDIR 1
| #define GNULIB_FDOPENDIR 1
| #define HAVE_STRUCT_STAT_ST_BLOCKS 1
| #define HAVE_ST_BLOCKS 1
| #define GNULIB_FILENAMECAT 1
| #define HAVE_MEMPCPY 1
| #define FLEXIBLE_ARRAY_MEMBER /**/
| #define GNULIB_TEST_FNMATCH 1
| #define GNULIB_FNMATCH_GNU 1
| #define GNULIB_TEST_FOPEN 1
| #define GNULIB_FOPEN_GNU 1
| #define GNULIB_TEST_FOPEN_GNU 1
| #define HAVE_FREE_POSIX 1
| #define GNULIB_TEST_FREE_POSIX 1
| #define GNULIB_TEST_FREOPEN 1
| #define GNULIB_TEST_FSTAT 1
| #define GNULIB_FSTAT 1
| #define GNULIB_TEST_FSTATAT 1
| #define GNULIB_FSTATAT 1
| #define GNULIB_TEST_GETCWD 1
| #define GNULIB_TEST_GETDTABLESIZE 1
| #define GNULIB_TEST_GETOPT_POSIX 1
| #define GNULIB_TEST_GETPAGESIZE 1
| #define HAVE_DECL_PROGRAM_INVOCATION_NAME 1
| #define HAVE_DECL_PROGRAM_INVOCATION_NAME 1
| #define HAVE_DECL_PROGRAM_INVOCATION_SHORT_NAME 1
| #define HAVE_DECL___ARGV 0
| #define GNULIB_TEST_GETPROGNAME 1
| #define HAVE_GETRANDOM 1
| #define GNULIB_TEST_GETRANDOM 1
| #define HAVE_TIMESPEC_GET 1
| #define GETTIMEOFDAY_TIMEZONE void
| #define GNULIB_TEST_GETTIMEOFDAY 1
| #define GNULIB_LOCALEDIR "/usr/local/share/locale"
| #define HAVE_INLINE 1
| #define GNULIB_ISBLANK 1
| #define HAVE_ISWBLANK 1
| #define HAVE_DECL_ISWBLANK 1
| #define GNULIB_TEST_ISWBLANK 1
| #define GNULIB_TEST_ISWCTYPE 1
| #define GNULIB_TEST_ISWDIGIT 1
| #define GNULIB_TEST_ISWPUNCT 1
| #define GNULIB_TEST_ISWXDIGIT 1
| #define HAVE___INLINE 1
| #define GNULIB_TEST_LOCALECONV 1
| #define GNULIB_LOCALECONV 1
| #define HAVE_PTHREAD_RWLOCK 1
| #define HAVE_PTHREAD_MUTEX_RECURSIVE 1
| #define GNULIB_LOCK 1
| #define GNULIB_TEST_LSTAT 1
| #define GNULIB_LSTAT 1
| #define GNULIB_TEST_MALLOC_GNU 1
| #define GNULIB_TEST_MALLOC_POSIX 1
| #define MBRTOC32_IN_C_LOCALE_MAYBE_EILSEQ 1
| #define GNULIB_TEST_MBRTOC32 1
| #define MBRTOWC_IN_C_LOCALE_MAYBE_EILSEQ 1
| #define GNULIB_TEST_MBRTOWC 1
| #define GNULIB_TEST_MBSCASECMP 1
| #define GNULIB_TEST_MBSINIT 1
| #define GNULIB_TEST_MBSRTOC32S 1
| #define GNULIB_TEST_MBSRTOWCS 1
| #define GNULIB_TEST_MBSZERO 1
| #define HAVE_MBTOWC 1
| #define GNULIB_TEST_MBTOWC 1
| #define GNULIB_MCEL_PREFER 1
| #define GNULIB_TEST_MEMCHR 1
| #define HAVE_MEMPCPY 1
| #define GNULIB_TEST_MEMPCPY 1
| #define HAVE_MEMRCHR 1
| #define GNULIB_TEST_MEMRCHR 1
| #define GNULIB_TEST_MKDIR 1
| #define GNULIB_TEST_MKSTEMP 1
| #define GNULIB_TEST_MKTIME 1
| #define NEED_MKTIME_INTERNAL 1
| #define GNULIB_MSVC_NOTHROW 1
| #define HAVE_NL_LANGINFO 1
| #define FUNC_NL_LANGINFO_YESEXPR_WORKS 1
| #define NL_LANGINFO_MTSAFE 1
| #define REPLACE_NL_LANGINFO 1
| #define GNULIB_TEST_NL_LANGINFO 1
| #define GNULIB_TEST_OPEN 1
| #define GNULIB_OPENAT 1
| #define GNULIB_TEST_OPENAT 1
| #define HAVE_OPENDIR 1
| #define GNULIB_TEST_OPENDIR 1
| #define GNULIB_TEST_PCLOSE 1
| #define GNULIB_TEST_POPEN 1
| #define HAVE_DECL_PROGRAM_INVOCATION_NAME 1
| #define HAVE_DECL_PROGRAM_INVOCATION_SHORT_NAME 1
| #define GNULIB_TEST_PTHREAD_ONCE 1
| #define HAVE_RAISE 1
| #define GNULIB_TEST_RAISE 1
| #define HAVE_RAWMEMCHR 1
| #define GNULIB_TEST_RAWMEMCHR 1
| #define HAVE_READDIR 1
| #define GNULIB_TEST_READDIR 1
| #define GNULIB_TEST_READLINK 1
| #define HAVE_READLINKAT 1
| #define GNULIB_TEST_READLINKAT 1
| #define GNULIB_TEST_REALLOC_POSIX 1
| #define HAVE_REALLOCARRAY 1
| #define GNULIB_REALLOCARRAY 1
| #define GNULIB_TEST_REALLOCARRAY 1
| #define GNULIB_TEST_SETENV 1
| #define GNULIB_TEST_SETLOCALE_NULL 1
| #define HAVE_STRUCT_SIGACTION_SA_SIGACTION 1
| #define GNULIB_TEST_SIGACTION 1
| #define GNULIB_TEST_SIGPROCMASK 1
| #define STACK_DIRECTION -1
| /* end confdefs.h.  */
| 
| #include <signal.h>
| #if HAVE_SYS_SIGNAL_H
| # include <sys/signal.h>
| #endif
| 
| 
| int
| main (void)
| {
| if (sizeof ((stack_t)))
| 	    return 0;
|   ;
|   return 0;
| }
configure:44689: result: yes
configure:44709: checking for working sigaltstack
configure:44840: gcc -o conftest -g -O2   conftest.c  >&5
configure:44840: $? = 0
configure:44840: ./conftest
configure:44840: $? = 0
configure:44860: result: yes
configure:44867: checking for correct stack_t interpretation
configure:44930: gcc -o conftest -g -O2   conftest.c  >&5
configure:44930: $? = 0
configure:44930: ./conftest
configure:44930: $? = 0
configure:44945: result: yes
configure:44957: checking for ssize_t
configure:44975: gcc -c -g -O2  conftest.c >&5
configure:44975: $? = 0
configure:44985: result: yes
configure:45038: checking whether stat handles trailing slashes on files
configure:45084: gcc -o conftest -g -O2   conftest.c  >&5
configure:45084: $? = 0
configure:45084: ./conftest
configure:45084: $? = 0
configure:45099: result: yes
configure:45185: checking for struct stat.st_atim.tv_nsec
configure:45185: gcc -c -g -O2  conftest.c >&5
configure:45185: $? = 0
configure:45185: result: yes
configure:45193: checking whether struct stat.st_atim is of type struct timespec
configure:45221: gcc -c -g -O2  conftest.c >&5
configure:45221: $? = 0
configure:45231: result: yes
configure:45283: checking for struct stat.st_birthtimespec.tv_nsec
configure:45283: gcc -c -g -O2  conftest.c >&5
conftest.c: In function 'main':
conftest.c:391:12: error: 'struct stat' has no member named 'st_birthtimespec'
  391 | if (ac_aggr.st_birthtimespec.tv_nsec)
      |            ^
configure:45283: $? = 1
configure: failed program was:
| /* confdefs.h */
| #define PACKAGE_NAME "GNU diffutils"
| #define PACKAGE_TARNAME "diffutils"
| #define PACKAGE_VERSION "3.12"
| #define PACKAGE_STRING "GNU diffutils 3.12"
| #define PACKAGE_BUGREPORT "bug-diffutils@gnu.org"
| #define PACKAGE_URL "https://www.gnu.org/software/diffutils/"
| #define PACKAGE "diffutils"
| #define VERSION "3.12"
| #define HAVE_STDIO_H 1
| #define HAVE_STDLIB_H 1
| #define HAVE_STRING_H 1
| #define HAVE_INTTYPES_H 1
| #define HAVE_STDINT_H 1
| #define HAVE_STRINGS_H 1
| #define HAVE_SYS_STAT_H 1
| #define HAVE_SYS_TYPES_H 1
| #define HAVE_UNISTD_H 1
| #define HAVE_WCHAR_H 1
| #define HAVE_STDBOOL_H 1
| #define HAVE_UCHAR_H 1
| #define HAVE_SYS_PARAM_H 1
| #define HAVE_SYS_SOCKET_H 1
| #define HAVE_DIRENT_H 1
| #define HAVE_ERROR_H 1
| #define HAVE_FNMATCH_H 1
| #define HAVE_GETOPT_H 1
| #define HAVE_SYS_TIME_H 1
| #define HAVE_THREADS_H 1
| #define HAVE_LIMITS_H 1
| #define HAVE_WCTYPE_H 1
| #define HAVE_LANGINFO_H 1
| #define HAVE_SYS_MMAN_H 1
| #define HAVE_PTHREAD_H 1
| #define HAVE_MALLOC_H 1
| #define HAVE_STDBIT_H 1
| #define HAVE_SYS_RANDOM_H 1
| #define HAVE_SYS_WAIT_H 1
| #define HAVE_FEATURES_H 1
| #define HAVE_ARPA_INET_H 1
| #define HAVE_NETDB_H 1
| #define HAVE_NETINET_IN_H 1
| #define HAVE_MATH_H 1
| #define HAVE_SYS_SELECT_H 1
| #define HAVE_SEMAPHORE_H 1
| #define HAVE_SYS_IOCTL_H 1
| #define HAVE_SYS_UN_H 1
| #define HAVE_SYS_UIO_H 1
| #define STDC_HEADERS 1
| #define _ALL_SOURCE 1
| #define _COSMO_SOURCE 1
| #define _DARWIN_C_SOURCE 1
| #define _GNU_SOURCE 1
| #define _HPUX_ALT_XOPEN_SOCKET_API 1
| #define _NETBSD_SOURCE 1
| #define _OPENBSD_SOURCE 1
| #define _POSIX_PTHREAD_SEMANTICS 1
| #define __STDC_WANT_IEC_60559_ATTRIBS_EXT__ 1
| #define __STDC_WANT_IEC_60559_BFP_EXT__ 1
| #define __STDC_WANT_IEC_60559_DFP_EXT__ 1
| #define __STDC_WANT_IEC_60559_EXT__ 1
| #define __STDC_WANT_IEC_60559_FUNCS_EXT__ 1
| #define __STDC_WANT_IEC_60559_TYPES_EXT__ 1
| #define __STDC_WANT_LIB_EXT2__ 1
| #define __STDC_WANT_MATH_SPEC_FUNCS__ 1
| #define _TANDEM_SOURCE 1
| #define __EXTENSIONS__ 1
| #define _LINUX_SOURCE_COMPAT 1
| #define __USE_MINGW_ANSI_STDIO 1
| #define HAVE_ALLOCA_H 1
| #define HAVE_ALLOCA 1
| #define HAVE_WINT_T 1
| #define HAVE_BTOWC 1
| #define HAVE_MBRTOWC 1
| #define HAVE_MBSINIT 1
| #define HAVE_FCHDIR 1
| #define HAVE_FCNTL 1
| #define HAVE_SYMLINK 1
| #define HAVE_FDOPENDIR 1
| #define HAVE_FNMATCH 1
| #define HAVE_MBSRTOWCS 1
| #define HAVE_FSTATAT 1
| #define HAVE_GETDTABLESIZE 1
| #define HAVE_GETTIMEOFDAY 1
| #define HAVE_ISBLANK 1
| #define HAVE_ISWCNTRL 1
| #define HAVE_LSTAT 1
| #define HAVE_MPROTECT 1
| #define HAVE_MKSTEMP 1
| #define HAVE_OPENAT 1
| #define HAVE_PCLOSE 1
| #define HAVE_POPEN 1
| #define HAVE_READLINK 1
| #define HAVE_ISWCTYPE 1
| #define HAVE_SETENV 1
| #define HAVE_SIGACTION 1
| #define HAVE_SIGALTSTACK 1
| #define HAVE_SIGINTERRUPT 1
| #define HAVE_SETRLIMIT 1
| #define HAVE_GETRLIMIT 1
| #define HAVE___XPG_STRERROR_R 1
| #define HAVE_STRPTIME 1
| #define HAVE_STRTOIMAX 1
| #define HAVE_LOCALTIME_R 1
| #define HAVE_WCRTOMB 1
| #define HAVE_WCWIDTH 1
| #define HAVE_PIPE 1
| #define HAVE_PSELECT 1
| #define HAVE_PTHREAD_SIGMASK 1
| #define HAVE_SLEEP 1
| #define HAVE_SNPRINTF 1
| #define HAVE_SHUTDOWN 1
| #define HAVE_UNLINKAT 1
| #define HAVE_WCTOB 1
| #define HAVE_SIGPROCMASK 1
| #define HAVE_FORK 1
| #define HAVE_VFORK 1
| #define HAVE_LANGINFO_CODESET 1
| #define BITSIZEOF_WCHAR_T 32
| #define HAVE_MBSTATE_T 1
| #define HAVE_WORKING_MBRTOC32 1
| #define HAVE_WORKING_C32RTOMB 1
| #define HAVE_MALLOC_PTRDIFF 1
| #define HAVE_MALLOC_POSIX 1
| #define restrict __restrict__
| #define HAVE_ENVIRON_DECL 1
| #define HAVE_ERROR 1
| #define HAVE_DECL_STRERROR_R 1
| #define HAVE_STRERROR_R 1
| #define STRERROR_R_CHAR_P 1
| #define HAVE_DECL_FCHDIR 1
| #define HAVE_WORKING_O_NOATIME 1
| #define HAVE_WORKING_O_NOFOLLOW 1
| #define HAVE_MEMPCPY 1
| #define FUNC_FFLUSH_STDIN 0
| #define LSTAT_FOLLOWS_SLASHED_SYMLINK 1
| #define HAVE_DECL_GETDTABLESIZE 1
| #define HAVE_GETOPT_H 1
| #define HAVE_GETOPT_LONG_ONLY 1
| #define HAVE_PTHREAD_API 1
| #define SETLOCALE_NULL_ALL_MTSAFE 1
| #define SETLOCALE_NULL_ONE_MTSAFE 1
| #ifndef __x86_64__
| #define __x86_64__ 1
| #endif
| #ifndef __x86_64__
| #define __x86_64__ 1
| #endif
| #define HAVE_LONG_LONG_INT 1
| #define HAVE_UNSIGNED_LONG_LONG_INT 1
| #define HAVE_TOWLOWER 1
| #define HAVE_LC_MESSAGES 1
| #define HAVE_WEAK_SYMBOLS 1
| #define USE_POSIX_THREADS 1
| #define USE_POSIX_THREADS_FROM_LIBC 1
| #define HAVE_MALLOC_0_NONNULL 1
| #define HAVE_MAP_ANONYMOUS 1
| #define HAVE_DECL_MEMRCHR 1
| #define HAVE_MINMAX_IN_SYS_PARAM_H 1
| #define TIME_T_IS_SIGNED 1
| #define HAVE_DECL_ALARM 1
| #define HAVE_STRUCT_TM_TM_GMTOFF 1
| #define HAVE_STRUCT_TM_TM_ZONE 1
| #define HAVE_TM_GMTOFF 1
| #define PROMOTED_MODE_T mode_t
| #define HAVE_PTHREAD_T 1
| #define HAVE_PTHREAD_SPINLOCK_T 1
| #define HAVE_SIGSET_T 1
| #define HAVE_SCHED_H 1
| #define HAVE_DECL_SETENV 1
| #define HAVE_DECL__PUTENV 0
| #define HAVE_SEARCH_H 1
| #define HAVE_TSEARCH 1
| #define HAVE_DECL_FCLOSEALL 1
| #define HAVE_DECL_GETW 1
| #define HAVE_DECL_PUTW 1
| #define HAVE_DECL_ECVT 1
| #define HAVE_DECL_FCVT 1
| #define HAVE_DECL_GCVT 1
| #define HAVE_DECL_STRDUP 1
| #define HAVE_STRERROR_R 1
| #define HAVE_DECL_STRNLEN 1
| #define HAVE_DECL_STRTOIMAX 1
| #define _USE_STD_STAT 1
| #define HAVE_DECL_EXECVPE 1
| #define HAVE_DECL_CLEARERR_UNLOCKED 1
| #define HAVE_DECL_FEOF_UNLOCKED 1
| #define HAVE_DECL_FERROR_UNLOCKED 1
| #define HAVE_DECL_FFLUSH_UNLOCKED 1
| #define HAVE_DECL_FGETS_UNLOCKED 1
| #define HAVE_DECL_FPUTC_UNLOCKED 1
| #define HAVE_DECL_FPUTS_UNLOCKED 1
| #define HAVE_DECL_FREAD_UNLOCKED 1
| #define HAVE_DECL_FWRITE_UNLOCKED 1
| #define HAVE_DECL_GETC_UNLOCKED 1
| #define HAVE_DECL_GETCHAR_UNLOCKED 1
| #define HAVE_DECL_PUTC_UNLOCKED 1
| #define HAVE_DECL_PUTCHAR_UNLOCKED 1
| #define HAVE_DECL_UNSETENV 1
| #define HAVE_DECL_WCSDUP 1
| #define HAVE_SHUTDOWN 1
| #define HAVE_STRUCT_SOCKADDR_STORAGE 1
| #define HAVE_SA_FAMILY_T 1
| #define HAVE_STRUCT_SOCKADDR_STORAGE_SS_FAMILY 1
| #define HAVE_IPV4 1
| #define HAVE_IPV6 1
| #define DBL_EXPBIT0_WORD 1
| #define DBL_EXPBIT0_BIT 20
| #define FLT_EXPBIT0_WORD 0
| #define FLT_EXPBIT0_BIT 23
| #define LDBL_EXPBIT0_WORD 2
| #define LDBL_EXPBIT0_BIT 0
| #define HAVE_DECL_INITSTATE 1
| #define HAVE_DECL_SETSTATE 1
| #define HAVE_DECL_SNPRINTF 1
| #define HAVE_INTTYPES_H_WITH_UINTMAX 1
| #define HAVE_STDINT_H_WITH_UINTMAX 1
| #define HAVE_INTMAX_T 1
| #define HAVE_WCSLEN 1
| #define HAVE_SNPRINTF 1
| #define HAVE_STRNLEN 1
| #define HAVE_WCRTOMB 1
| #define HAVE_DECL__SNPRINTF 0
| #define HAVE_SNPRINTF_RETVAL_C99 1
| #define HAVE_SNPRINTF_TRUNCATION_C99 1
| #define HAVE_ALLOCA 1
| #define GNULIB_TEST_BTOC32 1
| #define GNULIB_TEST_BTOWC 1
| #define HAVE___BUILTIN_EXPECT 1
| #define GNULIB_TEST_C32_APPLY_TYPE_TEST 1
| #define GNULIB_TEST_C32_GET_TYPE_TEST 1
| #define GNULIB_TEST_C32ISALNUM 1
| #define GNULIB_TEST_C32ISALPHA 1
| #define GNULIB_TEST_C32ISBLANK 1
| #define GNULIB_TEST_C32ISCNTRL 1
| #define GNULIB_TEST_C32ISDIGIT 1
| #define GNULIB_TEST_C32ISGRAPH 1
| #define GNULIB_TEST_C32ISLOWER 1
| #define GNULIB_TEST_C32ISPRINT 1
| #define GNULIB_TEST_C32ISPUNCT 1
| #define GNULIB_TEST_C32ISSPACE 1
| #define GNULIB_TEST_C32ISUPPER 1
| #define GNULIB_TEST_C32ISXDIGIT 1
| #define GNULIB_TEST_C32TOLOWER 1
| #define GNULIB_TEST_C32WIDTH 1
| #define GNULIB_TEST_CALLOC_GNU 1
| #define GNULIB_TEST_CALLOC_POSIX 1
| #define HAVE_READLINKAT 1
| #define GNULIB_TEST_CHDIR 1
| #define HAVE_CLOCK_GETRES 1
| #define HAVE_CLOCK_GETTIME 1
| #define HAVE_CLOCK_SETTIME 1
| #define GNULIB_TEST_CLOEXEC 1
| #define GNULIB_TEST_CLOSE 1
| #define GNULIB_CLOSE 1
| #define HAVE_CLOSEDIR 1
| #define GNULIB_TEST_CLOSEDIR 1
| #define HAVE_STRUCT_DIRENT_D_TYPE 1
| #define HAVE_DIRFD 1
| #define HAVE_DECL_DIRFD 1
| #define GNULIB_TEST_DIRFD 1
| #define GNULIB_DIRNAME 1
| #define GNULIB_TEST_DUP 1
| #define GNULIB_TEST_DUP2 1
| #define GNULIB_TEST_ENVIRON 1
| #define GNULIB_TEST_FCHDIR 1
| #define GNULIB_TEST_FCNTL 1
| #define HAVE_DECL_FDOPENDIR 1
| #define GNULIB_TEST_FDOPENDIR 1
| #define GNULIB_FDOPENDIR 1
| #define HAVE_STRUCT_STAT_ST_BLOCKS 1
| #define HAVE_ST_BLOCKS 1
| #define GNULIB_FILENAMECAT 1
| #define HAVE_MEMPCPY 1
| #define FLEXIBLE_ARRAY_MEMBER /**/
| #define GNULIB_TEST_FNMATCH 1
| #define GNULIB_FNMATCH_GNU 1
| #define GNULIB_TEST_FOPEN 1
| #define GNULIB_FOPEN_GNU 1
| #define GNULIB_TEST_FOPEN_GNU 1
| #define HAVE_FREE_POSIX 1
| #define GNULIB_TEST_FREE_POSIX 1
| #define GNULIB_TEST_FREOPEN 1
| #define GNULIB_TEST_FSTAT 1
| #define GNULIB_FSTAT 1
| #define GNULIB_TEST_FSTATAT 1
| #define GNULIB_FSTATAT 1
| #define GNULIB_TEST_GETCWD 1
| #define GNULIB_TEST_GETDTABLESIZE 1
| #define GNULIB_TEST_GETOPT_POSIX 1
| #define GNULIB_TEST_GETPAGESIZE 1
| #define HAVE_DECL_PROGRAM_INVOCATION_NAME 1
| #define HAVE_DECL_PROGRAM_INVOCATION_NAME 1
| #define HAVE_DECL_PROGRAM_INVOCATION_SHORT_NAME 1
| #define HAVE_DECL___ARGV 0
| #define GNULIB_TEST_GETPROGNAME 1
| #define HAVE_GETRANDOM 1
| #define GNULIB_TEST_GETRANDOM 1
| #define HAVE_TIMESPEC_GET 1
| #define GETTIMEOFDAY_TIMEZONE void
| #define GNULIB_TEST_GETTIMEOFDAY 1
| #define GNULIB_LOCALEDIR "/usr/local/share/locale"
| #define HAVE_INLINE 1
| #define GNULIB_ISBLANK 1
| #define HAVE_ISWBLANK 1
| #define HAVE_DECL_ISWBLANK 1
| #define GNULIB_TEST_ISWBLANK 1
| #define GNULIB_TEST_ISWCTYPE 1
| #define GNULIB_TEST_ISWDIGIT 1
| #define GNULIB_TEST_ISWPUNCT 1
| #define GNULIB_TEST_ISWXDIGIT 1
| #define HAVE___INLINE 1
| #define GNULIB_TEST_LOCALECONV 1
| #define GNULIB_LOCALECONV 1
| #define HAVE_PTHREAD_RWLOCK 1
| #define HAVE_PTHREAD_MUTEX_RECURSIVE 1
| #define GNULIB_LOCK 1
| #define GNULIB_TEST_LSTAT 1
| #define GNULIB_LSTAT 1
| #define GNULIB_TEST_MALLOC_GNU 1
| #define GNULIB_TEST_MALLOC_POSIX 1
| #define MBRTOC32_IN_C_LOCALE_MAYBE_EILSEQ 1
| #define GNULIB_TEST_MBRTOC32 1
| #define MBRTOWC_IN_C_LOCALE_MAYBE_EILSEQ 1
| #define GNULIB_TEST_MBRTOWC 1
| #define GNULIB_TEST_MBSCASECMP 1
| #define GNULIB_TEST_MBSINIT 1
| #define GNULIB_TEST_MBSRTOC32S 1
| #define GNULIB_TEST_MBSRTOWCS 1
| #define GNULIB_TEST_MBSZERO 1
| #define HAVE_MBTOWC 1
| #define GNULIB_TEST_MBTOWC 1
| #define GNULIB_MCEL_PREFER 1
| #define GNULIB_TEST_MEMCHR 1
| #define HAVE_MEMPCPY 1
| #define GNULIB_TEST_MEMPCPY 1
| #define HAVE_MEMRCHR 1
| #define GNULIB_TEST_MEMRCHR 1
| #define GNULIB_TEST_MKDIR 1
| #define GNULIB_TEST_MKSTEMP 1
| #define GNULIB_TEST_MKTIME 1
| #define NEED_MKTIME_INTERNAL 1
| #define GNULIB_MSVC_NOTHROW 1
| #define HAVE_NL_LANGINFO 1
| #define FUNC_NL_LANGINFO_YESEXPR_WORKS 1
| #define NL_LANGINFO_MTSAFE 1
| #define REPLACE_NL_LANGINFO 1
| #define GNULIB_TEST_NL_LANGINFO 1
| #define GNULIB_TEST_OPEN 1
| #define GNULIB_OPENAT 1
| #define GNULIB_TEST_OPENAT 1
| #define HAVE_OPENDIR 1
| #define GNULIB_TEST_OPENDIR 1
| #define GNULIB_TEST_PCLOSE 1
| #define GNULIB_TEST_POPEN 1
| #define HAVE_DECL_PROGRAM_INVOCATION_NAME 1
| #define HAVE_DECL_PROGRAM_INVOCATION_SHORT_NAME 1
| #define GNULIB_TEST_PTHREAD_ONCE 1
| #define HAVE_RAISE 1
| #define GNULIB_TEST_RAISE 1
| #define HAVE_RAWMEMCHR 1
| #define GNULIB_TEST_RAWMEMCHR 1
| #define HAVE_READDIR 1
| #define GNULIB_TEST_READDIR 1
| #define GNULIB_TEST_READLINK 1
| #define HAVE_READLINKAT 1
| #define GNULIB_TEST_READLINKAT 1
| #define GNULIB_TEST_REALLOC_POSIX 1
| #define HAVE_REALLOCARRAY 1
| #define GNULIB_REALLOCARRAY 1
| #define GNULIB_TEST_REALLOCARRAY 1
| #define GNULIB_TEST_SETENV 1
| #define GNULIB_TEST_SETLOCALE_NULL 1
| #define HAVE_STRUCT_SIGACTION_SA_SIGACTION 1
| #define GNULIB_TEST_SIGACTION 1
| #define GNULIB_TEST_SIGPROCMASK 1
| #define STACK_DIRECTION -1
| #define HAVE_WORKING_SIGALTSTACK 1
| #define GNULIB_TEST_STAT 1
| #define GNULIB_STAT 1
| #define HAVE_STRUCT_STAT_ST_ATIM_TV_NSEC 1
| #define TYPEOF_STRUCT_STAT_ST_ATIM_IS_STRUCT_TIMESPEC 1
| /* end confdefs.h.  */
| #include <sys/types.h>
|      #include <sys/stat.h>
| 
| int
| main (void)
| {
| static struct stat ac_aggr;
| if (ac_aggr.st_birthtimespec.tv_nsec)
| return 0;
|   ;
|   return 0;
| }
configure:45283: gcc -c -g -O2  conftest.c >&5
conftest.c: In function 'main':
conftest.c:391:19: error: 'struct stat' has no member named 'st_birthtimespec'
  391 | if (sizeof ac_aggr.st_birthtimespec.tv_nsec)
      |                   ^
configure:45283: $? = 1
configure: failed program was:
| /* confdefs.h */
| #define PACKAGE_NAME "GNU diffutils"
| #define PACKAGE_TARNAME "diffutils"
| #define PACKAGE_VERSION "3.12"
| #define PACKAGE_STRING "GNU diffutils 3.12"
| #define PACKAGE_BUGREPORT "bug-diffutils@gnu.org"
| #define PACKAGE_URL "https://www.gnu.org/software/diffutils/"
| #define PACKAGE "diffutils"
| #define VERSION "3.12"
| #define HAVE_STDIO_H 1
| #define HAVE_STDLIB_H 1
| #define HAVE_STRING_H 1
| #define HAVE_INTTYPES_H 1
| #define HAVE_STDINT_H 1
| #define HAVE_STRINGS_H 1
| #define HAVE_SYS_STAT_H 1
| #define HAVE_SYS_TYPES_H 1
| #define HAVE_UNISTD_H 1
| #define HAVE_WCHAR_H 1
| #define HAVE_STDBOOL_H 1
| #define HAVE_UCHAR_H 1
| #define HAVE_SYS_PARAM_H 1
| #define HAVE_SYS_SOCKET_H 1
| #define HAVE_DIRENT_H 1
| #define HAVE_ERROR_H 1
| #define HAVE_FNMATCH_H 1
| #define HAVE_GETOPT_H 1
| #define HAVE_SYS_TIME_H 1
| #define HAVE_THREADS_H 1
| #define HAVE_LIMITS_H 1
| #define HAVE_WCTYPE_H 1
| #define HAVE_LANGINFO_H 1
| #define HAVE_SYS_MMAN_H 1
| #define HAVE_PTHREAD_H 1
| #define HAVE_MALLOC_H 1
| #define HAVE_STDBIT_H 1
| #define HAVE_SYS_RANDOM_H 1
| #define HAVE_SYS_WAIT_H 1
| #define HAVE_FEATURES_H 1
| #define HAVE_ARPA_INET_H 1
| #define HAVE_NETDB_H 1
| #define HAVE_NETINET_IN_H 1
| #define HAVE_MATH_H 1
| #define HAVE_SYS_SELECT_H 1
| #define HAVE_SEMAPHORE_H 1
| #define HAVE_SYS_IOCTL_H 1
| #define HAVE_SYS_UN_H 1
| #define HAVE_SYS_UIO_H 1
| #define STDC_HEADERS 1
| #define _ALL_SOURCE 1
| #define _COSMO_SOURCE 1
| #define _DARWIN_C_SOURCE 1
| #define _GNU_SOURCE 1
| #define _HPUX_ALT_XOPEN_SOCKET_API 1
| #define _NETBSD_SOURCE 1
| #define _OPENBSD_SOURCE 1
| #define _POSIX_PTHREAD_SEMANTICS 1
| #define __STDC_WANT_IEC_60559_ATTRIBS_EXT__ 1
| #define __STDC_WANT_IEC_60559_BFP_EXT__ 1
| #define __STDC_WANT_IEC_60559_DFP_EXT__ 1
| #define __STDC_WANT_IEC_60559_EXT__ 1
| #define __STDC_WANT_IEC_60559_FUNCS_EXT__ 1
| #define __STDC_WANT_IEC_60559_TYPES_EXT__ 1
| #define __STDC_WANT_LIB_EXT2__ 1
| #define __STDC_WANT_MATH_SPEC_FUNCS__ 1
| #define _TANDEM_SOURCE 1
| #define __EXTENSIONS__ 1
| #define _LINUX_SOURCE_COMPAT 1
| #define __USE_MINGW_ANSI_STDIO 1
| #define HAVE_ALLOCA_H 1
| #define HAVE_ALLOCA 1
| #define HAVE_WINT_T 1
| #define HAVE_BTOWC 1
| #define HAVE_MBRTOWC 1
| #define HAVE_MBSINIT 1
| #define HAVE_FCHDIR 1
| #define HAVE_FCNTL 1
| #define HAVE_SYMLINK 1
| #define HAVE_FDOPENDIR 1
| #define HAVE_FNMATCH 1
| #define HAVE_MBSRTOWCS 1
| #define HAVE_FSTATAT 1
| #define HAVE_GETDTABLESIZE 1
| #define HAVE_GETTIMEOFDAY 1
| #define HAVE_ISBLANK 1
| #define HAVE_ISWCNTRL 1
| #define HAVE_LSTAT 1
| #define HAVE_MPROTECT 1
| #define HAVE_MKSTEMP 1
| #define HAVE_OPENAT 1
| #define HAVE_PCLOSE 1
| #define HAVE_POPEN 1
| #define HAVE_READLINK 1
| #define HAVE_ISWCTYPE 1
| #define HAVE_SETENV 1
| #define HAVE_SIGACTION 1
| #define HAVE_SIGALTSTACK 1
| #define HAVE_SIGINTERRUPT 1
| #define HAVE_SETRLIMIT 1
| #define HAVE_GETRLIMIT 1
| #define HAVE___XPG_STRERROR_R 1
| #define HAVE_STRPTIME 1
| #define HAVE_STRTOIMAX 1
| #define HAVE_LOCALTIME_R 1
| #define HAVE_WCRTOMB 1
| #define HAVE_WCWIDTH 1
| #define HAVE_PIPE 1
| #define HAVE_PSELECT 1
| #define HAVE_PTHREAD_SIGMASK 1
| #define HAVE_SLEEP 1
| #define HAVE_SNPRINTF 1
| #define HAVE_SHUTDOWN 1
| #define HAVE_UNLINKAT 1
| #define HAVE_WCTOB 1
| #define HAVE_SIGPROCMASK 1
| #define HAVE_FORK 1
| #define HAVE_VFORK 1
| #define HAVE_LANGINFO_CODESET 1
| #define BITSIZEOF_WCHAR_T 32
| #define HAVE_MBSTATE_T 1
| #define HAVE_WORKING_MBRTOC32 1
| #define HAVE_WORKING_C32RTOMB 1
| #define HAVE_MALLOC_PTRDIFF 1
| #define HAVE_MALLOC_POSIX 1
| #define restrict __restrict__
| #define HAVE_ENVIRON_DECL 1
| #define HAVE_ERROR 1
| #define HAVE_DECL_STRERROR_R 1
| #define HAVE_STRERROR_R 1
| #define STRERROR_R_CHAR_P 1
| #define HAVE_DECL_FCHDIR 1
| #define HAVE_WORKING_O_NOATIME 1
| #define HAVE_WORKING_O_NOFOLLOW 1
| #define HAVE_MEMPCPY 1
| #define FUNC_FFLUSH_STDIN 0
| #define LSTAT_FOLLOWS_SLASHED_SYMLINK 1
| #define HAVE_DECL_GETDTABLESIZE 1
| #define HAVE_GETOPT_H 1
| #define HAVE_GETOPT_LONG_ONLY 1
| #define HAVE_PTHREAD_API 1
| #define SETLOCALE_NULL_ALL_MTSAFE 1
| #define SETLOCALE_NULL_ONE_MTSAFE 1
| #ifndef __x86_64__
| #define __x86_64__ 1
| #endif
| #ifndef __x86_64__
| #define __x86_64__ 1
| #endif
| #define HAVE_LONG_LONG_INT 1
| #define HAVE_UNSIGNED_LONG_LONG_INT 1
| #define HAVE_TOWLOWER 1
| #define HAVE_LC_MESSAGES 1
| #define HAVE_WEAK_SYMBOLS 1
| #define USE_POSIX_THREADS 1
| #define USE_POSIX_THREADS_FROM_LIBC 1
| #define HAVE_MALLOC_0_NONNULL 1
| #define HAVE_MAP_ANONYMOUS 1
| #define HAVE_DECL_MEMRCHR 1
| #define HAVE_MINMAX_IN_SYS_PARAM_H 1
| #define TIME_T_IS_SIGNED 1
| #define HAVE_DECL_ALARM 1
| #define HAVE_STRUCT_TM_TM_GMTOFF 1
| #define HAVE_STRUCT_TM_TM_ZONE 1
| #define HAVE_TM_GMTOFF 1
| #define PROMOTED_MODE_T mode_t
| #define HAVE_PTHREAD_T 1
| #define HAVE_PTHREAD_SPINLOCK_T 1
| #define HAVE_SIGSET_T 1
| #define HAVE_SCHED_H 1
| #define HAVE_DECL_SETENV 1
| #define HAVE_DECL__PUTENV 0
| #define HAVE_SEARCH_H 1
| #define HAVE_TSEARCH 1
| #define HAVE_DECL_FCLOSEALL 1
| #define HAVE_DECL_GETW 1
| #define HAVE_DECL_PUTW 1
| #define HAVE_DECL_ECVT 1
| #define HAVE_DECL_FCVT 1
| #define HAVE_DECL_GCVT 1
| #define HAVE_DECL_STRDUP 1
| #define HAVE_STRERROR_R 1
| #define HAVE_DECL_STRNLEN 1
| #define HAVE_DECL_STRTOIMAX 1
| #define _USE_STD_STAT 1
| #define HAVE_DECL_EXECVPE 1
| #define HAVE_DECL_CLEARERR_UNLOCKED 1
| #define HAVE_DECL_FEOF_UNLOCKED 1
| #define HAVE_DECL_FERROR_UNLOCKED 1
| #define HAVE_DECL_FFLUSH_UNLOCKED 1
| #define HAVE_DECL_FGETS_UNLOCKED 1
| #define HAVE_DECL_FPUTC_UNLOCKED 1
| #define HAVE_DECL_FPUTS_UNLOCKED 1
| #define HAVE_DECL_FREAD_UNLOCKED 1
| #define HAVE_DECL_FWRITE_UNLOCKED 1
| #define HAVE_DECL_GETC_UNLOCKED 1
| #define HAVE_DECL_GETCHAR_UNLOCKED 1
| #define HAVE_DECL_PUTC_UNLOCKED 1
| #define HAVE_DECL_PUTCHAR_UNLOCKED 1
| #define HAVE_DECL_UNSETENV 1
| #define HAVE_DECL_WCSDUP 1
| #define HAVE_SHUTDOWN 1
| #define HAVE_STRUCT_SOCKADDR_STORAGE 1
| #define HAVE_SA_FAMILY_T 1
| #define HAVE_STRUCT_SOCKADDR_STORAGE_SS_FAMILY 1
| #define HAVE_IPV4 1
| #define HAVE_IPV6 1
| #define DBL_EXPBIT0_WORD 1
| #define DBL_EXPBIT0_BIT 20
| #define FLT_EXPBIT0_WORD 0
| #define FLT_EXPBIT0_BIT 23
| #define LDBL_EXPBIT0_WORD 2
| #define LDBL_EXPBIT0_BIT 0
| #define HAVE_DECL_INITSTATE 1
| #define HAVE_DECL_SETSTATE 1
| #define HAVE_DECL_SNPRINTF 1
| #define HAVE_INTTYPES_H_WITH_UINTMAX 1
| #define HAVE_STDINT_H_WITH_UINTMAX 1
| #define HAVE_INTMAX_T 1
| #define HAVE_WCSLEN 1
| #define HAVE_SNPRINTF 1
| #define HAVE_STRNLEN 1
| #define HAVE_WCRTOMB 1
| #define HAVE_DECL__SNPRINTF 0
| #define HAVE_SNPRINTF_RETVAL_C99 1
| #define HAVE_SNPRINTF_TRUNCATION_C99 1
| #define HAVE_ALLOCA 1
| #define GNULIB_TEST_BTOC32 1
| #define GNULIB_TEST_BTOWC 1
| #define HAVE___BUILTIN_EXPECT 1
| #define GNULIB_TEST_C32_APPLY_TYPE_TEST 1
| #define GNULIB_TEST_C32_GET_TYPE_TEST 1
| #define GNULIB_TEST_C32ISALNUM 1
| #define GNULIB_TEST_C32ISALPHA 1
| #define GNULIB_TEST_C32ISBLANK 1
| #define GNULIB_TEST_C32ISCNTRL 1
| #define GNULIB_TEST_C32ISDIGIT 1
| #define GNULIB_TEST_C32ISGRAPH 1
| #define GNULIB_TEST_C32ISLOWER 1
| #define GNULIB_TEST_C32ISPRINT 1
| #define GNULIB_TEST_C32ISPUNCT 1
| #define GNULIB_TEST_C32ISSPACE 1
| #define GNULIB_TEST_C32ISUPPER 1
| #define GNULIB_TEST_C32ISXDIGIT 1
| #define GNULIB_TEST_C32TOLOWER 1
| #define GNULIB_TEST_C32WIDTH 1
| #define GNULIB_TEST_CALLOC_GNU 1
| #define GNULIB_TEST_CALLOC_POSIX 1
| #define HAVE_READLINKAT 1
| #define GNULIB_TEST_CHDIR 1
| #define HAVE_CLOCK_GETRES 1
| #define HAVE_CLOCK_GETTIME 1
| #define HAVE_CLOCK_SETTIME 1
| #define GNULIB_TEST_CLOEXEC 1
| #define GNULIB_TEST_CLOSE 1
| #define GNULIB_CLOSE 1
| #define HAVE_CLOSEDIR 1
| #define GNULIB_TEST_CLOSEDIR 1
| #define HAVE_STRUCT_DIRENT_D_TYPE 1
| #define HAVE_DIRFD 1
| #define HAVE_DECL_DIRFD 1
| #define GNULIB_TEST_DIRFD 1
| #define GNULIB_DIRNAME 1
| #define GNULIB_TEST_DUP 1
| #define GNULIB_TEST_DUP2 1
| #define GNULIB_TEST_ENVIRON 1
| #define GNULIB_TEST_FCHDIR 1
| #define GNULIB_TEST_FCNTL 1
| #define HAVE_DECL_FDOPENDIR 1
| #define GNULIB_TEST_FDOPENDIR 1
| #define GNULIB_FDOPENDIR 1
| #define HAVE_STRUCT_STAT_ST_BLOCKS 1
| #define HAVE_ST_BLOCKS 1
| #define GNULIB_FILENAMECAT 1
| #define HAVE_MEMPCPY 1
| #define FLEXIBLE_ARRAY_MEMBER /**/
| #define GNULIB_TEST_FNMATCH 1
| #define GNULIB_FNMATCH_GNU 1
| #define GNULIB_TEST_FOPEN 1
| #define GNULIB_FOPEN_GNU 1
| #define GNULIB_TEST_FOPEN_GNU 1
| #define HAVE_FREE_POSIX 1
| #define GNULIB_TEST_FREE_POSIX 1
| #define GNULIB_TEST_FREOPEN 1
| #define GNULIB_TEST_FSTAT 1
| #define GNULIB_FSTAT 1
| #define GNULIB_TEST_FSTATAT 1
| #define GNULIB_FSTATAT 1
| #define GNULIB_TEST_GETCWD 1
| #define GNULIB_TEST_GETDTABLESIZE 1
| #define GNULIB_TEST_GETOPT_POSIX 1
| #define GNULIB_TEST_GETPAGESIZE 1
| #define HAVE_DECL_PROGRAM_INVOCATION_NAME 1
| #define HAVE_DECL_PROGRAM_INVOCATION_NAME 1
| #define HAVE_DECL_PROGRAM_INVOCATION_SHORT_NAME 1
| #define HAVE_DECL___ARGV 0
| #define GNULIB_TEST_GETPROGNAME 1
| #define HAVE_GETRANDOM 1
| #define GNULIB_TEST_GETRANDOM 1
| #define HAVE_TIMESPEC_GET 1
| #define GETTIMEOFDAY_TIMEZONE void
| #define GNULIB_TEST_GETTIMEOFDAY 1
| #define GNULIB_LOCALEDIR "/usr/local/share/locale"
| #define HAVE_INLINE 1
| #define GNULIB_ISBLANK 1
| #define HAVE_ISWBLANK 1
| #define HAVE_DECL_ISWBLANK 1
| #define GNULIB_TEST_ISWBLANK 1
| #define GNULIB_TEST_ISWCTYPE 1
| #define GNULIB_TEST_ISWDIGIT 1
| #define GNULIB_TEST_ISWPUNCT 1
| #define GNULIB_TEST_ISWXDIGIT 1
| #define HAVE___INLINE 1
| #define GNULIB_TEST_LOCALECONV 1
| #define GNULIB_LOCALECONV 1
| #define HAVE_PTHREAD_RWLOCK 1
| #define HAVE_PTHREAD_MUTEX_RECURSIVE 1
| #define GNULIB_LOCK 1
| #define GNULIB_TEST_LSTAT 1
| #define GNULIB_LSTAT 1
| #define GNULIB_TEST_MALLOC_GNU 1
| #define GNULIB_TEST_MALLOC_POSIX 1
| #define MBRTOC32_IN_C_LOCALE_MAYBE_EILSEQ 1
| #define GNULIB_TEST_MBRTOC32 1
| #define MBRTOWC_IN_C_LOCALE_MAYBE_EILSEQ 1
| #define GNULIB_TEST_MBRTOWC 1
| #define GNULIB_TEST_MBSCASECMP 1
| #define GNULIB_TEST_MBSINIT 1
| #define GNULIB_TEST_MBSRTOC32S 1
| #define GNULIB_TEST_MBSRTOWCS 1
| #define GNULIB_TEST_MBSZERO 1
| #define HAVE_MBTOWC 1
| #define GNULIB_TEST_MBTOWC 1
| #define GNULIB_MCEL_PREFER 1
| #define GNULIB_TEST_MEMCHR 1
| #define HAVE_MEMPCPY 1
| #define GNULIB_TEST_MEMPCPY 1
| #define HAVE_MEMRCHR 1
| #define GNULIB_TEST_MEMRCHR 1
| #define GNULIB_TEST_MKDIR 1
| #define GNULIB_TEST_MKSTEMP 1
| #define GNULIB_TEST_MKTIME 1
| #define NEED_MKTIME_INTERNAL 1
| #define GNULIB_MSVC_NOTHROW 1
| #define HAVE_NL_LANGINFO 1
| #define FUNC_NL_LANGINFO_YESEXPR_WORKS 1
| #define NL_LANGINFO_MTSAFE 1
| #define REPLACE_NL_LANGINFO 1
| #define GNULIB_TEST_NL_LANGINFO 1
| #define GNULIB_TEST_OPEN 1
| #define GNULIB_OPENAT 1
| #define GNULIB_TEST_OPENAT 1
| #define HAVE_OPENDIR 1
| #define GNULIB_TEST_OPENDIR 1
| #define GNULIB_TEST_PCLOSE 1
| #define GNULIB_TEST_POPEN 1
| #define HAVE_DECL_PROGRAM_INVOCATION_NAME 1
| #define HAVE_DECL_PROGRAM_INVOCATION_SHORT_NAME 1
| #define GNULIB_TEST_PTHREAD_ONCE 1
| #define HAVE_RAISE 1
| #define GNULIB_TEST_RAISE 1
| #define HAVE_RAWMEMCHR 1
| #define GNULIB_TEST_RAWMEMCHR 1
| #define HAVE_READDIR 1
| #define GNULIB_TEST_READDIR 1
| #define GNULIB_TEST_READLINK 1
| #define HAVE_READLINKAT 1
| #define GNULIB_TEST_READLINKAT 1
| #define GNULIB_TEST_REALLOC_POSIX 1
| #define HAVE_REALLOCARRAY 1
| #define GNULIB_REALLOCARRAY 1
| #define GNULIB_TEST_REALLOCARRAY 1
| #define GNULIB_TEST_SETENV 1
| #define GNULIB_TEST_SETLOCALE_NULL 1
| #define HAVE_STRUCT_SIGACTION_SA_SIGACTION 1
| #define GNULIB_TEST_SIGACTION 1
| #define GNULIB_TEST_SIGPROCMASK 1
| #define STACK_DIRECTION -1
| #define HAVE_WORKING_SIGALTSTACK 1
| #define GNULIB_TEST_STAT 1
| #define GNULIB_STAT 1
| #define HAVE_STRUCT_STAT_ST_ATIM_TV_NSEC 1
| #define TYPEOF_STRUCT_STAT_ST_ATIM_IS_STRUCT_TIMESPEC 1
| /* end confdefs.h.  */
| #include <sys/types.h>
|      #include <sys/stat.h>
| 
| int
| main (void)
| {
| static struct stat ac_aggr;
| if (sizeof ac_aggr.st_birthtimespec.tv_nsec)
| return 0;
|   ;
|   return 0;
| }
configure:45283: result: no
configure:45293: checking for struct stat.st_birthtimensec
configure:45293: gcc -c -g -O2  conftest.c >&5
conftest.c: In function 'main':
conftest.c:391:12: error: 'struct stat' has no member named 'st_birthtimensec'
  391 | if (ac_aggr.st_birthtimensec)
      |            ^
configure:45293: $? = 1
configure: failed program was:
| /* confdefs.h */
| #define PACKAGE_NAME "GNU diffutils"
| #define PACKAGE_TARNAME "diffutils"
| #define PACKAGE_VERSION "3.12"
| #define PACKAGE_STRING "GNU diffutils 3.12"
| #define PACKAGE_BUGREPORT "bug-diffutils@gnu.org"
| #define PACKAGE_URL "https://www.gnu.org/software/diffutils/"
| #define PACKAGE "diffutils"
| #define VERSION "3.12"
| #define HAVE_STDIO_H 1
| #define HAVE_STDLIB_H 1
| #define HAVE_STRING_H 1
| #define HAVE_INTTYPES_H 1
| #define HAVE_STDINT_H 1
| #define HAVE_STRINGS_H 1
| #define HAVE_SYS_STAT_H 1
| #define HAVE_SYS_TYPES_H 1
| #define HAVE_UNISTD_H 1
| #define HAVE_WCHAR_H 1
| #define HAVE_STDBOOL_H 1
| #define HAVE_UCHAR_H 1
| #define HAVE_SYS_PARAM_H 1
| #define HAVE_SYS_SOCKET_H 1
| #define HAVE_DIRENT_H 1
| #define HAVE_ERROR_H 1
| #define HAVE_FNMATCH_H 1
| #define HAVE_GETOPT_H 1
| #define HAVE_SYS_TIME_H 1
| #define HAVE_THREADS_H 1
| #define HAVE_LIMITS_H 1
| #define HAVE_WCTYPE_H 1
| #define HAVE_LANGINFO_H 1
| #define HAVE_SYS_MMAN_H 1
| #define HAVE_PTHREAD_H 1
| #define HAVE_MALLOC_H 1
| #define HAVE_STDBIT_H 1
| #define HAVE_SYS_RANDOM_H 1
| #define HAVE_SYS_WAIT_H 1
| #define HAVE_FEATURES_H 1
| #define HAVE_ARPA_INET_H 1
| #define HAVE_NETDB_H 1
| #define HAVE_NETINET_IN_H 1
| #define HAVE_MATH_H 1
| #define HAVE_SYS_SELECT_H 1
| #define HAVE_SEMAPHORE_H 1
| #define HAVE_SYS_IOCTL_H 1
| #define HAVE_SYS_UN_H 1
| #define HAVE_SYS_UIO_H 1
| #define STDC_HEADERS 1
| #define _ALL_SOURCE 1
| #define _COSMO_SOURCE 1
| #define _DARWIN_C_SOURCE 1
| #define _GNU_SOURCE 1
| #define _HPUX_ALT_XOPEN_SOCKET_API 1
| #define _NETBSD_SOURCE 1
| #define _OPENBSD_SOURCE 1
| #define _POSIX_PTHREAD_SEMANTICS 1
| #define __STDC_WANT_IEC_60559_ATTRIBS_EXT__ 1
| #define __STDC_WANT_IEC_60559_BFP_EXT__ 1
| #define __STDC_WANT_IEC_60559_DFP_EXT__ 1
| #define __STDC_WANT_IEC_60559_EXT__ 1
| #define __STDC_WANT_IEC_60559_FUNCS_EXT__ 1
| #define __STDC_WANT_IEC_60559_TYPES_EXT__ 1
| #define __STDC_WANT_LIB_EXT2__ 1
| #define __STDC_WANT_MATH_SPEC_FUNCS__ 1
| #define _TANDEM_SOURCE 1
| #define __EXTENSIONS__ 1
| #define _LINUX_SOURCE_COMPAT 1
| #define __USE_MINGW_ANSI_STDIO 1
| #define HAVE_ALLOCA_H 1
| #define HAVE_ALLOCA 1
| #define HAVE_WINT_T 1
| #define HAVE_BTOWC 1
| #define HAVE_MBRTOWC 1
| #define HAVE_MBSINIT 1
| #define HAVE_FCHDIR 1
| #define HAVE_FCNTL 1
| #define HAVE_SYMLINK 1
| #define HAVE_FDOPENDIR 1
| #define HAVE_FNMATCH 1
| #define HAVE_MBSRTOWCS 1
| #define HAVE_FSTATAT 1
| #define HAVE_GETDTABLESIZE 1
| #define HAVE_GETTIMEOFDAY 1
| #define HAVE_ISBLANK 1
| #define HAVE_ISWCNTRL 1
| #define HAVE_LSTAT 1
| #define HAVE_MPROTECT 1
| #define HAVE_MKSTEMP 1
| #define HAVE_OPENAT 1
| #define HAVE_PCLOSE 1
| #define HAVE_POPEN 1
| #define HAVE_READLINK 1
| #define HAVE_ISWCTYPE 1
| #define HAVE_SETENV 1
| #define HAVE_SIGACTION 1
| #define HAVE_SIGALTSTACK 1
| #define HAVE_SIGINTERRUPT 1
| #define HAVE_SETRLIMIT 1
| #define HAVE_GETRLIMIT 1
| #define HAVE___XPG_STRERROR_R 1
| #define HAVE_STRPTIME 1
| #define HAVE_STRTOIMAX 1
| #define HAVE_LOCALTIME_R 1
| #define HAVE_WCRTOMB 1
| #define HAVE_WCWIDTH 1
| #define HAVE_PIPE 1
| #define HAVE_PSELECT 1
| #define HAVE_PTHREAD_SIGMASK 1
| #define HAVE_SLEEP 1
| #define HAVE_SNPRINTF 1
| #define HAVE_SHUTDOWN 1
| #define HAVE_UNLINKAT 1
| #define HAVE_WCTOB 1
| #define HAVE_SIGPROCMASK 1
| #define HAVE_FORK 1
| #define HAVE_VFORK 1
| #define HAVE_LANGINFO_CODESET 1
| #define BITSIZEOF_WCHAR_T 32
| #define HAVE_MBSTATE_T 1
| #define HAVE_WORKING_MBRTOC32 1
| #define HAVE_WORKING_C32RTOMB 1
| #define HAVE_MALLOC_PTRDIFF 1
| #define HAVE_MALLOC_POSIX 1
| #define restrict __restrict__
| #define HAVE_ENVIRON_DECL 1
| #define HAVE_ERROR 1
| #define HAVE_DECL_STRERROR_R 1
| #define HAVE_STRERROR_R 1
| #define STRERROR_R_CHAR_P 1
| #define HAVE_DECL_FCHDIR 1
| #define HAVE_WORKING_O_NOATIME 1
| #define HAVE_WORKING_O_NOFOLLOW 1
| #define HAVE_MEMPCPY 1
| #define FUNC_FFLUSH_STDIN 0
| #define LSTAT_FOLLOWS_SLASHED_SYMLINK 1
| #define HAVE_DECL_GETDTABLESIZE 1
| #define HAVE_GETOPT_H 1
| #define HAVE_GETOPT_LONG_ONLY 1
| #define HAVE_PTHREAD_API 1
| #define SETLOCALE_NULL_ALL_MTSAFE 1
| #define SETLOCALE_NULL_ONE_MTSAFE 1
| #ifndef __x86_64__
| #define __x86_64__ 1
| #endif
| #ifndef __x86_64__
| #define __x86_64__ 1
| #endif
| #define HAVE_LONG_LONG_INT 1
| #define HAVE_UNSIGNED_LONG_LONG_INT 1
| #define HAVE_TOWLOWER 1
| #define HAVE_LC_MESSAGES 1
| #define HAVE_WEAK_SYMBOLS 1
| #define USE_POSIX_THREADS 1
| #define USE_POSIX_THREADS_FROM_LIBC 1
| #define HAVE_MALLOC_0_NONNULL 1
| #define HAVE_MAP_ANONYMOUS 1
| #define HAVE_DECL_MEMRCHR 1
| #define HAVE_MINMAX_IN_SYS_PARAM_H 1
| #define TIME_T_IS_SIGNED 1
| #define HAVE_DECL_ALARM 1
| #define HAVE_STRUCT_TM_TM_GMTOFF 1
| #define HAVE_STRUCT_TM_TM_ZONE 1
| #define HAVE_TM_GMTOFF 1
| #define PROMOTED_MODE_T mode_t
| #define HAVE_PTHREAD_T 1
| #define HAVE_PTHREAD_SPINLOCK_T 1
| #define HAVE_SIGSET_T 1
| #define HAVE_SCHED_H 1
| #define HAVE_DECL_SETENV 1
| #define HAVE_DECL__PUTENV 0
| #define HAVE_SEARCH_H 1
| #define HAVE_TSEARCH 1
| #define HAVE_DECL_FCLOSEALL 1
| #define HAVE_DECL_GETW 1
| #define HAVE_DECL_PUTW 1
| #define HAVE_DECL_ECVT 1
| #define HAVE_DECL_FCVT 1
| #define HAVE_DECL_GCVT 1
| #define HAVE_DECL_STRDUP 1
| #define HAVE_STRERROR_R 1
| #define HAVE_DECL_STRNLEN 1
| #define HAVE_DECL_STRTOIMAX 1
| #define _USE_STD_STAT 1
| #define HAVE_DECL_EXECVPE 1
| #define HAVE_DECL_CLEARERR_UNLOCKED 1
| #define HAVE_DECL_FEOF_UNLOCKED 1
| #define HAVE_DECL_FERROR_UNLOCKED 1
| #define HAVE_DECL_FFLUSH_UNLOCKED 1
| #define HAVE_DECL_FGETS_UNLOCKED 1
| #define HAVE_DECL_FPUTC_UNLOCKED 1
| #define HAVE_DECL_FPUTS_UNLOCKED 1
| #define HAVE_DECL_FREAD_UNLOCKED 1
| #define HAVE_DECL_FWRITE_UNLOCKED 1
| #define HAVE_DECL_GETC_UNLOCKED 1
| #define HAVE_DECL_GETCHAR_UNLOCKED 1
| #define HAVE_DECL_PUTC_UNLOCKED 1
| #define HAVE_DECL_PUTCHAR_UNLOCKED 1
| #define HAVE_DECL_UNSETENV 1
| #define HAVE_DECL_WCSDUP 1
| #define HAVE_SHUTDOWN 1
| #define HAVE_STRUCT_SOCKADDR_STORAGE 1
| #define HAVE_SA_FAMILY_T 1
| #define HAVE_STRUCT_SOCKADDR_STORAGE_SS_FAMILY 1
| #define HAVE_IPV4 1
| #define HAVE_IPV6 1
| #define DBL_EXPBIT0_WORD 1
| #define DBL_EXPBIT0_BIT 20
| #define FLT_EXPBIT0_WORD 0
| #define FLT_EXPBIT0_BIT 23
| #define LDBL_EXPBIT0_WORD 2
| #define LDBL_EXPBIT0_BIT 0
| #define HAVE_DECL_INITSTATE 1
| #define HAVE_DECL_SETSTATE 1
| #define HAVE_DECL_SNPRINTF 1
| #define HAVE_INTTYPES_H_WITH_UINTMAX 1
| #define HAVE_STDINT_H_WITH_UINTMAX 1
| #define HAVE_INTMAX_T 1
| #define HAVE_WCSLEN 1
| #define HAVE_SNPRINTF 1
| #define HAVE_STRNLEN 1
| #define HAVE_WCRTOMB 1
| #define HAVE_DECL__SNPRINTF 0
| #define HAVE_SNPRINTF_RETVAL_C99 1
| #define HAVE_SNPRINTF_TRUNCATION_C99 1
| #define HAVE_ALLOCA 1
| #define GNULIB_TEST_BTOC32 1
| #define GNULIB_TEST_BTOWC 1
| #define HAVE___BUILTIN_EXPECT 1
| #define GNULIB_TEST_C32_APPLY_TYPE_TEST 1
| #define GNULIB_TEST_C32_GET_TYPE_TEST 1
| #define GNULIB_TEST_C32ISALNUM 1
| #define GNULIB_TEST_C32ISALPHA 1
| #define GNULIB_TEST_C32ISBLANK 1
| #define GNULIB_TEST_C32ISCNTRL 1
| #define GNULIB_TEST_C32ISDIGIT 1
| #define GNULIB_TEST_C32ISGRAPH 1
| #define GNULIB_TEST_C32ISLOWER 1
| #define GNULIB_TEST_C32ISPRINT 1
| #define GNULIB_TEST_C32ISPUNCT 1
| #define GNULIB_TEST_C32ISSPACE 1
| #define GNULIB_TEST_C32ISUPPER 1
| #define GNULIB_TEST_C32ISXDIGIT 1
| #define GNULIB_TEST_C32TOLOWER 1
| #define GNULIB_TEST_C32WIDTH 1
| #define GNULIB_TEST_CALLOC_GNU 1
| #define GNULIB_TEST_CALLOC_POSIX 1
| #define HAVE_READLINKAT 1
| #define GNULIB_TEST_CHDIR 1
| #define HAVE_CLOCK_GETRES 1
| #define HAVE_CLOCK_GETTIME 1
| #define HAVE_CLOCK_SETTIME 1
| #define GNULIB_TEST_CLOEXEC 1
| #define GNULIB_TEST_CLOSE 1
| #define GNULIB_CLOSE 1
| #define HAVE_CLOSEDIR 1
| #define GNULIB_TEST_CLOSEDIR 1
| #define HAVE_STRUCT_DIRENT_D_TYPE 1
| #define HAVE_DIRFD 1
| #define HAVE_DECL_DIRFD 1
| #define GNULIB_TEST_DIRFD 1
| #define GNULIB_DIRNAME 1
| #define GNULIB_TEST_DUP 1
| #define GNULIB_TEST_DUP2 1
| #define GNULIB_TEST_ENVIRON 1
| #define GNULIB_TEST_FCHDIR 1
| #define GNULIB_TEST_FCNTL 1
| #define HAVE_DECL_FDOPENDIR 1
| #define GNULIB_TEST_FDOPENDIR 1
| #define GNULIB_FDOPENDIR 1
| #define HAVE_STRUCT_STAT_ST_BLOCKS 1
| #define HAVE_ST_BLOCKS 1
| #define GNULIB_FILENAMECAT 1
| #define HAVE_MEMPCPY 1
| #define FLEXIBLE_ARRAY_MEMBER /**/
| #define GNULIB_TEST_FNMATCH 1
| #define GNULIB_FNMATCH_GNU 1
| #define GNULIB_TEST_FOPEN 1
| #define GNULIB_FOPEN_GNU 1
| #define GNULIB_TEST_FOPEN_GNU 1
| #define HAVE_FREE_POSIX 1
| #define GNULIB_TEST_FREE_POSIX 1
| #define GNULIB_TEST_FREOPEN 1
| #define GNULIB_TEST_FSTAT 1
| #define GNULIB_FSTAT 1
| #define GNULIB_TEST_FSTATAT 1
| #define GNULIB_FSTATAT 1
| #define GNULIB_TEST_GETCWD 1
| #define GNULIB_TEST_GETDTABLESIZE 1
| #define GNULIB_TEST_GETOPT_POSIX 1
| #define GNULIB_TEST_GETPAGESIZE 1
| #define HAVE_DECL_PROGRAM_INVOCATION_NAME 1
| #define HAVE_DECL_PROGRAM_INVOCATION_NAME 1
| #define HAVE_DECL_PROGRAM_INVOCATION_SHORT_NAME 1
| #define HAVE_DECL___ARGV 0
| #define GNULIB_TEST_GETPROGNAME 1
| #define HAVE_GETRANDOM 1
| #define GNULIB_TEST_GETRANDOM 1
| #define HAVE_TIMESPEC_GET 1
| #define GETTIMEOFDAY_TIMEZONE void
| #define GNULIB_TEST_GETTIMEOFDAY 1
| #define GNULIB_LOCALEDIR "/usr/local/share/locale"
| #define HAVE_INLINE 1
| #define GNULIB_ISBLANK 1
| #define HAVE_ISWBLANK 1
| #define HAVE_DECL_ISWBLANK 1
| #define GNULIB_TEST_ISWBLANK 1
| #define GNULIB_TEST_ISWCTYPE 1
| #define GNULIB_TEST_ISWDIGIT 1
| #define GNULIB_TEST_ISWPUNCT 1
| #define GNULIB_TEST_ISWXDIGIT 1
| #define HAVE___INLINE 1
| #define GNULIB_TEST_LOCALECONV 1
| #define GNULIB_LOCALECONV 1
| #define HAVE_PTHREAD_RWLOCK 1
| #define HAVE_PTHREAD_MUTEX_RECURSIVE 1
| #define GNULIB_LOCK 1
| #define GNULIB_TEST_LSTAT 1
| #define GNULIB_LSTAT 1
| #define GNULIB_TEST_MALLOC_GNU 1
| #define GNULIB_TEST_MALLOC_POSIX 1
| #define MBRTOC32_IN_C_LOCALE_MAYBE_EILSEQ 1
| #define GNULIB_TEST_MBRTOC32 1
| #define MBRTOWC_IN_C_LOCALE_MAYBE_EILSEQ 1
| #define GNULIB_TEST_MBRTOWC 1
| #define GNULIB_TEST_MBSCASECMP 1
| #define GNULIB_TEST_MBSINIT 1
| #define GNULIB_TEST_MBSRTOC32S 1
| #define GNULIB_TEST_MBSRTOWCS 1
| #define GNULIB_TEST_MBSZERO 1
| #define HAVE_MBTOWC 1
| #define GNULIB_TEST_MBTOWC 1
| #define GNULIB_MCEL_PREFER 1
| #define GNULIB_TEST_MEMCHR 1
| #define HAVE_MEMPCPY 1
| #define GNULIB_TEST_MEMPCPY 1
| #define HAVE_MEMRCHR 1
| #define GNULIB_TEST_MEMRCHR 1
| #define GNULIB_TEST_MKDIR 1
| #define GNULIB_TEST_MKSTEMP 1
| #define GNULIB_TEST_MKTIME 1
| #define NEED_MKTIME_INTERNAL 1
| #define GNULIB_MSVC_NOTHROW 1
| #define HAVE_NL_LANGINFO 1
| #define FUNC_NL_LANGINFO_YESEXPR_WORKS 1
| #define NL_LANGINFO_MTSAFE 1
| #define REPLACE_NL_LANGINFO 1
| #define GNULIB_TEST_NL_LANGINFO 1
| #define GNULIB_TEST_OPEN 1
| #define GNULIB_OPENAT 1
| #define GNULIB_TEST_OPENAT 1
| #define HAVE_OPENDIR 1
| #define GNULIB_TEST_OPENDIR 1
| #define GNULIB_TEST_PCLOSE 1
| #define GNULIB_TEST_POPEN 1
| #define HAVE_DECL_PROGRAM_INVOCATION_NAME 1
| #define HAVE_DECL_PROGRAM_INVOCATION_SHORT_NAME 1
| #define GNULIB_TEST_PTHREAD_ONCE 1
| #define HAVE_RAISE 1
| #define GNULIB_TEST_RAISE 1
| #define HAVE_RAWMEMCHR 1
| #define GNULIB_TEST_RAWMEMCHR 1
| #define HAVE_READDIR 1
| #define GNULIB_TEST_READDIR 1
| #define GNULIB_TEST_READLINK 1
| #define HAVE_READLINKAT 1
| #define GNULIB_TEST_READLINKAT 1
| #define GNULIB_TEST_REALLOC_POSIX 1
| #define HAVE_REALLOCARRAY 1
| #define GNULIB_REALLOCARRAY 1
| #define GNULIB_TEST_REALLOCARRAY 1
| #define GNULIB_TEST_SETENV 1
| #define GNULIB_TEST_SETLOCALE_NULL 1
| #define HAVE_STRUCT_SIGACTION_SA_SIGACTION 1
| #define GNULIB_TEST_SIGACTION 1
| #define GNULIB_TEST_SIGPROCMASK 1
| #define STACK_DIRECTION -1
| #define HAVE_WORKING_SIGALTSTACK 1
| #define GNULIB_TEST_STAT 1
| #define GNULIB_STAT 1
| #define HAVE_STRUCT_STAT_ST_ATIM_TV_NSEC 1
| #define TYPEOF_STRUCT_STAT_ST_ATIM_IS_STRUCT_TIMESPEC 1
| /* end confdefs.h.  */
| #include <sys/types.h>
|         #include <sys/stat.h>
| 
| int
| main (void)
| {
| static struct stat ac_aggr;
| if (ac_aggr.st_birthtimensec)
| return 0;
|   ;
|   return 0;
| }
configure:45293: gcc -c -g -O2  conftest.c >&5
conftest.c: In function 'main':
conftest.c:391:19: error: 'struct stat' has no member named 'st_birthtimensec'
  391 | if (sizeof ac_aggr.st_birthtimensec)
      |                   ^
configure:45293: $? = 1
configure: failed program was:
| /* confdefs.h */
| #define PACKAGE_NAME "GNU diffutils"
| #define PACKAGE_TARNAME "diffutils"
| #define PACKAGE_VERSION "3.12"
| #define PACKAGE_STRING "GNU diffutils 3.12"
| #define PACKAGE_BUGREPORT "bug-diffutils@gnu.org"
| #define PACKAGE_URL "https://www.gnu.org/software/diffutils/"
| #define PACKAGE "diffutils"
| #define VERSION "3.12"
| #define HAVE_STDIO_H 1
| #define HAVE_STDLIB_H 1
| #define HAVE_STRING_H 1
| #define HAVE_INTTYPES_H 1
| #define HAVE_STDINT_H 1
| #define HAVE_STRINGS_H 1
| #define HAVE_SYS_STAT_H 1
| #define HAVE_SYS_TYPES_H 1
| #define HAVE_UNISTD_H 1
| #define HAVE_WCHAR_H 1
| #define HAVE_STDBOOL_H 1
| #define HAVE_UCHAR_H 1
| #define HAVE_SYS_PARAM_H 1
| #define HAVE_SYS_SOCKET_H 1
| #define HAVE_DIRENT_H 1
| #define HAVE_ERROR_H 1
| #define HAVE_FNMATCH_H 1
| #define HAVE_GETOPT_H 1
| #define HAVE_SYS_TIME_H 1
| #define HAVE_THREADS_H 1
| #define HAVE_LIMITS_H 1
| #define HAVE_WCTYPE_H 1
| #define HAVE_LANGINFO_H 1
| #define HAVE_SYS_MMAN_H 1
| #define HAVE_PTHREAD_H 1
| #define HAVE_MALLOC_H 1
| #define HAVE_STDBIT_H 1
| #define HAVE_SYS_RANDOM_H 1
| #define HAVE_SYS_WAIT_H 1
| #define HAVE_FEATURES_H 1
| #define HAVE_ARPA_INET_H 1
| #define HAVE_NETDB_H 1
| #define HAVE_NETINET_IN_H 1
| #define HAVE_MATH_H 1
| #define HAVE_SYS_SELECT_H 1
| #define HAVE_SEMAPHORE_H 1
| #define HAVE_SYS_IOCTL_H 1
| #define HAVE_SYS_UN_H 1
| #define HAVE_SYS_UIO_H 1
| #define STDC_HEADERS 1
| #define _ALL_SOURCE 1
| #define _COSMO_SOURCE 1
| #define _DARWIN_C_SOURCE 1
| #define _GNU_SOURCE 1
| #define _HPUX_ALT_XOPEN_SOCKET_API 1
| #define _NETBSD_SOURCE 1
| #define _OPENBSD_SOURCE 1
| #define _POSIX_PTHREAD_SEMANTICS 1
| #define __STDC_WANT_IEC_60559_ATTRIBS_EXT__ 1
| #define __STDC_WANT_IEC_60559_BFP_EXT__ 1
| #define __STDC_WANT_IEC_60559_DFP_EXT__ 1
| #define __STDC_WANT_IEC_60559_EXT__ 1
| #define __STDC_WANT_IEC_60559_FUNCS_EXT__ 1
| #define __STDC_WANT_IEC_60559_TYPES_EXT__ 1
| #define __STDC_WANT_LIB_EXT2__ 1
| #define __STDC_WANT_MATH_SPEC_FUNCS__ 1
| #define _TANDEM_SOURCE 1
| #define __EXTENSIONS__ 1
| #define _LINUX_SOURCE_COMPAT 1
| #define __USE_MINGW_ANSI_STDIO 1
| #define HAVE_ALLOCA_H 1
| #define HAVE_ALLOCA 1
| #define HAVE_WINT_T 1
| #define HAVE_BTOWC 1
| #define HAVE_MBRTOWC 1
| #define HAVE_MBSINIT 1
| #define HAVE_FCHDIR 1
| #define HAVE_FCNTL 1
| #define HAVE_SYMLINK 1
| #define HAVE_FDOPENDIR 1
| #define HAVE_FNMATCH 1
| #define HAVE_MBSRTOWCS 1
| #define HAVE_FSTATAT 1
| #define HAVE_GETDTABLESIZE 1
| #define HAVE_GETTIMEOFDAY 1
| #define HAVE_ISBLANK 1
| #define HAVE_ISWCNTRL 1
| #define HAVE_LSTAT 1
| #define HAVE_MPROTECT 1
| #define HAVE_MKSTEMP 1
| #define HAVE_OPENAT 1
| #define HAVE_PCLOSE 1
| #define HAVE_POPEN 1
| #define HAVE_READLINK 1
| #define HAVE_ISWCTYPE 1
| #define HAVE_SETENV 1
| #define HAVE_SIGACTION 1
| #define HAVE_SIGALTSTACK 1
| #define HAVE_SIGINTERRUPT 1
| #define HAVE_SETRLIMIT 1
| #define HAVE_GETRLIMIT 1
| #define HAVE___XPG_STRERROR_R 1
| #define HAVE_STRPTIME 1
| #define HAVE_STRTOIMAX 1
| #define HAVE_LOCALTIME_R 1
| #define HAVE_WCRTOMB 1
| #define HAVE_WCWIDTH 1
| #define HAVE_PIPE 1
| #define HAVE_PSELECT 1
| #define HAVE_PTHREAD_SIGMASK 1
| #define HAVE_SLEEP 1
| #define HAVE_SNPRINTF 1
| #define HAVE_SHUTDOWN 1
| #define HAVE_UNLINKAT 1
| #define HAVE_WCTOB 1
| #define HAVE_SIGPROCMASK 1
| #define HAVE_FORK 1
| #define HAVE_VFORK 1
| #define HAVE_LANGINFO_CODESET 1
| #define BITSIZEOF_WCHAR_T 32
| #define HAVE_MBSTATE_T 1
| #define HAVE_WORKING_MBRTOC32 1
| #define HAVE_WORKING_C32RTOMB 1
| #define HAVE_MALLOC_PTRDIFF 1
| #define HAVE_MALLOC_POSIX 1
| #define restrict __restrict__
| #define HAVE_ENVIRON_DECL 1
| #define HAVE_ERROR 1
| #define HAVE_DECL_STRERROR_R 1
| #define HAVE_STRERROR_R 1
| #define STRERROR_R_CHAR_P 1
| #define HAVE_DECL_FCHDIR 1
| #define HAVE_WORKING_O_NOATIME 1
| #define HAVE_WORKING_O_NOFOLLOW 1
| #define HAVE_MEMPCPY 1
| #define FUNC_FFLUSH_STDIN 0
| #define LSTAT_FOLLOWS_SLASHED_SYMLINK 1
| #define HAVE_DECL_GETDTABLESIZE 1
| #define HAVE_GETOPT_H 1
| #define HAVE_GETOPT_LONG_ONLY 1
| #define HAVE_PTHREAD_API 1
| #define SETLOCALE_NULL_ALL_MTSAFE 1
| #define SETLOCALE_NULL_ONE_MTSAFE 1
| #ifndef __x86_64__
| #define __x86_64__ 1
| #endif
| #ifndef __x86_64__
| #define __x86_64__ 1
| #endif
| #define HAVE_LONG_LONG_INT 1
| #define HAVE_UNSIGNED_LONG_LONG_INT 1
| #define HAVE_TOWLOWER 1
| #define HAVE_LC_MESSAGES 1
| #define HAVE_WEAK_SYMBOLS 1
| #define USE_POSIX_THREADS 1
| #define USE_POSIX_THREADS_FROM_LIBC 1
| #define HAVE_MALLOC_0_NONNULL 1
| #define HAVE_MAP_ANONYMOUS 1
| #define HAVE_DECL_MEMRCHR 1
| #define HAVE_MINMAX_IN_SYS_PARAM_H 1
| #define TIME_T_IS_SIGNED 1
| #define HAVE_DECL_ALARM 1
| #define HAVE_STRUCT_TM_TM_GMTOFF 1
| #define HAVE_STRUCT_TM_TM_ZONE 1
| #define HAVE_TM_GMTOFF 1
| #define PROMOTED_MODE_T mode_t
| #define HAVE_PTHREAD_T 1
| #define HAVE_PTHREAD_SPINLOCK_T 1
| #define HAVE_SIGSET_T 1
| #define HAVE_SCHED_H 1
| #define HAVE_DECL_SETENV 1
| #define HAVE_DECL__PUTENV 0
| #define HAVE_SEARCH_H 1
| #define HAVE_TSEARCH 1
| #define HAVE_DECL_FCLOSEALL 1
| #define HAVE_DECL_GETW 1
| #define HAVE_DECL_PUTW 1
| #define HAVE_DECL_ECVT 1
| #define HAVE_DECL_FCVT 1
| #define HAVE_DECL_GCVT 1
| #define HAVE_DECL_STRDUP 1
| #define HAVE_STRERROR_R 1
| #define HAVE_DECL_STRNLEN 1
| #define HAVE_DECL_STRTOIMAX 1
| #define _USE_STD_STAT 1
| #define HAVE_DECL_EXECVPE 1
| #define HAVE_DECL_CLEARERR_UNLOCKED 1
| #define HAVE_DECL_FEOF_UNLOCKED 1
| #define HAVE_DECL_FERROR_UNLOCKED 1
| #define HAVE_DECL_FFLUSH_UNLOCKED 1
| #define HAVE_DECL_FGETS_UNLOCKED 1
| #define HAVE_DECL_FPUTC_UNLOCKED 1
| #define HAVE_DECL_FPUTS_UNLOCKED 1
| #define HAVE_DECL_FREAD_UNLOCKED 1
| #define HAVE_DECL_FWRITE_UNLOCKED 1
| #define HAVE_DECL_GETC_UNLOCKED 1
| #define HAVE_DECL_GETCHAR_UNLOCKED 1
| #define HAVE_DECL_PUTC_UNLOCKED 1
| #define HAVE_DECL_PUTCHAR_UNLOCKED 1
| #define HAVE_DECL_UNSETENV 1
| #define HAVE_DECL_WCSDUP 1
| #define HAVE_SHUTDOWN 1
| #define HAVE_STRUCT_SOCKADDR_STORAGE 1
| #define HAVE_SA_FAMILY_T 1
| #define HAVE_STRUCT_SOCKADDR_STORAGE_SS_FAMILY 1
| #define HAVE_IPV4 1
| #define HAVE_IPV6 1
| #define DBL_EXPBIT0_WORD 1
| #define DBL_EXPBIT0_BIT 20
| #define FLT_EXPBIT0_WORD 0
| #define FLT_EXPBIT0_BIT 23
| #define LDBL_EXPBIT0_WORD 2
| #define LDBL_EXPBIT0_BIT 0
| #define HAVE_DECL_INITSTATE 1
| #define HAVE_DECL_SETSTATE 1
| #define HAVE_DECL_SNPRINTF 1
| #define HAVE_INTTYPES_H_WITH_UINTMAX 1
| #define HAVE_STDINT_H_WITH_UINTMAX 1
| #define HAVE_INTMAX_T 1
| #define HAVE_WCSLEN 1
| #define HAVE_SNPRINTF 1
| #define HAVE_STRNLEN 1
| #define HAVE_WCRTOMB 1
| #define HAVE_DECL__SNPRINTF 0
| #define HAVE_SNPRINTF_RETVAL_C99 1
| #define HAVE_SNPRINTF_TRUNCATION_C99 1
| #define HAVE_ALLOCA 1
| #define GNULIB_TEST_BTOC32 1
| #define GNULIB_TEST_BTOWC 1
| #define HAVE___BUILTIN_EXPECT 1
| #define GNULIB_TEST_C32_APPLY_TYPE_TEST 1
| #define GNULIB_TEST_C32_GET_TYPE_TEST 1
| #define GNULIB_TEST_C32ISALNUM 1
| #define GNULIB_TEST_C32ISALPHA 1
| #define GNULIB_TEST_C32ISBLANK 1
| #define GNULIB_TEST_C32ISCNTRL 1
| #define GNULIB_TEST_C32ISDIGIT 1
| #define GNULIB_TEST_C32ISGRAPH 1
| #define GNULIB_TEST_C32ISLOWER 1
| #define GNULIB_TEST_C32ISPRINT 1
| #define GNULIB_TEST_C32ISPUNCT 1
| #define GNULIB_TEST_C32ISSPACE 1
| #define GNULIB_TEST_C32ISUPPER 1
| #define GNULIB_TEST_C32ISXDIGIT 1
| #define GNULIB_TEST_C32TOLOWER 1
| #define GNULIB_TEST_C32WIDTH 1
| #define GNULIB_TEST_CALLOC_GNU 1
| #define GNULIB_TEST_CALLOC_POSIX 1
| #define HAVE_READLINKAT 1
| #define GNULIB_TEST_CHDIR 1
| #define HAVE_CLOCK_GETRES 1
| #define HAVE_CLOCK_GETTIME 1
| #define HAVE_CLOCK_SETTIME 1
| #define GNULIB_TEST_CLOEXEC 1
| #define GNULIB_TEST_CLOSE 1
| #define GNULIB_CLOSE 1
| #define HAVE_CLOSEDIR 1
| #define GNULIB_TEST_CLOSEDIR 1
| #define HAVE_STRUCT_DIRENT_D_TYPE 1
| #define HAVE_DIRFD 1
| #define HAVE_DECL_DIRFD 1
| #define GNULIB_TEST_DIRFD 1
| #define GNULIB_DIRNAME 1
| #define GNULIB_TEST_DUP 1
| #define GNULIB_TEST_DUP2 1
| #define GNULIB_TEST_ENVIRON 1
| #define GNULIB_TEST_FCHDIR 1
| #define GNULIB_TEST_FCNTL 1
| #define HAVE_DECL_FDOPENDIR 1
| #define GNULIB_TEST_FDOPENDIR 1
| #define GNULIB_FDOPENDIR 1
| #define HAVE_STRUCT_STAT_ST_BLOCKS 1
| #define HAVE_ST_BLOCKS 1
| #define GNULIB_FILENAMECAT 1
| #define HAVE_MEMPCPY 1
| #define FLEXIBLE_ARRAY_MEMBER /**/
| #define GNULIB_TEST_FNMATCH 1
| #define GNULIB_FNMATCH_GNU 1
| #define GNULIB_TEST_FOPEN 1
| #define GNULIB_FOPEN_GNU 1
| #define GNULIB_TEST_FOPEN_GNU 1
| #define HAVE_FREE_POSIX 1
| #define GNULIB_TEST_FREE_POSIX 1
| #define GNULIB_TEST_FREOPEN 1
| #define GNULIB_TEST_FSTAT 1
| #define GNULIB_FSTAT 1
| #define GNULIB_TEST_FSTATAT 1
| #define GNULIB_FSTATAT 1
| #define GNULIB_TEST_GETCWD 1
| #define GNULIB_TEST_GETDTABLESIZE 1
| #define GNULIB_TEST_GETOPT_POSIX 1
| #define GNULIB_TEST_GETPAGESIZE 1
| #define HAVE_DECL_PROGRAM_INVOCATION_NAME 1
| #define HAVE_DECL_PROGRAM_INVOCATION_NAME 1
| #define HAVE_DECL_PROGRAM_INVOCATION_SHORT_NAME 1
| #define HAVE_DECL___ARGV 0
| #define GNULIB_TEST_GETPROGNAME 1
| #define HAVE_GETRANDOM 1
| #define GNULIB_TEST_GETRANDOM 1
| #define HAVE_TIMESPEC_GET 1
| #define GETTIMEOFDAY_TIMEZONE void
| #define GNULIB_TEST_GETTIMEOFDAY 1
| #define GNULIB_LOCALEDIR "/usr/local/share/locale"
| #define HAVE_INLINE 1
| #define GNULIB_ISBLANK 1
| #define HAVE_ISWBLANK 1
| #define HAVE_DECL_ISWBLANK 1
| #define GNULIB_TEST_ISWBLANK 1
| #define GNULIB_TEST_ISWCTYPE 1
| #define GNULIB_TEST_ISWDIGIT 1
| #define GNULIB_TEST_ISWPUNCT 1
| #define GNULIB_TEST_ISWXDIGIT 1
| #define HAVE___INLINE 1
| #define GNULIB_TEST_LOCALECONV 1
| #define GNULIB_LOCALECONV 1
| #define HAVE_PTHREAD_RWLOCK 1
| #define HAVE_PTHREAD_MUTEX_RECURSIVE 1
| #define GNULIB_LOCK 1
| #define GNULIB_TEST_LSTAT 1
| #define GNULIB_LSTAT 1
| #define GNULIB_TEST_MALLOC_GNU 1
| #define GNULIB_TEST_MALLOC_POSIX 1
| #define MBRTOC32_IN_C_LOCALE_MAYBE_EILSEQ 1
| #define GNULIB_TEST_MBRTOC32 1
| #define MBRTOWC_IN_C_LOCALE_MAYBE_EILSEQ 1
| #define GNULIB_TEST_MBRTOWC 1
| #define GNULIB_TEST_MBSCASECMP 1
| #define GNULIB_TEST_MBSINIT 1
| #define GNULIB_TEST_MBSRTOC32S 1
| #define GNULIB_TEST_MBSRTOWCS 1
| #define GNULIB_TEST_MBSZERO 1
| #define HAVE_MBTOWC 1
| #define GNULIB_TEST_MBTOWC 1
| #define GNULIB_MCEL_PREFER 1
| #define GNULIB_TEST_MEMCHR 1
| #define HAVE_MEMPCPY 1
| #define GNULIB_TEST_MEMPCPY 1
| #define HAVE_MEMRCHR 1
| #define GNULIB_TEST_MEMRCHR 1
| #define GNULIB_TEST_MKDIR 1
| #define GNULIB_TEST_MKSTEMP 1
| #define GNULIB_TEST_MKTIME 1
| #define NEED_MKTIME_INTERNAL 1
| #define GNULIB_MSVC_NOTHROW 1
| #define HAVE_NL_LANGINFO 1
| #define FUNC_NL_LANGINFO_YESEXPR_WORKS 1
| #define NL_LANGINFO_MTSAFE 1
| #define REPLACE_NL_LANGINFO 1
| #define GNULIB_TEST_NL_LANGINFO 1
| #define GNULIB_TEST_OPEN 1
| #define GNULIB_OPENAT 1
| #define GNULIB_TEST_OPENAT 1
| #define HAVE_OPENDIR 1
| #define GNULIB_TEST_OPENDIR 1
| #define GNULIB_TEST_PCLOSE 1
| #define GNULIB_TEST_POPEN 1
| #define HAVE_DECL_PROGRAM_INVOCATION_NAME 1
| #define HAVE_DECL_PROGRAM_INVOCATION_SHORT_NAME 1
| #define GNULIB_TEST_PTHREAD_ONCE 1
| #define HAVE_RAISE 1
| #define GNULIB_TEST_RAISE 1
| #define HAVE_RAWMEMCHR 1
| #define GNULIB_TEST_RAWMEMCHR 1
| #define HAVE_READDIR 1
| #define GNULIB_TEST_READDIR 1
| #define GNULIB_TEST_READLINK 1
| #define HAVE_READLINKAT 1
| #define GNULIB_TEST_READLINKAT 1
| #define GNULIB_TEST_REALLOC_POSIX 1
| #define HAVE_REALLOCARRAY 1
| #define GNULIB_REALLOCARRAY 1
| #define GNULIB_TEST_REALLOCARRAY 1
| #define GNULIB_TEST_SETENV 1
| #define GNULIB_TEST_SETLOCALE_NULL 1
| #define HAVE_STRUCT_SIGACTION_SA_SIGACTION 1
| #define GNULIB_TEST_SIGACTION 1
| #define GNULIB_TEST_SIGPROCMASK 1
| #define STACK_DIRECTION -1
| #define HAVE_WORKING_SIGALTSTACK 1
| #define GNULIB_TEST_STAT 1
| #define GNULIB_STAT 1
| #define HAVE_STRUCT_STAT_ST_ATIM_TV_NSEC 1
| #define TYPEOF_STRUCT_STAT_ST_ATIM_IS_STRUCT_TIMESPEC 1
| /* end confdefs.h.  */
| #include <sys/types.h>
|         #include <sys/stat.h>
| 
| int
| main (void)
| {
| static struct stat ac_aggr;
| if (sizeof ac_aggr.st_birthtimensec)
| return 0;
|   ;
|   return 0;
| }
configure:45293: result: no
configure:45303: checking for struct stat.st_birthtim.tv_nsec
configure:45303: gcc -c -g -O2  conftest.c >&5
conftest.c: In function 'main':
conftest.c:391:12: error: 'struct stat' has no member named 'st_birthtim'
  391 | if (ac_aggr.st_birthtim.tv_nsec)
      |            ^
configure:45303: $? = 1
configure: failed program was:
| /* confdefs.h */
| #define PACKAGE_NAME "GNU diffutils"
| #define PACKAGE_TARNAME "diffutils"
| #define PACKAGE_VERSION "3.12"
| #define PACKAGE_STRING "GNU diffutils 3.12"
| #define PACKAGE_BUGREPORT "bug-diffutils@gnu.org"
| #define PACKAGE_URL "https://www.gnu.org/software/diffutils/"
| #define PACKAGE "diffutils"
| #define VERSION "3.12"
| #define HAVE_STDIO_H 1
| #define HAVE_STDLIB_H 1
| #define HAVE_STRING_H 1
| #define HAVE_INTTYPES_H 1
| #define HAVE_STDINT_H 1
| #define HAVE_STRINGS_H 1
| #define HAVE_SYS_STAT_H 1
| #define HAVE_SYS_TYPES_H 1
| #define HAVE_UNISTD_H 1
| #define HAVE_WCHAR_H 1
| #define HAVE_STDBOOL_H 1
| #define HAVE_UCHAR_H 1
| #define HAVE_SYS_PARAM_H 1
| #define HAVE_SYS_SOCKET_H 1
| #define HAVE_DIRENT_H 1
| #define HAVE_ERROR_H 1
| #define HAVE_FNMATCH_H 1
| #define HAVE_GETOPT_H 1
| #define HAVE_SYS_TIME_H 1
| #define HAVE_THREADS_H 1
| #define HAVE_LIMITS_H 1
| #define HAVE_WCTYPE_H 1
| #define HAVE_LANGINFO_H 1
| #define HAVE_SYS_MMAN_H 1
| #define HAVE_PTHREAD_H 1
| #define HAVE_MALLOC_H 1
| #define HAVE_STDBIT_H 1
| #define HAVE_SYS_RANDOM_H 1
| #define HAVE_SYS_WAIT_H 1
| #define HAVE_FEATURES_H 1
| #define HAVE_ARPA_INET_H 1
| #define HAVE_NETDB_H 1
| #define HAVE_NETINET_IN_H 1
| #define HAVE_MATH_H 1
| #define HAVE_SYS_SELECT_H 1
| #define HAVE_SEMAPHORE_H 1
| #define HAVE_SYS_IOCTL_H 1
| #define HAVE_SYS_UN_H 1
| #define HAVE_SYS_UIO_H 1
| #define STDC_HEADERS 1
| #define _ALL_SOURCE 1
| #define _COSMO_SOURCE 1
| #define _DARWIN_C_SOURCE 1
| #define _GNU_SOURCE 1
| #define _HPUX_ALT_XOPEN_SOCKET_API 1
| #define _NETBSD_SOURCE 1
| #define _OPENBSD_SOURCE 1
| #define _POSIX_PTHREAD_SEMANTICS 1
| #define __STDC_WANT_IEC_60559_ATTRIBS_EXT__ 1
| #define __STDC_WANT_IEC_60559_BFP_EXT__ 1
| #define __STDC_WANT_IEC_60559_DFP_EXT__ 1
| #define __STDC_WANT_IEC_60559_EXT__ 1
| #define __STDC_WANT_IEC_60559_FUNCS_EXT__ 1
| #define __STDC_WANT_IEC_60559_TYPES_EXT__ 1
| #define __STDC_WANT_LIB_EXT2__ 1
| #define __STDC_WANT_MATH_SPEC_FUNCS__ 1
| #define _TANDEM_SOURCE 1
| #define __EXTENSIONS__ 1
| #define _LINUX_SOURCE_COMPAT 1
| #define __USE_MINGW_ANSI_STDIO 1
| #define HAVE_ALLOCA_H 1
| #define HAVE_ALLOCA 1
| #define HAVE_WINT_T 1
| #define HAVE_BTOWC 1
| #define HAVE_MBRTOWC 1
| #define HAVE_MBSINIT 1
| #define HAVE_FCHDIR 1
| #define HAVE_FCNTL 1
| #define HAVE_SYMLINK 1
| #define HAVE_FDOPENDIR 1
| #define HAVE_FNMATCH 1
| #define HAVE_MBSRTOWCS 1
| #define HAVE_FSTATAT 1
| #define HAVE_GETDTABLESIZE 1
| #define HAVE_GETTIMEOFDAY 1
| #define HAVE_ISBLANK 1
| #define HAVE_ISWCNTRL 1
| #define HAVE_LSTAT 1
| #define HAVE_MPROTECT 1
| #define HAVE_MKSTEMP 1
| #define HAVE_OPENAT 1
| #define HAVE_PCLOSE 1
| #define HAVE_POPEN 1
| #define HAVE_READLINK 1
| #define HAVE_ISWCTYPE 1
| #define HAVE_SETENV 1
| #define HAVE_SIGACTION 1
| #define HAVE_SIGALTSTACK 1
| #define HAVE_SIGINTERRUPT 1
| #define HAVE_SETRLIMIT 1
| #define HAVE_GETRLIMIT 1
| #define HAVE___XPG_STRERROR_R 1
| #define HAVE_STRPTIME 1
| #define HAVE_STRTOIMAX 1
| #define HAVE_LOCALTIME_R 1
| #define HAVE_WCRTOMB 1
| #define HAVE_WCWIDTH 1
| #define HAVE_PIPE 1
| #define HAVE_PSELECT 1
| #define HAVE_PTHREAD_SIGMASK 1
| #define HAVE_SLEEP 1
| #define HAVE_SNPRINTF 1
| #define HAVE_SHUTDOWN 1
| #define HAVE_UNLINKAT 1
| #define HAVE_WCTOB 1
| #define HAVE_SIGPROCMASK 1
| #define HAVE_FORK 1
| #define HAVE_VFORK 1
| #define HAVE_LANGINFO_CODESET 1
| #define BITSIZEOF_WCHAR_T 32
| #define HAVE_MBSTATE_T 1
| #define HAVE_WORKING_MBRTOC32 1
| #define HAVE_WORKING_C32RTOMB 1
| #define HAVE_MALLOC_PTRDIFF 1
| #define HAVE_MALLOC_POSIX 1
| #define restrict __restrict__
| #define HAVE_ENVIRON_DECL 1
| #define HAVE_ERROR 1
| #define HAVE_DECL_STRERROR_R 1
| #define HAVE_STRERROR_R 1
| #define STRERROR_R_CHAR_P 1
| #define HAVE_DECL_FCHDIR 1
| #define HAVE_WORKING_O_NOATIME 1
| #define HAVE_WORKING_O_NOFOLLOW 1
| #define HAVE_MEMPCPY 1
| #define FUNC_FFLUSH_STDIN 0
| #define LSTAT_FOLLOWS_SLASHED_SYMLINK 1
| #define HAVE_DECL_GETDTABLESIZE 1
| #define HAVE_GETOPT_H 1
| #define HAVE_GETOPT_LONG_ONLY 1
| #define HAVE_PTHREAD_API 1
| #define SETLOCALE_NULL_ALL_MTSAFE 1
| #define SETLOCALE_NULL_ONE_MTSAFE 1
| #ifndef __x86_64__
| #define __x86_64__ 1
| #endif
| #ifndef __x86_64__
| #define __x86_64__ 1
| #endif
| #define HAVE_LONG_LONG_INT 1
| #define HAVE_UNSIGNED_LONG_LONG_INT 1
| #define HAVE_TOWLOWER 1
| #define HAVE_LC_MESSAGES 1
| #define HAVE_WEAK_SYMBOLS 1
| #define USE_POSIX_THREADS 1
| #define USE_POSIX_THREADS_FROM_LIBC 1
| #define HAVE_MALLOC_0_NONNULL 1
| #define HAVE_MAP_ANONYMOUS 1
| #define HAVE_DECL_MEMRCHR 1
| #define HAVE_MINMAX_IN_SYS_PARAM_H 1
| #define TIME_T_IS_SIGNED 1
| #define HAVE_DECL_ALARM 1
| #define HAVE_STRUCT_TM_TM_GMTOFF 1
| #define HAVE_STRUCT_TM_TM_ZONE 1
| #define HAVE_TM_GMTOFF 1
| #define PROMOTED_MODE_T mode_t
| #define HAVE_PTHREAD_T 1
| #define HAVE_PTHREAD_SPINLOCK_T 1
| #define HAVE_SIGSET_T 1
| #define HAVE_SCHED_H 1
| #define HAVE_DECL_SETENV 1
| #define HAVE_DECL__PUTENV 0
| #define HAVE_SEARCH_H 1
| #define HAVE_TSEARCH 1
| #define HAVE_DECL_FCLOSEALL 1
| #define HAVE_DECL_GETW 1
| #define HAVE_DECL_PUTW 1
| #define HAVE_DECL_ECVT 1
| #define HAVE_DECL_FCVT 1
| #define HAVE_DECL_GCVT 1
| #define HAVE_DECL_STRDUP 1
| #define HAVE_STRERROR_R 1
| #define HAVE_DECL_STRNLEN 1
| #define HAVE_DECL_STRTOIMAX 1
| #define _USE_STD_STAT 1
| #define HAVE_DECL_EXECVPE 1
| #define HAVE_DECL_CLEARERR_UNLOCKED 1
| #define HAVE_DECL_FEOF_UNLOCKED 1
| #define HAVE_DECL_FERROR_UNLOCKED 1
| #define HAVE_DECL_FFLUSH_UNLOCKED 1
| #define HAVE_DECL_FGETS_UNLOCKED 1
| #define HAVE_DECL_FPUTC_UNLOCKED 1
| #define HAVE_DECL_FPUTS_UNLOCKED 1
| #define HAVE_DECL_FREAD_UNLOCKED 1
| #define HAVE_DECL_FWRITE_UNLOCKED 1
| #define HAVE_DECL_GETC_UNLOCKED 1
| #define HAVE_DECL_GETCHAR_UNLOCKED 1
| #define HAVE_DECL_PUTC_UNLOCKED 1
| #define HAVE_DECL_PUTCHAR_UNLOCKED 1
| #define HAVE_DECL_UNSETENV 1
| #define HAVE_DECL_WCSDUP 1
| #define HAVE_SHUTDOWN 1
| #define HAVE_STRUCT_SOCKADDR_STORAGE 1
| #define HAVE_SA_FAMILY_T 1
| #define HAVE_STRUCT_SOCKADDR_STORAGE_SS_FAMILY 1
| #define HAVE_IPV4 1
| #define HAVE_IPV6 1
| #define DBL_EXPBIT0_WORD 1
| #define DBL_EXPBIT0_BIT 20
| #define FLT_EXPBIT0_WORD 0
| #define FLT_EXPBIT0_BIT 23
| #define LDBL_EXPBIT0_WORD 2
| #define LDBL_EXPBIT0_BIT 0
| #define HAVE_DECL_INITSTATE 1
| #define HAVE_DECL_SETSTATE 1
| #define HAVE_DECL_SNPRINTF 1
| #define HAVE_INTTYPES_H_WITH_UINTMAX 1
| #define HAVE_STDINT_H_WITH_UINTMAX 1
| #define HAVE_INTMAX_T 1
| #define HAVE_WCSLEN 1
| #define HAVE_SNPRINTF 1
| #define HAVE_STRNLEN 1
| #define HAVE_WCRTOMB 1
| #define HAVE_DECL__SNPRINTF 0
| #define HAVE_SNPRINTF_RETVAL_C99 1
| #define HAVE_SNPRINTF_TRUNCATION_C99 1
| #define HAVE_ALLOCA 1
| #define GNULIB_TEST_BTOC32 1
| #define GNULIB_TEST_BTOWC 1
| #define HAVE___BUILTIN_EXPECT 1
| #define GNULIB_TEST_C32_APPLY_TYPE_TEST 1
| #define GNULIB_TEST_C32_GET_TYPE_TEST 1
| #define GNULIB_TEST_C32ISALNUM 1
| #define GNULIB_TEST_C32ISALPHA 1
| #define GNULIB_TEST_C32ISBLANK 1
| #define GNULIB_TEST_C32ISCNTRL 1
| #define GNULIB_TEST_C32ISDIGIT 1
| #define GNULIB_TEST_C32ISGRAPH 1
| #define GNULIB_TEST_C32ISLOWER 1
| #define GNULIB_TEST_C32ISPRINT 1
| #define GNULIB_TEST_C32ISPUNCT 1
| #define GNULIB_TEST_C32ISSPACE 1
| #define GNULIB_TEST_C32ISUPPER 1
| #define GNULIB_TEST_C32ISXDIGIT 1
| #define GNULIB_TEST_C32TOLOWER 1
| #define GNULIB_TEST_C32WIDTH 1
| #define GNULIB_TEST_CALLOC_GNU 1
| #define GNULIB_TEST_CALLOC_POSIX 1
| #define HAVE_READLINKAT 1
| #define GNULIB_TEST_CHDIR 1
| #define HAVE_CLOCK_GETRES 1
| #define HAVE_CLOCK_GETTIME 1
| #define HAVE_CLOCK_SETTIME 1
| #define GNULIB_TEST_CLOEXEC 1
| #define GNULIB_TEST_CLOSE 1
| #define GNULIB_CLOSE 1
| #define HAVE_CLOSEDIR 1
| #define GNULIB_TEST_CLOSEDIR 1
| #define HAVE_STRUCT_DIRENT_D_TYPE 1
| #define HAVE_DIRFD 1
| #define HAVE_DECL_DIRFD 1
| #define GNULIB_TEST_DIRFD 1
| #define GNULIB_DIRNAME 1
| #define GNULIB_TEST_DUP 1
| #define GNULIB_TEST_DUP2 1
| #define GNULIB_TEST_ENVIRON 1
| #define GNULIB_TEST_FCHDIR 1
| #define GNULIB_TEST_FCNTL 1
| #define HAVE_DECL_FDOPENDIR 1
| #define GNULIB_TEST_FDOPENDIR 1
| #define GNULIB_FDOPENDIR 1
| #define HAVE_STRUCT_STAT_ST_BLOCKS 1
| #define HAVE_ST_BLOCKS 1
| #define GNULIB_FILENAMECAT 1
| #define HAVE_MEMPCPY 1
| #define FLEXIBLE_ARRAY_MEMBER /**/
| #define GNULIB_TEST_FNMATCH 1
| #define GNULIB_FNMATCH_GNU 1
| #define GNULIB_TEST_FOPEN 1
| #define GNULIB_FOPEN_GNU 1
| #define GNULIB_TEST_FOPEN_GNU 1
| #define HAVE_FREE_POSIX 1
| #define GNULIB_TEST_FREE_POSIX 1
| #define GNULIB_TEST_FREOPEN 1
| #define GNULIB_TEST_FSTAT 1
| #define GNULIB_FSTAT 1
| #define GNULIB_TEST_FSTATAT 1
| #define GNULIB_FSTATAT 1
| #define GNULIB_TEST_GETCWD 1
| #define GNULIB_TEST_GETDTABLESIZE 1
| #define GNULIB_TEST_GETOPT_POSIX 1
| #define GNULIB_TEST_GETPAGESIZE 1
| #define HAVE_DECL_PROGRAM_INVOCATION_NAME 1
| #define HAVE_DECL_PROGRAM_INVOCATION_NAME 1
| #define HAVE_DECL_PROGRAM_INVOCATION_SHORT_NAME 1
| #define HAVE_DECL___ARGV 0
| #define GNULIB_TEST_GETPROGNAME 1
| #define HAVE_GETRANDOM 1
| #define GNULIB_TEST_GETRANDOM 1
| #define HAVE_TIMESPEC_GET 1
| #define GETTIMEOFDAY_TIMEZONE void
| #define GNULIB_TEST_GETTIMEOFDAY 1
| #define GNULIB_LOCALEDIR "/usr/local/share/locale"
| #define HAVE_INLINE 1
| #define GNULIB_ISBLANK 1
| #define HAVE_ISWBLANK 1
| #define HAVE_DECL_ISWBLANK 1
| #define GNULIB_TEST_ISWBLANK 1
| #define GNULIB_TEST_ISWCTYPE 1
| #define GNULIB_TEST_ISWDIGIT 1
| #define GNULIB_TEST_ISWPUNCT 1
| #define GNULIB_TEST_ISWXDIGIT 1
| #define HAVE___INLINE 1
| #define GNULIB_TEST_LOCALECONV 1
| #define GNULIB_LOCALECONV 1
| #define HAVE_PTHREAD_RWLOCK 1
| #define HAVE_PTHREAD_MUTEX_RECURSIVE 1
| #define GNULIB_LOCK 1
| #define GNULIB_TEST_LSTAT 1
| #define GNULIB_LSTAT 1
| #define GNULIB_TEST_MALLOC_GNU 1
| #define GNULIB_TEST_MALLOC_POSIX 1
| #define MBRTOC32_IN_C_LOCALE_MAYBE_EILSEQ 1
| #define GNULIB_TEST_MBRTOC32 1
| #define MBRTOWC_IN_C_LOCALE_MAYBE_EILSEQ 1
| #define GNULIB_TEST_MBRTOWC 1
| #define GNULIB_TEST_MBSCASECMP 1
| #define GNULIB_TEST_MBSINIT 1
| #define GNULIB_TEST_MBSRTOC32S 1
| #define GNULIB_TEST_MBSRTOWCS 1
| #define GNULIB_TEST_MBSZERO 1
| #define HAVE_MBTOWC 1
| #define GNULIB_TEST_MBTOWC 1
| #define GNULIB_MCEL_PREFER 1
| #define GNULIB_TEST_MEMCHR 1
| #define HAVE_MEMPCPY 1
| #define GNULIB_TEST_MEMPCPY 1
| #define HAVE_MEMRCHR 1
| #define GNULIB_TEST_MEMRCHR 1
| #define GNULIB_TEST_MKDIR 1
| #define GNULIB_TEST_MKSTEMP 1
| #define GNULIB_TEST_MKTIME 1
| #define NEED_MKTIME_INTERNAL 1
| #define GNULIB_MSVC_NOTHROW 1
| #define HAVE_NL_LANGINFO 1
| #define FUNC_NL_LANGINFO_YESEXPR_WORKS 1
| #define NL_LANGINFO_MTSAFE 1
| #define REPLACE_NL_LANGINFO 1
| #define GNULIB_TEST_NL_LANGINFO 1
| #define GNULIB_TEST_OPEN 1
| #define GNULIB_OPENAT 1
| #define GNULIB_TEST_OPENAT 1
| #define HAVE_OPENDIR 1
| #define GNULIB_TEST_OPENDIR 1
| #define GNULIB_TEST_PCLOSE 1
| #define GNULIB_TEST_POPEN 1
| #define HAVE_DECL_PROGRAM_INVOCATION_NAME 1
| #define HAVE_DECL_PROGRAM_INVOCATION_SHORT_NAME 1
| #define GNULIB_TEST_PTHREAD_ONCE 1
| #define HAVE_RAISE 1
| #define GNULIB_TEST_RAISE 1
| #define HAVE_RAWMEMCHR 1
| #define GNULIB_TEST_RAWMEMCHR 1
| #define HAVE_READDIR 1
| #define GNULIB_TEST_READDIR 1
| #define GNULIB_TEST_READLINK 1
| #define HAVE_READLINKAT 1
| #define GNULIB_TEST_READLINKAT 1
| #define GNULIB_TEST_REALLOC_POSIX 1
| #define HAVE_REALLOCARRAY 1
| #define GNULIB_REALLOCARRAY 1
| #define GNULIB_TEST_REALLOCARRAY 1
| #define GNULIB_TEST_SETENV 1
| #define GNULIB_TEST_SETLOCALE_NULL 1
| #define HAVE_STRUCT_SIGACTION_SA_SIGACTION 1
| #define GNULIB_TEST_SIGACTION 1
| #define GNULIB_TEST_SIGPROCMASK 1
| #define STACK_DIRECTION -1
| #define HAVE_WORKING_SIGALTSTACK 1
| #define GNULIB_TEST_STAT 1
| #define GNULIB_STAT 1
| #define HAVE_STRUCT_STAT_ST_ATIM_TV_NSEC 1
| #define TYPEOF_STRUCT_STAT_ST_ATIM_IS_STRUCT_TIMESPEC 1
| /* end confdefs.h.  */
| #include <sys/types.h>
|           #include <sys/stat.h>
| 
| int
| main (void)
| {
| static struct stat ac_aggr;
| if (ac_aggr.st_birthtim.tv_nsec)
| return 0;
|   ;
|   return 0;
| }
configure:45303: gcc -c -g -O2  conftest.c >&5
conftest.c: In function 'main':
conftest.c:391:19: error: 'struct stat' has no member named 'st_birthtim'
  391 | if (sizeof ac_aggr.st_birthtim.tv_nsec)
      |                   ^
configure:45303: $? = 1
configure: failed program was:
| /* confdefs.h */
| #define PACKAGE_NAME "GNU diffutils"
| #define PACKAGE_TARNAME "diffutils"
| #define PACKAGE_VERSION "3.12"
| #define PACKAGE_STRING "GNU diffutils 3.12"
| #define PACKAGE_BUGREPORT "bug-diffutils@gnu.org"
| #define PACKAGE_URL "https://www.gnu.org/software/diffutils/"
| #define PACKAGE "diffutils"
| #define VERSION "3.12"
| #define HAVE_STDIO_H 1
| #define HAVE_STDLIB_H 1
| #define HAVE_STRING_H 1
| #define HAVE_INTTYPES_H 1
| #define HAVE_STDINT_H 1
| #define HAVE_STRINGS_H 1
| #define HAVE_SYS_STAT_H 1
| #define HAVE_SYS_TYPES_H 1
| #define HAVE_UNISTD_H 1
| #define HAVE_WCHAR_H 1
| #define HAVE_STDBOOL_H 1
| #define HAVE_UCHAR_H 1
| #define HAVE_SYS_PARAM_H 1
| #define HAVE_SYS_SOCKET_H 1
| #define HAVE_DIRENT_H 1
| #define HAVE_ERROR_H 1
| #define HAVE_FNMATCH_H 1
| #define HAVE_GETOPT_H 1
| #define HAVE_SYS_TIME_H 1
| #define HAVE_THREADS_H 1
| #define HAVE_LIMITS_H 1
| #define HAVE_WCTYPE_H 1
| #define HAVE_LANGINFO_H 1
| #define HAVE_SYS_MMAN_H 1
| #define HAVE_PTHREAD_H 1
| #define HAVE_MALLOC_H 1
| #define HAVE_STDBIT_H 1
| #define HAVE_SYS_RANDOM_H 1
| #define HAVE_SYS_WAIT_H 1
| #define HAVE_FEATURES_H 1
| #define HAVE_ARPA_INET_H 1
| #define HAVE_NETDB_H 1
| #define HAVE_NETINET_IN_H 1
| #define HAVE_MATH_H 1
| #define HAVE_SYS_SELECT_H 1
| #define HAVE_SEMAPHORE_H 1
| #define HAVE_SYS_IOCTL_H 1
| #define HAVE_SYS_UN_H 1
| #define HAVE_SYS_UIO_H 1
| #define STDC_HEADERS 1
| #define _ALL_SOURCE 1
| #define _COSMO_SOURCE 1
| #define _DARWIN_C_SOURCE 1
| #define _GNU_SOURCE 1
| #define _HPUX_ALT_XOPEN_SOCKET_API 1
| #define _NETBSD_SOURCE 1
| #define _OPENBSD_SOURCE 1
| #define _POSIX_PTHREAD_SEMANTICS 1
| #define __STDC_WANT_IEC_60559_ATTRIBS_EXT__ 1
| #define __STDC_WANT_IEC_60559_BFP_EXT__ 1
| #define __STDC_WANT_IEC_60559_DFP_EXT__ 1
| #define __STDC_WANT_IEC_60559_EXT__ 1
| #define __STDC_WANT_IEC_60559_FUNCS_EXT__ 1
| #define __STDC_WANT_IEC_60559_TYPES_EXT__ 1
| #define __STDC_WANT_LIB_EXT2__ 1
| #define __STDC_WANT_MATH_SPEC_FUNCS__ 1
| #define _TANDEM_SOURCE 1
| #define __EXTENSIONS__ 1
| #define _LINUX_SOURCE_COMPAT 1
| #define __USE_MINGW_ANSI_STDIO 1
| #define HAVE_ALLOCA_H 1
| #define HAVE_ALLOCA 1
| #define HAVE_WINT_T 1
| #define HAVE_BTOWC 1
| #define HAVE_MBRTOWC 1
| #define HAVE_MBSINIT 1
| #define HAVE_FCHDIR 1
| #define HAVE_FCNTL 1
| #define HAVE_SYMLINK 1
| #define HAVE_FDOPENDIR 1
| #define HAVE_FNMATCH 1
| #define HAVE_MBSRTOWCS 1
| #define HAVE_FSTATAT 1
| #define HAVE_GETDTABLESIZE 1
| #define HAVE_GETTIMEOFDAY 1
| #define HAVE_ISBLANK 1
| #define HAVE_ISWCNTRL 1
| #define HAVE_LSTAT 1
| #define HAVE_MPROTECT 1
| #define HAVE_MKSTEMP 1
| #define HAVE_OPENAT 1
| #define HAVE_PCLOSE 1
| #define HAVE_POPEN 1
| #define HAVE_READLINK 1
| #define HAVE_ISWCTYPE 1
| #define HAVE_SETENV 1
| #define HAVE_SIGACTION 1
| #define HAVE_SIGALTSTACK 1
| #define HAVE_SIGINTERRUPT 1
| #define HAVE_SETRLIMIT 1
| #define HAVE_GETRLIMIT 1
| #define HAVE___XPG_STRERROR_R 1
| #define HAVE_STRPTIME 1
| #define HAVE_STRTOIMAX 1
| #define HAVE_LOCALTIME_R 1
| #define HAVE_WCRTOMB 1
| #define HAVE_WCWIDTH 1
| #define HAVE_PIPE 1
| #define HAVE_PSELECT 1
| #define HAVE_PTHREAD_SIGMASK 1
| #define HAVE_SLEEP 1
| #define HAVE_SNPRINTF 1
| #define HAVE_SHUTDOWN 1
| #define HAVE_UNLINKAT 1
| #define HAVE_WCTOB 1
| #define HAVE_SIGPROCMASK 1
| #define HAVE_FORK 1
| #define HAVE_VFORK 1
| #define HAVE_LANGINFO_CODESET 1
| #define BITSIZEOF_WCHAR_T 32
| #define HAVE_MBSTATE_T 1
| #define HAVE_WORKING_MBRTOC32 1
| #define HAVE_WORKING_C32RTOMB 1
| #define HAVE_MALLOC_PTRDIFF 1
| #define HAVE_MALLOC_POSIX 1
| #define restrict __restrict__
| #define HAVE_ENVIRON_DECL 1
| #define HAVE_ERROR 1
| #define HAVE_DECL_STRERROR_R 1
| #define HAVE_STRERROR_R 1
| #define STRERROR_R_CHAR_P 1
| #define HAVE_DECL_FCHDIR 1
| #define HAVE_WORKING_O_NOATIME 1
| #define HAVE_WORKING_O_NOFOLLOW 1
| #define HAVE_MEMPCPY 1
| #define FUNC_FFLUSH_STDIN 0
| #define LSTAT_FOLLOWS_SLASHED_SYMLINK 1
| #define HAVE_DECL_GETDTABLESIZE 1
| #define HAVE_GETOPT_H 1
| #define HAVE_GETOPT_LONG_ONLY 1
| #define HAVE_PTHREAD_API 1
| #define SETLOCALE_NULL_ALL_MTSAFE 1
| #define SETLOCALE_NULL_ONE_MTSAFE 1
| #ifndef __x86_64__
| #define __x86_64__ 1
| #endif
| #ifndef __x86_64__
| #define __x86_64__ 1
| #endif
| #define HAVE_LONG_LONG_INT 1
| #define HAVE_UNSIGNED_LONG_LONG_INT 1
| #define HAVE_TOWLOWER 1
| #define HAVE_LC_MESSAGES 1
| #define HAVE_WEAK_SYMBOLS 1
| #define USE_POSIX_THREADS 1
| #define USE_POSIX_THREADS_FROM_LIBC 1
| #define HAVE_MALLOC_0_NONNULL 1
| #define HAVE_MAP_ANONYMOUS 1
| #define HAVE_DECL_MEMRCHR 1
| #define HAVE_MINMAX_IN_SYS_PARAM_H 1
| #define TIME_T_IS_SIGNED 1
| #define HAVE_DECL_ALARM 1
| #define HAVE_STRUCT_TM_TM_GMTOFF 1
| #define HAVE_STRUCT_TM_TM_ZONE 1
| #define HAVE_TM_GMTOFF 1
| #define PROMOTED_MODE_T mode_t
| #define HAVE_PTHREAD_T 1
| #define HAVE_PTHREAD_SPINLOCK_T 1
| #define HAVE_SIGSET_T 1
| #define HAVE_SCHED_H 1
| #define HAVE_DECL_SETENV 1
| #define HAVE_DECL__PUTENV 0
| #define HAVE_SEARCH_H 1
| #define HAVE_TSEARCH 1
| #define HAVE_DECL_FCLOSEALL 1
| #define HAVE_DECL_GETW 1
| #define HAVE_DECL_PUTW 1
| #define HAVE_DECL_ECVT 1
| #define HAVE_DECL_FCVT 1
| #define HAVE_DECL_GCVT 1
| #define HAVE_DECL_STRDUP 1
| #define HAVE_STRERROR_R 1
| #define HAVE_DECL_STRNLEN 1
| #define HAVE_DECL_STRTOIMAX 1
| #define _USE_STD_STAT 1
| #define HAVE_DECL_EXECVPE 1
| #define HAVE_DECL_CLEARERR_UNLOCKED 1
| #define HAVE_DECL_FEOF_UNLOCKED 1
| #define HAVE_DECL_FERROR_UNLOCKED 1
| #define HAVE_DECL_FFLUSH_UNLOCKED 1
| #define HAVE_DECL_FGETS_UNLOCKED 1
| #define HAVE_DECL_FPUTC_UNLOCKED 1
| #define HAVE_DECL_FPUTS_UNLOCKED 1
| #define HAVE_DECL_FREAD_UNLOCKED 1
| #define HAVE_DECL_FWRITE_UNLOCKED 1
| #define HAVE_DECL_GETC_UNLOCKED 1
| #define HAVE_DECL_GETCHAR_UNLOCKED 1
| #define HAVE_DECL_PUTC_UNLOCKED 1
| #define HAVE_DECL_PUTCHAR_UNLOCKED 1
| #define HAVE_DECL_UNSETENV 1
| #define HAVE_DECL_WCSDUP 1
| #define HAVE_SHUTDOWN 1
| #define HAVE_STRUCT_SOCKADDR_STORAGE 1
| #define HAVE_SA_FAMILY_T 1
| #define HAVE_STRUCT_SOCKADDR_STORAGE_SS_FAMILY 1
| #define HAVE_IPV4 1
| #define HAVE_IPV6 1
| #define DBL_EXPBIT0_WORD 1
| #define DBL_EXPBIT0_BIT 20
| #define FLT_EXPBIT0_WORD 0
| #define FLT_EXPBIT0_BIT 23
| #define LDBL_EXPBIT0_WORD 2
| #define LDBL_EXPBIT0_BIT 0
| #define HAVE_DECL_INITSTATE 1
| #define HAVE_DECL_SETSTATE 1
| #define HAVE_DECL_SNPRINTF 1
| #define HAVE_INTTYPES_H_WITH_UINTMAX 1
| #define HAVE_STDINT_H_WITH_UINTMAX 1
| #define HAVE_INTMAX_T 1
| #define HAVE_WCSLEN 1
| #define HAVE_SNPRINTF 1
| #define HAVE_STRNLEN 1
| #define HAVE_WCRTOMB 1
| #define HAVE_DECL__SNPRINTF 0
| #define HAVE_SNPRINTF_RETVAL_C99 1
| #define HAVE_SNPRINTF_TRUNCATION_C99 1
| #define HAVE_ALLOCA 1
| #define GNULIB_TEST_BTOC32 1
| #define GNULIB_TEST_BTOWC 1
| #define HAVE___BUILTIN_EXPECT 1
| #define GNULIB_TEST_C32_APPLY_TYPE_TEST 1
| #define GNULIB_TEST_C32_GET_TYPE_TEST 1
| #define GNULIB_TEST_C32ISALNUM 1
| #define GNULIB_TEST_C32ISALPHA 1
| #define GNULIB_TEST_C32ISBLANK 1
| #define GNULIB_TEST_C32ISCNTRL 1
| #define GNULIB_TEST_C32ISDIGIT 1
| #define GNULIB_TEST_C32ISGRAPH 1
| #define GNULIB_TEST_C32ISLOWER 1
| #define GNULIB_TEST_C32ISPRINT 1
| #define GNULIB_TEST_C32ISPUNCT 1
| #define GNULIB_TEST_C32ISSPACE 1
| #define GNULIB_TEST_C32ISUPPER 1
| #define GNULIB_TEST_C32ISXDIGIT 1
| #define GNULIB_TEST_C32TOLOWER 1
| #define GNULIB_TEST_C32WIDTH 1
| #define GNULIB_TEST_CALLOC_GNU 1
| #define GNULIB_TEST_CALLOC_POSIX 1
| #define HAVE_READLINKAT 1
| #define GNULIB_TEST_CHDIR 1
| #define HAVE_CLOCK_GETRES 1
| #define HAVE_CLOCK_GETTIME 1
| #define HAVE_CLOCK_SETTIME 1
| #define GNULIB_TEST_CLOEXEC 1
| #define GNULIB_TEST_CLOSE 1
| #define GNULIB_CLOSE 1
| #define HAVE_CLOSEDIR 1
| #define GNULIB_TEST_CLOSEDIR 1
| #define HAVE_STRUCT_DIRENT_D_TYPE 1
| #define HAVE_DIRFD 1
| #define HAVE_DECL_DIRFD 1
| #define GNULIB_TEST_DIRFD 1
| #define GNULIB_DIRNAME 1
| #define GNULIB_TEST_DUP 1
| #define GNULIB_TEST_DUP2 1
| #define GNULIB_TEST_ENVIRON 1
| #define GNULIB_TEST_FCHDIR 1
| #define GNULIB_TEST_FCNTL 1
| #define HAVE_DECL_FDOPENDIR 1
| #define GNULIB_TEST_FDOPENDIR 1
| #define GNULIB_FDOPENDIR 1
| #define HAVE_STRUCT_STAT_ST_BLOCKS 1
| #define HAVE_ST_BLOCKS 1
| #define GNULIB_FILENAMECAT 1
| #define HAVE_MEMPCPY 1
| #define FLEXIBLE_ARRAY_MEMBER /**/
| #define GNULIB_TEST_FNMATCH 1
| #define GNULIB_FNMATCH_GNU 1
| #define GNULIB_TEST_FOPEN 1
| #define GNULIB_FOPEN_GNU 1
| #define GNULIB_TEST_FOPEN_GNU 1
| #define HAVE_FREE_POSIX 1
| #define GNULIB_TEST_FREE_POSIX 1
| #define GNULIB_TEST_FREOPEN 1
| #define GNULIB_TEST_FSTAT 1
| #define GNULIB_FSTAT 1
| #define GNULIB_TEST_FSTATAT 1
| #define GNULIB_FSTATAT 1
| #define GNULIB_TEST_GETCWD 1
| #define GNULIB_TEST_GETDTABLESIZE 1
| #define GNULIB_TEST_GETOPT_POSIX 1
| #define GNULIB_TEST_GETPAGESIZE 1
| #define HAVE_DECL_PROGRAM_INVOCATION_NAME 1
| #define HAVE_DECL_PROGRAM_INVOCATION_NAME 1
| #define HAVE_DECL_PROGRAM_INVOCATION_SHORT_NAME 1
| #define HAVE_DECL___ARGV 0
| #define GNULIB_TEST_GETPROGNAME 1
| #define HAVE_GETRANDOM 1
| #define GNULIB_TEST_GETRANDOM 1
| #define HAVE_TIMESPEC_GET 1
| #define GETTIMEOFDAY_TIMEZONE void
| #define GNULIB_TEST_GETTIMEOFDAY 1
| #define GNULIB_LOCALEDIR "/usr/local/share/locale"
| #define HAVE_INLINE 1
| #define GNULIB_ISBLANK 1
| #define HAVE_ISWBLANK 1
| #define HAVE_DECL_ISWBLANK 1
| #define GNULIB_TEST_ISWBLANK 1
| #define GNULIB_TEST_ISWCTYPE 1
| #define GNULIB_TEST_ISWDIGIT 1
| #define GNULIB_TEST_ISWPUNCT 1
| #define GNULIB_TEST_ISWXDIGIT 1
| #define HAVE___INLINE 1
| #define GNULIB_TEST_LOCALECONV 1
| #define GNULIB_LOCALECONV 1
| #define HAVE_PTHREAD_RWLOCK 1
| #define HAVE_PTHREAD_MUTEX_RECURSIVE 1
| #define GNULIB_LOCK 1
| #define GNULIB_TEST_LSTAT 1
| #define GNULIB_LSTAT 1
| #define GNULIB_TEST_MALLOC_GNU 1
| #define GNULIB_TEST_MALLOC_POSIX 1
| #define MBRTOC32_IN_C_LOCALE_MAYBE_EILSEQ 1
| #define GNULIB_TEST_MBRTOC32 1
| #define MBRTOWC_IN_C_LOCALE_MAYBE_EILSEQ 1
| #define GNULIB_TEST_MBRTOWC 1
| #define GNULIB_TEST_MBSCASECMP 1
| #define GNULIB_TEST_MBSINIT 1
| #define GNULIB_TEST_MBSRTOC32S 1
| #define GNULIB_TEST_MBSRTOWCS 1
| #define GNULIB_TEST_MBSZERO 1
| #define HAVE_MBTOWC 1
| #define GNULIB_TEST_MBTOWC 1
| #define GNULIB_MCEL_PREFER 1
| #define GNULIB_TEST_MEMCHR 1
| #define HAVE_MEMPCPY 1
| #define GNULIB_TEST_MEMPCPY 1
| #define HAVE_MEMRCHR 1
| #define GNULIB_TEST_MEMRCHR 1
| #define GNULIB_TEST_MKDIR 1
| #define GNULIB_TEST_MKSTEMP 1
| #define GNULIB_TEST_MKTIME 1
| #define NEED_MKTIME_INTERNAL 1
| #define GNULIB_MSVC_NOTHROW 1
| #define HAVE_NL_LANGINFO 1
| #define FUNC_NL_LANGINFO_YESEXPR_WORKS 1
| #define NL_LANGINFO_MTSAFE 1
| #define REPLACE_NL_LANGINFO 1
| #define GNULIB_TEST_NL_LANGINFO 1
| #define GNULIB_TEST_OPEN 1
| #define GNULIB_OPENAT 1
| #define GNULIB_TEST_OPENAT 1
| #define HAVE_OPENDIR 1
| #define GNULIB_TEST_OPENDIR 1
| #define GNULIB_TEST_PCLOSE 1
| #define GNULIB_TEST_POPEN 1
| #define HAVE_DECL_PROGRAM_INVOCATION_NAME 1
| #define HAVE_DECL_PROGRAM_INVOCATION_SHORT_NAME 1
| #define GNULIB_TEST_PTHREAD_ONCE 1
| #define HAVE_RAISE 1
| #define GNULIB_TEST_RAISE 1
| #define HAVE_RAWMEMCHR 1
| #define GNULIB_TEST_RAWMEMCHR 1
| #define HAVE_READDIR 1
| #define GNULIB_TEST_READDIR 1
| #define GNULIB_TEST_READLINK 1
| #define HAVE_READLINKAT 1
| #define GNULIB_TEST_READLINKAT 1
| #define GNULIB_TEST_REALLOC_POSIX 1
| #define HAVE_REALLOCARRAY 1
| #define GNULIB_REALLOCARRAY 1
| #define GNULIB_TEST_REALLOCARRAY 1
| #define GNULIB_TEST_SETENV 1
| #define GNULIB_TEST_SETLOCALE_NULL 1
| #define HAVE_STRUCT_SIGACTION_SA_SIGACTION 1
| #define GNULIB_TEST_SIGACTION 1
| #define GNULIB_TEST_SIGPROCMASK 1
| #define STACK_DIRECTION -1
| #define HAVE_WORKING_SIGALTSTACK 1
| #define GNULIB_TEST_STAT 1
| #define GNULIB_STAT 1
| #define HAVE_STRUCT_STAT_ST_ATIM_TV_NSEC 1
| #define TYPEOF_STRUCT_STAT_ST_ATIM_IS_STRUCT_TIMESPEC 1
| /* end confdefs.h.  */
| #include <sys/types.h>
|           #include <sys/stat.h>
| 
| int
| main (void)
| {
| static struct stat ac_aggr;
| if (sizeof ac_aggr.st_birthtim.tv_nsec)
| return 0;
|   ;
|   return 0;
| }
configure:45303: result: no
configure:45324: checking for va_copy
configure:45345: gcc -c -g -O2  conftest.c >&5
configure:45345: $? = 0
configure:45356: result: yes
configure:46107: checking for stpcpy
configure:46144: checking for stpcpy
configure:46144: gcc -o conftest -g -O2   conftest.c  >&5
conftest.c:419:6: warning: conflicting types for built-in function 'stpcpy'; expected 'char *(char *, const char *)' [-Wbuiltin-declaration-mismatch]
  419 | char stpcpy (void);
      |      ^~~~~~
configure:46144: $? = 0
configure:46144: result: yes
configure:46160: result: yes
configure:46228: checking for strcasecmp
configure:46228: gcc -o conftest -g -O2   conftest.c  >&5
conftest.c:421:6: warning: conflicting types for built-in function 'strcasecmp'; expected 'int(const char *, const char *)' [-Wbuiltin-declaration-mismatch]
  421 | char strcasecmp (void);
      |      ^~~~~~~~~~
configure:46228: $? = 0
configure:46228: result: yes
configure:46238: checking whether strcasecmp works
configure:46277: gcc -o conftest -g -O2   conftest.c  >&5
configure:46277: $? = 0
configure:46277: ./conftest
configure:46277: $? = 2
configure: program exited with status 2
configure: failed program was:
| /* confdefs.h */
| #define PACKAGE_NAME "GNU diffutils"
| #define PACKAGE_TARNAME "diffutils"
| #define PACKAGE_VERSION "3.12"
| #define PACKAGE_STRING "GNU diffutils 3.12"
| #define PACKAGE_BUGREPORT "bug-diffutils@gnu.org"
| #define PACKAGE_URL "https://www.gnu.org/software/diffutils/"
| #define PACKAGE "diffutils"
| #define VERSION "3.12"
| #define HAVE_STDIO_H 1
| #define HAVE_STDLIB_H 1
| #define HAVE_STRING_H 1
| #define HAVE_INTTYPES_H 1
| #define HAVE_STDINT_H 1
| #define HAVE_STRINGS_H 1
| #define HAVE_SYS_STAT_H 1
| #define HAVE_SYS_TYPES_H 1
| #define HAVE_UNISTD_H 1
| #define HAVE_WCHAR_H 1
| #define HAVE_STDBOOL_H 1
| #define HAVE_UCHAR_H 1
| #define HAVE_SYS_PARAM_H 1
| #define HAVE_SYS_SOCKET_H 1
| #define HAVE_DIRENT_H 1
| #define HAVE_ERROR_H 1
| #define HAVE_FNMATCH_H 1
| #define HAVE_GETOPT_H 1
| #define HAVE_SYS_TIME_H 1
| #define HAVE_THREADS_H 1
| #define HAVE_LIMITS_H 1
| #define HAVE_WCTYPE_H 1
| #define HAVE_LANGINFO_H 1
| #define HAVE_SYS_MMAN_H 1
| #define HAVE_PTHREAD_H 1
| #define HAVE_MALLOC_H 1
| #define HAVE_STDBIT_H 1
| #define HAVE_SYS_RANDOM_H 1
| #define HAVE_SYS_WAIT_H 1
| #define HAVE_FEATURES_H 1
| #define HAVE_ARPA_INET_H 1
| #define HAVE_NETDB_H 1
| #define HAVE_NETINET_IN_H 1
| #define HAVE_MATH_H 1
| #define HAVE_SYS_SELECT_H 1
| #define HAVE_SEMAPHORE_H 1
| #define HAVE_SYS_IOCTL_H 1
| #define HAVE_SYS_UN_H 1
| #define HAVE_SYS_UIO_H 1
| #define STDC_HEADERS 1
| #define _ALL_SOURCE 1
| #define _COSMO_SOURCE 1
| #define _DARWIN_C_SOURCE 1
| #define _GNU_SOURCE 1
| #define _HPUX_ALT_XOPEN_SOCKET_API 1
| #define _NETBSD_SOURCE 1
| #define _OPENBSD_SOURCE 1
| #define _POSIX_PTHREAD_SEMANTICS 1
| #define __STDC_WANT_IEC_60559_ATTRIBS_EXT__ 1
| #define __STDC_WANT_IEC_60559_BFP_EXT__ 1
| #define __STDC_WANT_IEC_60559_DFP_EXT__ 1
| #define __STDC_WANT_IEC_60559_EXT__ 1
| #define __STDC_WANT_IEC_60559_FUNCS_EXT__ 1
| #define __STDC_WANT_IEC_60559_TYPES_EXT__ 1
| #define __STDC_WANT_LIB_EXT2__ 1
| #define __STDC_WANT_MATH_SPEC_FUNCS__ 1
| #define _TANDEM_SOURCE 1
| #define __EXTENSIONS__ 1
| #define _LINUX_SOURCE_COMPAT 1
| #define __USE_MINGW_ANSI_STDIO 1
| #define HAVE_ALLOCA_H 1
| #define HAVE_ALLOCA 1
| #define HAVE_WINT_T 1
| #define HAVE_BTOWC 1
| #define HAVE_MBRTOWC 1
| #define HAVE_MBSINIT 1
| #define HAVE_FCHDIR 1
| #define HAVE_FCNTL 1
| #define HAVE_SYMLINK 1
| #define HAVE_FDOPENDIR 1
| #define HAVE_FNMATCH 1
| #define HAVE_MBSRTOWCS 1
| #define HAVE_FSTATAT 1
| #define HAVE_GETDTABLESIZE 1
| #define HAVE_GETTIMEOFDAY 1
| #define HAVE_ISBLANK 1
| #define HAVE_ISWCNTRL 1
| #define HAVE_LSTAT 1
| #define HAVE_MPROTECT 1
| #define HAVE_MKSTEMP 1
| #define HAVE_OPENAT 1
| #define HAVE_PCLOSE 1
| #define HAVE_POPEN 1
| #define HAVE_READLINK 1
| #define HAVE_ISWCTYPE 1
| #define HAVE_SETENV 1
| #define HAVE_SIGACTION 1
| #define HAVE_SIGALTSTACK 1
| #define HAVE_SIGINTERRUPT 1
| #define HAVE_SETRLIMIT 1
| #define HAVE_GETRLIMIT 1
| #define HAVE___XPG_STRERROR_R 1
| #define HAVE_STRPTIME 1
| #define HAVE_STRTOIMAX 1
| #define HAVE_LOCALTIME_R 1
| #define HAVE_WCRTOMB 1
| #define HAVE_WCWIDTH 1
| #define HAVE_PIPE 1
| #define HAVE_PSELECT 1
| #define HAVE_PTHREAD_SIGMASK 1
| #define HAVE_SLEEP 1
| #define HAVE_SNPRINTF 1
| #define HAVE_SHUTDOWN 1
| #define HAVE_UNLINKAT 1
| #define HAVE_WCTOB 1
| #define HAVE_SIGPROCMASK 1
| #define HAVE_FORK 1
| #define HAVE_VFORK 1
| #define HAVE_LANGINFO_CODESET 1
| #define BITSIZEOF_WCHAR_T 32
| #define HAVE_MBSTATE_T 1
| #define HAVE_WORKING_MBRTOC32 1
| #define HAVE_WORKING_C32RTOMB 1
| #define HAVE_MALLOC_PTRDIFF 1
| #define HAVE_MALLOC_POSIX 1
| #define restrict __restrict__
| #define HAVE_ENVIRON_DECL 1
| #define HAVE_ERROR 1
| #define HAVE_DECL_STRERROR_R 1
| #define HAVE_STRERROR_R 1
| #define STRERROR_R_CHAR_P 1
| #define HAVE_DECL_FCHDIR 1
| #define HAVE_WORKING_O_NOATIME 1
| #define HAVE_WORKING_O_NOFOLLOW 1
| #define HAVE_MEMPCPY 1
| #define FUNC_FFLUSH_STDIN 0
| #define LSTAT_FOLLOWS_SLASHED_SYMLINK 1
| #define HAVE_DECL_GETDTABLESIZE 1
| #define HAVE_GETOPT_H 1
| #define HAVE_GETOPT_LONG_ONLY 1
| #define HAVE_PTHREAD_API 1
| #define SETLOCALE_NULL_ALL_MTSAFE 1
| #define SETLOCALE_NULL_ONE_MTSAFE 1
| #ifndef __x86_64__
| #define __x86_64__ 1
| #endif
| #ifndef __x86_64__
| #define __x86_64__ 1
| #endif
| #define HAVE_LONG_LONG_INT 1
| #define HAVE_UNSIGNED_LONG_LONG_INT 1
| #define HAVE_TOWLOWER 1
| #define HAVE_LC_MESSAGES 1
| #define HAVE_WEAK_SYMBOLS 1
| #define USE_POSIX_THREADS 1
| #define USE_POSIX_THREADS_FROM_LIBC 1
| #define HAVE_MALLOC_0_NONNULL 1
| #define HAVE_MAP_ANONYMOUS 1
| #define HAVE_DECL_MEMRCHR 1
| #define HAVE_MINMAX_IN_SYS_PARAM_H 1
| #define TIME_T_IS_SIGNED 1
| #define HAVE_DECL_ALARM 1
| #define HAVE_STRUCT_TM_TM_GMTOFF 1
| #define HAVE_STRUCT_TM_TM_ZONE 1
| #define HAVE_TM_GMTOFF 1
| #define PROMOTED_MODE_T mode_t
| #define HAVE_PTHREAD_T 1
| #define HAVE_PTHREAD_SPINLOCK_T 1
| #define HAVE_SIGSET_T 1
| #define HAVE_SCHED_H 1
| #define HAVE_DECL_SETENV 1
| #define HAVE_DECL__PUTENV 0
| #define HAVE_SEARCH_H 1
| #define HAVE_TSEARCH 1
| #define HAVE_DECL_FCLOSEALL 1
| #define HAVE_DECL_GETW 1
| #define HAVE_DECL_PUTW 1
| #define HAVE_DECL_ECVT 1
| #define HAVE_DECL_FCVT 1
| #define HAVE_DECL_GCVT 1
| #define HAVE_DECL_STRDUP 1
| #define HAVE_STRERROR_R 1
| #define HAVE_DECL_STRNLEN 1
| #define HAVE_DECL_STRTOIMAX 1
| #define _USE_STD_STAT 1
| #define HAVE_DECL_EXECVPE 1
| #define HAVE_DECL_CLEARERR_UNLOCKED 1
| #define HAVE_DECL_FEOF_UNLOCKED 1
| #define HAVE_DECL_FERROR_UNLOCKED 1
| #define HAVE_DECL_FFLUSH_UNLOCKED 1
| #define HAVE_DECL_FGETS_UNLOCKED 1
| #define HAVE_DECL_FPUTC_UNLOCKED 1
| #define HAVE_DECL_FPUTS_UNLOCKED 1
| #define HAVE_DECL_FREAD_UNLOCKED 1
| #define HAVE_DECL_FWRITE_UNLOCKED 1
| #define HAVE_DECL_GETC_UNLOCKED 1
| #define HAVE_DECL_GETCHAR_UNLOCKED 1
| #define HAVE_DECL_PUTC_UNLOCKED 1
| #define HAVE_DECL_PUTCHAR_UNLOCKED 1
| #define HAVE_DECL_UNSETENV 1
| #define HAVE_DECL_WCSDUP 1
| #define HAVE_SHUTDOWN 1
| #define HAVE_STRUCT_SOCKADDR_STORAGE 1
| #define HAVE_SA_FAMILY_T 1
| #define HAVE_STRUCT_SOCKADDR_STORAGE_SS_FAMILY 1
| #define HAVE_IPV4 1
| #define HAVE_IPV6 1
| #define DBL_EXPBIT0_WORD 1
| #define DBL_EXPBIT0_BIT 20
| #define FLT_EXPBIT0_WORD 0
| #define FLT_EXPBIT0_BIT 23
| #define LDBL_EXPBIT0_WORD 2
| #define LDBL_EXPBIT0_BIT 0
| #define HAVE_DECL_INITSTATE 1
| #define HAVE_DECL_SETSTATE 1
| #define HAVE_DECL_SNPRINTF 1
| #define HAVE_INTTYPES_H_WITH_UINTMAX 1
| #define HAVE_STDINT_H_WITH_UINTMAX 1
| #define HAVE_INTMAX_T 1
| #define HAVE_WCSLEN 1
| #define HAVE_SNPRINTF 1
| #define HAVE_STRNLEN 1
| #define HAVE_WCRTOMB 1
| #define HAVE_DECL__SNPRINTF 0
| #define HAVE_SNPRINTF_RETVAL_C99 1
| #define HAVE_SNPRINTF_TRUNCATION_C99 1
| #define HAVE_ALLOCA 1
| #define GNULIB_TEST_BTOC32 1
| #define GNULIB_TEST_BTOWC 1
| #define HAVE___BUILTIN_EXPECT 1
| #define GNULIB_TEST_C32_APPLY_TYPE_TEST 1
| #define GNULIB_TEST_C32_GET_TYPE_TEST 1
| #define GNULIB_TEST_C32ISALNUM 1
| #define GNULIB_TEST_C32ISALPHA 1
| #define GNULIB_TEST_C32ISBLANK 1
| #define GNULIB_TEST_C32ISCNTRL 1
| #define GNULIB_TEST_C32ISDIGIT 1
| #define GNULIB_TEST_C32ISGRAPH 1
| #define GNULIB_TEST_C32ISLOWER 1
| #define GNULIB_TEST_C32ISPRINT 1
| #define GNULIB_TEST_C32ISPUNCT 1
| #define GNULIB_TEST_C32ISSPACE 1
| #define GNULIB_TEST_C32ISUPPER 1
| #define GNULIB_TEST_C32ISXDIGIT 1
| #define GNULIB_TEST_C32TOLOWER 1
| #define GNULIB_TEST_C32WIDTH 1
| #define GNULIB_TEST_CALLOC_GNU 1
| #define GNULIB_TEST_CALLOC_POSIX 1
| #define HAVE_READLINKAT 1
| #define GNULIB_TEST_CHDIR 1
| #define HAVE_CLOCK_GETRES 1
| #define HAVE_CLOCK_GETTIME 1
| #define HAVE_CLOCK_SETTIME 1
| #define GNULIB_TEST_CLOEXEC 1
| #define GNULIB_TEST_CLOSE 1
| #define GNULIB_CLOSE 1
| #define HAVE_CLOSEDIR 1
| #define GNULIB_TEST_CLOSEDIR 1
| #define HAVE_STRUCT_DIRENT_D_TYPE 1
| #define HAVE_DIRFD 1
| #define HAVE_DECL_DIRFD 1
| #define GNULIB_TEST_DIRFD 1
| #define GNULIB_DIRNAME 1
| #define GNULIB_TEST_DUP 1
| #define GNULIB_TEST_DUP2 1
| #define GNULIB_TEST_ENVIRON 1
| #define GNULIB_TEST_FCHDIR 1
| #define GNULIB_TEST_FCNTL 1
| #define HAVE_DECL_FDOPENDIR 1
| #define GNULIB_TEST_FDOPENDIR 1
| #define GNULIB_FDOPENDIR 1
| #define HAVE_STRUCT_STAT_ST_BLOCKS 1
| #define HAVE_ST_BLOCKS 1
| #define GNULIB_FILENAMECAT 1
| #define HAVE_MEMPCPY 1
| #define FLEXIBLE_ARRAY_MEMBER /**/
| #define GNULIB_TEST_FNMATCH 1
| #define GNULIB_FNMATCH_GNU 1
| #define GNULIB_TEST_FOPEN 1
| #define GNULIB_FOPEN_GNU 1
| #define GNULIB_TEST_FOPEN_GNU 1
| #define HAVE_FREE_POSIX 1
| #define GNULIB_TEST_FREE_POSIX 1
| #define GNULIB_TEST_FREOPEN 1
| #define GNULIB_TEST_FSTAT 1
| #define GNULIB_FSTAT 1
| #define GNULIB_TEST_FSTATAT 1
| #define GNULIB_FSTATAT 1
| #define GNULIB_TEST_GETCWD 1
| #define GNULIB_TEST_GETDTABLESIZE 1
| #define GNULIB_TEST_GETOPT_POSIX 1
| #define GNULIB_TEST_GETPAGESIZE 1
| #define HAVE_DECL_PROGRAM_INVOCATION_NAME 1
| #define HAVE_DECL_PROGRAM_INVOCATION_NAME 1
| #define HAVE_DECL_PROGRAM_INVOCATION_SHORT_NAME 1
| #define HAVE_DECL___ARGV 0
| #define GNULIB_TEST_GETPROGNAME 1
| #define HAVE_GETRANDOM 1
| #define GNULIB_TEST_GETRANDOM 1
| #define HAVE_TIMESPEC_GET 1
| #define GETTIMEOFDAY_TIMEZONE void
| #define GNULIB_TEST_GETTIMEOFDAY 1
| #define GNULIB_LOCALEDIR "/usr/local/share/locale"
| #define HAVE_INLINE 1
| #define GNULIB_ISBLANK 1
| #define HAVE_ISWBLANK 1
| #define HAVE_DECL_ISWBLANK 1
| #define GNULIB_TEST_ISWBLANK 1
| #define GNULIB_TEST_ISWCTYPE 1
| #define GNULIB_TEST_ISWDIGIT 1
| #define GNULIB_TEST_ISWPUNCT 1
| #define GNULIB_TEST_ISWXDIGIT 1
| #define HAVE___INLINE 1
| #define GNULIB_TEST_LOCALECONV 1
| #define GNULIB_LOCALECONV 1
| #define HAVE_PTHREAD_RWLOCK 1
| #define HAVE_PTHREAD_MUTEX_RECURSIVE 1
| #define GNULIB_LOCK 1
| #define GNULIB_TEST_LSTAT 1
| #define GNULIB_LSTAT 1
| #define GNULIB_TEST_MALLOC_GNU 1
| #define GNULIB_TEST_MALLOC_POSIX 1
| #define MBRTOC32_IN_C_LOCALE_MAYBE_EILSEQ 1
| #define GNULIB_TEST_MBRTOC32 1
| #define MBRTOWC_IN_C_LOCALE_MAYBE_EILSEQ 1
| #define GNULIB_TEST_MBRTOWC 1
| #define GNULIB_TEST_MBSCASECMP 1
| #define GNULIB_TEST_MBSINIT 1
| #define GNULIB_TEST_MBSRTOC32S 1
| #define GNULIB_TEST_MBSRTOWCS 1
| #define GNULIB_TEST_MBSZERO 1
| #define HAVE_MBTOWC 1
| #define GNULIB_TEST_MBTOWC 1
| #define GNULIB_MCEL_PREFER 1
| #define GNULIB_TEST_MEMCHR 1
| #define HAVE_MEMPCPY 1
| #define GNULIB_TEST_MEMPCPY 1
| #define HAVE_MEMRCHR 1
| #define GNULIB_TEST_MEMRCHR 1
| #define GNULIB_TEST_MKDIR 1
| #define GNULIB_TEST_MKSTEMP 1
| #define GNULIB_TEST_MKTIME 1
| #define NEED_MKTIME_INTERNAL 1
| #define GNULIB_MSVC_NOTHROW 1
| #define HAVE_NL_LANGINFO 1
| #define FUNC_NL_LANGINFO_YESEXPR_WORKS 1
| #define NL_LANGINFO_MTSAFE 1
| #define REPLACE_NL_LANGINFO 1
| #define GNULIB_TEST_NL_LANGINFO 1
| #define GNULIB_TEST_OPEN 1
| #define GNULIB_OPENAT 1
| #define GNULIB_TEST_OPENAT 1
| #define HAVE_OPENDIR 1
| #define GNULIB_TEST_OPENDIR 1
| #define GNULIB_TEST_PCLOSE 1
| #define GNULIB_TEST_POPEN 1
| #define HAVE_DECL_PROGRAM_INVOCATION_NAME 1
| #define HAVE_DECL_PROGRAM_INVOCATION_SHORT_NAME 1
| #define GNULIB_TEST_PTHREAD_ONCE 1
| #define HAVE_RAISE 1
| #define GNULIB_TEST_RAISE 1
| #define HAVE_RAWMEMCHR 1
| #define GNULIB_TEST_RAWMEMCHR 1
| #define HAVE_READDIR 1
| #define GNULIB_TEST_READDIR 1
| #define GNULIB_TEST_READLINK 1
| #define HAVE_READLINKAT 1
| #define GNULIB_TEST_READLINKAT 1
| #define GNULIB_TEST_REALLOC_POSIX 1
| #define HAVE_REALLOCARRAY 1
| #define GNULIB_REALLOCARRAY 1
| #define GNULIB_TEST_REALLOCARRAY 1
| #define GNULIB_TEST_SETENV 1
| #define GNULIB_TEST_SETLOCALE_NULL 1
| #define HAVE_STRUCT_SIGACTION_SA_SIGACTION 1
| #define GNULIB_TEST_SIGACTION 1
| #define GNULIB_TEST_SIGPROCMASK 1
| #define STACK_DIRECTION -1
| #define HAVE_WORKING_SIGALTSTACK 1
| #define GNULIB_TEST_STAT 1
| #define GNULIB_STAT 1
| #define HAVE_STRUCT_STAT_ST_ATIM_TV_NSEC 1
| #define TYPEOF_STRUCT_STAT_ST_ATIM_IS_STRUCT_TIMESPEC 1
| #define GNULIB_TEST_FSCANF 1
| #define GNULIB_FSCANF 1
| #define GNULIB_TEST_SCANF 1
| #define GNULIB_SCANF 1
| #define GNULIB_TEST_FGETC 1
| #define GNULIB_TEST_GETC 1
| #define GNULIB_TEST_GETCHAR 1
| #define GNULIB_TEST_FGETS 1
| #define GNULIB_TEST_FREAD 1
| #define GNULIB_TEST_FPRINTF 1
| #define GNULIB_TEST_PRINTF 1
| #define GNULIB_TEST_VFPRINTF 1
| #define GNULIB_TEST_VPRINTF 1
| #define GNULIB_TEST_FPUTC 1
| #define GNULIB_TEST_PUTC 1
| #define GNULIB_TEST_PUTCHAR 1
| #define GNULIB_TEST_FPUTS 1
| #define GNULIB_TEST_PUTS 1
| #define GNULIB_TEST_FWRITE 1
| #define HAVE_STPCPY 1
| #define GNULIB_TEST_STPCPY 1
| #define HAVE_STRCASECMP 1
| /* end confdefs.h.  */
| 
| #include <stdio.h>
| #include <ctype.h>
| #include <locale.h>
| #include <strings.h>
| int main ()
| {
|   if (setlocale (LC_ALL, "fr_FR.ISO-8859-1") != NULL
|       || setlocale (LC_ALL, "fr_FR.ISO8859-1") != NULL)
|     {
|       int c1 = (unsigned char) '\311';
|       int c2 = (unsigned char) '\351';
|       if (tolower (c1) == c2 && toupper (c2) == c1)
|         return strcasecmp ("Fej\311r", "Fej\351r") != 0;
|     }
|   return 2;
| }
configure:46295: result: guessing yes
configure:46404: checking for working strerror function
configure:46434: gcc -o conftest -g -O2   conftest.c  >&5
configure:46434: $? = 0
configure:46434: ./conftest
configure:46434: $? = 0
configure:46449: result: yes
configure:46572: checking for strncasecmp
configure:46572: gcc -o conftest -g -O2   conftest.c  >&5
conftest.c:425:6: warning: conflicting types for built-in function 'strncasecmp'; expected 'int(const char *, const char *, long unsigned int)' [-Wbuiltin-declaration-mismatch]
  425 | char strncasecmp (void);
      |      ^~~~~~~~~~~
configure:46572: $? = 0
configure:46572: result: yes
configure:46582: checking whether strcasecmp works
configure:46639: result: guessing yes
configure:46649: checking whether strncasecmp is declared
configure:46649: gcc -c -g -O2   conftest.c >&5
configure:46649: $? = 0
configure:46649: result: yes
configure:46708: checking for working strnlen
configure:46774: gcc -o conftest -g -O2   conftest.c  >&5
configure:46774: $? = 0
configure:46774: ./conftest
configure:46774: $? = 0
configure:46788: result: yes
configure:46901: checking whether strtoimax works
configure:46959: gcc -o conftest -g -O2   conftest.c  >&5
configure:46959: $? = 0
configure:46959: ./conftest
configure:46959: $? = 0
configure:46974: result: yes
configure:47034: checking for strtoll
configure:47034: gcc -o conftest -g -O2   conftest.c  >&5
configure:47034: $? = 0
configure:47034: result: yes
configure:47042: checking whether strtoll works
configure:47096: gcc -o conftest -g -O2   conftest.c  >&5
configure:47096: $? = 0
configure:47096: ./conftest
configure:47096: $? = 0
configure:47111: result: yes
configure:47221: checking whether localtime_r is declared
configure:47221: gcc -c -g -O2   conftest.c >&5
configure:47221: $? = 0
configure:47221: result: yes
configure:47246: checking whether localtime_r is compatible with its POSIX signature
configure:47278: gcc -c -g -O2  conftest.c >&5
configure:47278: $? = 0
configure:47289: result: yes
configure:47391: checking whether localtime works even near extrema
configure:47427: gcc -o conftest -g -O2   conftest.c  >&5
configure:47427: $? = 0
configure:47427: ./conftest
configure:47427: $? = 0
configure:47439: result: yes
configure:47447: checking for timezone_t
configure:47447: gcc -c -g -O2  conftest.c >&5
conftest.c: In function 'main':
conftest.c:423:13: error: 'timezone_t' undeclared (first use in this function); did you mean 'timezone'?
  423 | if (sizeof (timezone_t))
      |             ^~~~~~~~~~
      |             timezone
conftest.c:423:13: note: each undeclared identifier is reported only once for each function it appears in
configure:47447: $? = 1
configure: failed program was:
| /* confdefs.h */
| #define PACKAGE_NAME "GNU diffutils"
| #define PACKAGE_TARNAME "diffutils"
| #define PACKAGE_VERSION "3.12"
| #define PACKAGE_STRING "GNU diffutils 3.12"
| #define PACKAGE_BUGREPORT "bug-diffutils@gnu.org"
| #define PACKAGE_URL "https://www.gnu.org/software/diffutils/"
| #define PACKAGE "diffutils"
| #define VERSION "3.12"
| #define HAVE_STDIO_H 1
| #define HAVE_STDLIB_H 1
| #define HAVE_STRING_H 1
| #define HAVE_INTTYPES_H 1
| #define HAVE_STDINT_H 1
| #define HAVE_STRINGS_H 1
| #define HAVE_SYS_STAT_H 1
| #define HAVE_SYS_TYPES_H 1
| #define HAVE_UNISTD_H 1
| #define HAVE_WCHAR_H 1
| #define HAVE_STDBOOL_H 1
| #define HAVE_UCHAR_H 1
| #define HAVE_SYS_PARAM_H 1
| #define HAVE_SYS_SOCKET_H 1
| #define HAVE_DIRENT_H 1
| #define HAVE_ERROR_H 1
| #define HAVE_FNMATCH_H 1
| #define HAVE_GETOPT_H 1
| #define HAVE_SYS_TIME_H 1
| #define HAVE_THREADS_H 1
| #define HAVE_LIMITS_H 1
| #define HAVE_WCTYPE_H 1
| #define HAVE_LANGINFO_H 1
| #define HAVE_SYS_MMAN_H 1
| #define HAVE_PTHREAD_H 1
| #define HAVE_MALLOC_H 1
| #define HAVE_STDBIT_H 1
| #define HAVE_SYS_RANDOM_H 1
| #define HAVE_SYS_WAIT_H 1
| #define HAVE_FEATURES_H 1
| #define HAVE_ARPA_INET_H 1
| #define HAVE_NETDB_H 1
| #define HAVE_NETINET_IN_H 1
| #define HAVE_MATH_H 1
| #define HAVE_SYS_SELECT_H 1
| #define HAVE_SEMAPHORE_H 1
| #define HAVE_SYS_IOCTL_H 1
| #define HAVE_SYS_UN_H 1
| #define HAVE_SYS_UIO_H 1
| #define STDC_HEADERS 1
| #define _ALL_SOURCE 1
| #define _COSMO_SOURCE 1
| #define _DARWIN_C_SOURCE 1
| #define _GNU_SOURCE 1
| #define _HPUX_ALT_XOPEN_SOCKET_API 1
| #define _NETBSD_SOURCE 1
| #define _OPENBSD_SOURCE 1
| #define _POSIX_PTHREAD_SEMANTICS 1
| #define __STDC_WANT_IEC_60559_ATTRIBS_EXT__ 1
| #define __STDC_WANT_IEC_60559_BFP_EXT__ 1
| #define __STDC_WANT_IEC_60559_DFP_EXT__ 1
| #define __STDC_WANT_IEC_60559_EXT__ 1
| #define __STDC_WANT_IEC_60559_FUNCS_EXT__ 1
| #define __STDC_WANT_IEC_60559_TYPES_EXT__ 1
| #define __STDC_WANT_LIB_EXT2__ 1
| #define __STDC_WANT_MATH_SPEC_FUNCS__ 1
| #define _TANDEM_SOURCE 1
| #define __EXTENSIONS__ 1
| #define _LINUX_SOURCE_COMPAT 1
| #define __USE_MINGW_ANSI_STDIO 1
| #define HAVE_ALLOCA_H 1
| #define HAVE_ALLOCA 1
| #define HAVE_WINT_T 1
| #define HAVE_BTOWC 1
| #define HAVE_MBRTOWC 1
| #define HAVE_MBSINIT 1
| #define HAVE_FCHDIR 1
| #define HAVE_FCNTL 1
| #define HAVE_SYMLINK 1
| #define HAVE_FDOPENDIR 1
| #define HAVE_FNMATCH 1
| #define HAVE_MBSRTOWCS 1
| #define HAVE_FSTATAT 1
| #define HAVE_GETDTABLESIZE 1
| #define HAVE_GETTIMEOFDAY 1
| #define HAVE_ISBLANK 1
| #define HAVE_ISWCNTRL 1
| #define HAVE_LSTAT 1
| #define HAVE_MPROTECT 1
| #define HAVE_MKSTEMP 1
| #define HAVE_OPENAT 1
| #define HAVE_PCLOSE 1
| #define HAVE_POPEN 1
| #define HAVE_READLINK 1
| #define HAVE_ISWCTYPE 1
| #define HAVE_SETENV 1
| #define HAVE_SIGACTION 1
| #define HAVE_SIGALTSTACK 1
| #define HAVE_SIGINTERRUPT 1
| #define HAVE_SETRLIMIT 1
| #define HAVE_GETRLIMIT 1
| #define HAVE___XPG_STRERROR_R 1
| #define HAVE_STRPTIME 1
| #define HAVE_STRTOIMAX 1
| #define HAVE_LOCALTIME_R 1
| #define HAVE_WCRTOMB 1
| #define HAVE_WCWIDTH 1
| #define HAVE_PIPE 1
| #define HAVE_PSELECT 1
| #define HAVE_PTHREAD_SIGMASK 1
| #define HAVE_SLEEP 1
| #define HAVE_SNPRINTF 1
| #define HAVE_SHUTDOWN 1
| #define HAVE_UNLINKAT 1
| #define HAVE_WCTOB 1
| #define HAVE_SIGPROCMASK 1
| #define HAVE_FORK 1
| #define HAVE_VFORK 1
| #define HAVE_LANGINFO_CODESET 1
| #define BITSIZEOF_WCHAR_T 32
| #define HAVE_MBSTATE_T 1
| #define HAVE_WORKING_MBRTOC32 1
| #define HAVE_WORKING_C32RTOMB 1
| #define HAVE_MALLOC_PTRDIFF 1
| #define HAVE_MALLOC_POSIX 1
| #define restrict __restrict__
| #define HAVE_ENVIRON_DECL 1
| #define HAVE_ERROR 1
| #define HAVE_DECL_STRERROR_R 1
| #define HAVE_STRERROR_R 1
| #define STRERROR_R_CHAR_P 1
| #define HAVE_DECL_FCHDIR 1
| #define HAVE_WORKING_O_NOATIME 1
| #define HAVE_WORKING_O_NOFOLLOW 1
| #define HAVE_MEMPCPY 1
| #define FUNC_FFLUSH_STDIN 0
| #define LSTAT_FOLLOWS_SLASHED_SYMLINK 1
| #define HAVE_DECL_GETDTABLESIZE 1
| #define HAVE_GETOPT_H 1
| #define HAVE_GETOPT_LONG_ONLY 1
| #define HAVE_PTHREAD_API 1
| #define SETLOCALE_NULL_ALL_MTSAFE 1
| #define SETLOCALE_NULL_ONE_MTSAFE 1
| #ifndef __x86_64__
| #define __x86_64__ 1
| #endif
| #ifndef __x86_64__
| #define __x86_64__ 1
| #endif
| #define HAVE_LONG_LONG_INT 1
| #define HAVE_UNSIGNED_LONG_LONG_INT 1
| #define HAVE_TOWLOWER 1
| #define HAVE_LC_MESSAGES 1
| #define HAVE_WEAK_SYMBOLS 1
| #define USE_POSIX_THREADS 1
| #define USE_POSIX_THREADS_FROM_LIBC 1
| #define HAVE_MALLOC_0_NONNULL 1
| #define HAVE_MAP_ANONYMOUS 1
| #define HAVE_DECL_MEMRCHR 1
| #define HAVE_MINMAX_IN_SYS_PARAM_H 1
| #define TIME_T_IS_SIGNED 1
| #define HAVE_DECL_ALARM 1
| #define HAVE_STRUCT_TM_TM_GMTOFF 1
| #define HAVE_STRUCT_TM_TM_ZONE 1
| #define HAVE_TM_GMTOFF 1
| #define PROMOTED_MODE_T mode_t
| #define HAVE_PTHREAD_T 1
| #define HAVE_PTHREAD_SPINLOCK_T 1
| #define HAVE_SIGSET_T 1
| #define HAVE_SCHED_H 1
| #define HAVE_DECL_SETENV 1
| #define HAVE_DECL__PUTENV 0
| #define HAVE_SEARCH_H 1
| #define HAVE_TSEARCH 1
| #define HAVE_DECL_FCLOSEALL 1
| #define HAVE_DECL_GETW 1
| #define HAVE_DECL_PUTW 1
| #define HAVE_DECL_ECVT 1
| #define HAVE_DECL_FCVT 1
| #define HAVE_DECL_GCVT 1
| #define HAVE_DECL_STRDUP 1
| #define HAVE_STRERROR_R 1
| #define HAVE_DECL_STRNLEN 1
| #define HAVE_DECL_STRTOIMAX 1
| #define _USE_STD_STAT 1
| #define HAVE_DECL_EXECVPE 1
| #define HAVE_DECL_CLEARERR_UNLOCKED 1
| #define HAVE_DECL_FEOF_UNLOCKED 1
| #define HAVE_DECL_FERROR_UNLOCKED 1
| #define HAVE_DECL_FFLUSH_UNLOCKED 1
| #define HAVE_DECL_FGETS_UNLOCKED 1
| #define HAVE_DECL_FPUTC_UNLOCKED 1
| #define HAVE_DECL_FPUTS_UNLOCKED 1
| #define HAVE_DECL_FREAD_UNLOCKED 1
| #define HAVE_DECL_FWRITE_UNLOCKED 1
| #define HAVE_DECL_GETC_UNLOCKED 1
| #define HAVE_DECL_GETCHAR_UNLOCKED 1
| #define HAVE_DECL_PUTC_UNLOCKED 1
| #define HAVE_DECL_PUTCHAR_UNLOCKED 1
| #define HAVE_DECL_UNSETENV 1
| #define HAVE_DECL_WCSDUP 1
| #define HAVE_SHUTDOWN 1
| #define HAVE_STRUCT_SOCKADDR_STORAGE 1
| #define HAVE_SA_FAMILY_T 1
| #define HAVE_STRUCT_SOCKADDR_STORAGE_SS_FAMILY 1
| #define HAVE_IPV4 1
| #define HAVE_IPV6 1
| #define DBL_EXPBIT0_WORD 1
| #define DBL_EXPBIT0_BIT 20
| #define FLT_EXPBIT0_WORD 0
| #define FLT_EXPBIT0_BIT 23
| #define LDBL_EXPBIT0_WORD 2
| #define LDBL_EXPBIT0_BIT 0
| #define HAVE_DECL_INITSTATE 1
| #define HAVE_DECL_SETSTATE 1
| #define HAVE_DECL_SNPRINTF 1
| #define HAVE_INTTYPES_H_WITH_UINTMAX 1
| #define HAVE_STDINT_H_WITH_UINTMAX 1
| #define HAVE_INTMAX_T 1
| #define HAVE_WCSLEN 1
| #define HAVE_SNPRINTF 1
| #define HAVE_STRNLEN 1
| #define HAVE_WCRTOMB 1
| #define HAVE_DECL__SNPRINTF 0
| #define HAVE_SNPRINTF_RETVAL_C99 1
| #define HAVE_SNPRINTF_TRUNCATION_C99 1
| #define HAVE_ALLOCA 1
| #define GNULIB_TEST_BTOC32 1
| #define GNULIB_TEST_BTOWC 1
| #define HAVE___BUILTIN_EXPECT 1
| #define GNULIB_TEST_C32_APPLY_TYPE_TEST 1
| #define GNULIB_TEST_C32_GET_TYPE_TEST 1
| #define GNULIB_TEST_C32ISALNUM 1
| #define GNULIB_TEST_C32ISALPHA 1
| #define GNULIB_TEST_C32ISBLANK 1
| #define GNULIB_TEST_C32ISCNTRL 1
| #define GNULIB_TEST_C32ISDIGIT 1
| #define GNULIB_TEST_C32ISGRAPH 1
| #define GNULIB_TEST_C32ISLOWER 1
| #define GNULIB_TEST_C32ISPRINT 1
| #define GNULIB_TEST_C32ISPUNCT 1
| #define GNULIB_TEST_C32ISSPACE 1
| #define GNULIB_TEST_C32ISUPPER 1
| #define GNULIB_TEST_C32ISXDIGIT 1
| #define GNULIB_TEST_C32TOLOWER 1
| #define GNULIB_TEST_C32WIDTH 1
| #define GNULIB_TEST_CALLOC_GNU 1
| #define GNULIB_TEST_CALLOC_POSIX 1
| #define HAVE_READLINKAT 1
| #define GNULIB_TEST_CHDIR 1
| #define HAVE_CLOCK_GETRES 1
| #define HAVE_CLOCK_GETTIME 1
| #define HAVE_CLOCK_SETTIME 1
| #define GNULIB_TEST_CLOEXEC 1
| #define GNULIB_TEST_CLOSE 1
| #define GNULIB_CLOSE 1
| #define HAVE_CLOSEDIR 1
| #define GNULIB_TEST_CLOSEDIR 1
| #define HAVE_STRUCT_DIRENT_D_TYPE 1
| #define HAVE_DIRFD 1
| #define HAVE_DECL_DIRFD 1
| #define GNULIB_TEST_DIRFD 1
| #define GNULIB_DIRNAME 1
| #define GNULIB_TEST_DUP 1
| #define GNULIB_TEST_DUP2 1
| #define GNULIB_TEST_ENVIRON 1
| #define GNULIB_TEST_FCHDIR 1
| #define GNULIB_TEST_FCNTL 1
| #define HAVE_DECL_FDOPENDIR 1
| #define GNULIB_TEST_FDOPENDIR 1
| #define GNULIB_FDOPENDIR 1
| #define HAVE_STRUCT_STAT_ST_BLOCKS 1
| #define HAVE_ST_BLOCKS 1
| #define GNULIB_FILENAMECAT 1
| #define HAVE_MEMPCPY 1
| #define FLEXIBLE_ARRAY_MEMBER /**/
| #define GNULIB_TEST_FNMATCH 1
| #define GNULIB_FNMATCH_GNU 1
| #define GNULIB_TEST_FOPEN 1
| #define GNULIB_FOPEN_GNU 1
| #define GNULIB_TEST_FOPEN_GNU 1
| #define HAVE_FREE_POSIX 1
| #define GNULIB_TEST_FREE_POSIX 1
| #define GNULIB_TEST_FREOPEN 1
| #define GNULIB_TEST_FSTAT 1
| #define GNULIB_FSTAT 1
| #define GNULIB_TEST_FSTATAT 1
| #define GNULIB_FSTATAT 1
| #define GNULIB_TEST_GETCWD 1
| #define GNULIB_TEST_GETDTABLESIZE 1
| #define GNULIB_TEST_GETOPT_POSIX 1
| #define GNULIB_TEST_GETPAGESIZE 1
| #define HAVE_DECL_PROGRAM_INVOCATION_NAME 1
| #define HAVE_DECL_PROGRAM_INVOCATION_NAME 1
| #define HAVE_DECL_PROGRAM_INVOCATION_SHORT_NAME 1
| #define HAVE_DECL___ARGV 0
| #define GNULIB_TEST_GETPROGNAME 1
| #define HAVE_GETRANDOM 1
| #define GNULIB_TEST_GETRANDOM 1
| #define HAVE_TIMESPEC_GET 1
| #define GETTIMEOFDAY_TIMEZONE void
| #define GNULIB_TEST_GETTIMEOFDAY 1
| #define GNULIB_LOCALEDIR "/usr/local/share/locale"
| #define HAVE_INLINE 1
| #define GNULIB_ISBLANK 1
| #define HAVE_ISWBLANK 1
| #define HAVE_DECL_ISWBLANK 1
| #define GNULIB_TEST_ISWBLANK 1
| #define GNULIB_TEST_ISWCTYPE 1
| #define GNULIB_TEST_ISWDIGIT 1
| #define GNULIB_TEST_ISWPUNCT 1
| #define GNULIB_TEST_ISWXDIGIT 1
| #define HAVE___INLINE 1
| #define GNULIB_TEST_LOCALECONV 1
| #define GNULIB_LOCALECONV 1
| #define HAVE_PTHREAD_RWLOCK 1
| #define HAVE_PTHREAD_MUTEX_RECURSIVE 1
| #define GNULIB_LOCK 1
| #define GNULIB_TEST_LSTAT 1
| #define GNULIB_LSTAT 1
| #define GNULIB_TEST_MALLOC_GNU 1
| #define GNULIB_TEST_MALLOC_POSIX 1
| #define MBRTOC32_IN_C_LOCALE_MAYBE_EILSEQ 1
| #define GNULIB_TEST_MBRTOC32 1
| #define MBRTOWC_IN_C_LOCALE_MAYBE_EILSEQ 1
| #define GNULIB_TEST_MBRTOWC 1
| #define GNULIB_TEST_MBSCASECMP 1
| #define GNULIB_TEST_MBSINIT 1
| #define GNULIB_TEST_MBSRTOC32S 1
| #define GNULIB_TEST_MBSRTOWCS 1
| #define GNULIB_TEST_MBSZERO 1
| #define HAVE_MBTOWC 1
| #define GNULIB_TEST_MBTOWC 1
| #define GNULIB_MCEL_PREFER 1
| #define GNULIB_TEST_MEMCHR 1
| #define HAVE_MEMPCPY 1
| #define GNULIB_TEST_MEMPCPY 1
| #define HAVE_MEMRCHR 1
| #define GNULIB_TEST_MEMRCHR 1
| #define GNULIB_TEST_MKDIR 1
| #define GNULIB_TEST_MKSTEMP 1
| #define GNULIB_TEST_MKTIME 1
| #define NEED_MKTIME_INTERNAL 1
| #define GNULIB_MSVC_NOTHROW 1
| #define HAVE_NL_LANGINFO 1
| #define FUNC_NL_LANGINFO_YESEXPR_WORKS 1
| #define NL_LANGINFO_MTSAFE 1
| #define REPLACE_NL_LANGINFO 1
| #define GNULIB_TEST_NL_LANGINFO 1
| #define GNULIB_TEST_OPEN 1
| #define GNULIB_OPENAT 1
| #define GNULIB_TEST_OPENAT 1
| #define HAVE_OPENDIR 1
| #define GNULIB_TEST_OPENDIR 1
| #define GNULIB_TEST_PCLOSE 1
| #define GNULIB_TEST_POPEN 1
| #define HAVE_DECL_PROGRAM_INVOCATION_NAME 1
| #define HAVE_DECL_PROGRAM_INVOCATION_SHORT_NAME 1
| #define GNULIB_TEST_PTHREAD_ONCE 1
| #define HAVE_RAISE 1
| #define GNULIB_TEST_RAISE 1
| #define HAVE_RAWMEMCHR 1
| #define GNULIB_TEST_RAWMEMCHR 1
| #define HAVE_READDIR 1
| #define GNULIB_TEST_READDIR 1
| #define GNULIB_TEST_READLINK 1
| #define HAVE_READLINKAT 1
| #define GNULIB_TEST_READLINKAT 1
| #define GNULIB_TEST_REALLOC_POSIX 1
| #define HAVE_REALLOCARRAY 1
| #define GNULIB_REALLOCARRAY 1
| #define GNULIB_TEST_REALLOCARRAY 1
| #define GNULIB_TEST_SETENV 1
| #define GNULIB_TEST_SETLOCALE_NULL 1
| #define HAVE_STRUCT_SIGACTION_SA_SIGACTION 1
| #define GNULIB_TEST_SIGACTION 1
| #define GNULIB_TEST_SIGPROCMASK 1
| #define STACK_DIRECTION -1
| #define HAVE_WORKING_SIGALTSTACK 1
| #define GNULIB_TEST_STAT 1
| #define GNULIB_STAT 1
| #define HAVE_STRUCT_STAT_ST_ATIM_TV_NSEC 1
| #define TYPEOF_STRUCT_STAT_ST_ATIM_IS_STRUCT_TIMESPEC 1
| #define GNULIB_TEST_FSCANF 1
| #define GNULIB_FSCANF 1
| #define GNULIB_TEST_SCANF 1
| #define GNULIB_SCANF 1
| #define GNULIB_TEST_FGETC 1
| #define GNULIB_TEST_GETC 1
| #define GNULIB_TEST_GETCHAR 1
| #define GNULIB_TEST_FGETS 1
| #define GNULIB_TEST_FREAD 1
| #define GNULIB_TEST_FPRINTF 1
| #define GNULIB_TEST_PRINTF 1
| #define GNULIB_TEST_VFPRINTF 1
| #define GNULIB_TEST_VPRINTF 1
| #define GNULIB_TEST_FPUTC 1
| #define GNULIB_TEST_PUTC 1
| #define GNULIB_TEST_PUTCHAR 1
| #define GNULIB_TEST_FPUTS 1
| #define GNULIB_TEST_PUTS 1
| #define GNULIB_TEST_FWRITE 1
| #define HAVE_STPCPY 1
| #define GNULIB_TEST_STPCPY 1
| #define HAVE_STRCASECMP 1
| #define GNULIB_TEST_STRDUP 1
| #define GNULIB_STRERROR 1
| #define GNULIB_TEST_STRERROR 1
| #define HAVE_STRNCASECMP 1
| #define HAVE_DECL_STRNCASECMP 1
| #define GNULIB_TEST_STRNLEN 1
| #define GNULIB_TEST_STRPTIME 1
| #define HAVE_STRTOLL 1
| #define GNULIB_TEST_STRTOLL 1
| #define GNULIB_TEMPNAME 1
| #define HAVE_DECL_LOCALTIME_R 1
| #define GNULIB_TEST_TIME_R 1
| /* end confdefs.h.  */
| #include <time.h>
| 
| int
| main (void)
| {
| if (sizeof (timezone_t))
| 	 return 0;
|   ;
|   return 0;
| }
configure:47447: result: no
configure:47463: checking for tzalloc
configure:47500: checking for tzalloc
configure:47500: gcc -o conftest -g -O2   conftest.c  >&5
/usr/bin/ld: /tmp/ccGqDVPr.o: in function `main':
/home/derek/Code/diffutils-bcr/conftest.c:445:(.text.startup+0x9): undefined reference to `tzalloc'
collect2: error: ld returned 1 exit status
configure:47500: $? = 1
configure: failed program was:
| /* confdefs.h */
| #define PACKAGE_NAME "GNU diffutils"
| #define PACKAGE_TARNAME "diffutils"
| #define PACKAGE_VERSION "3.12"
| #define PACKAGE_STRING "GNU diffutils 3.12"
| #define PACKAGE_BUGREPORT "bug-diffutils@gnu.org"
| #define PACKAGE_URL "https://www.gnu.org/software/diffutils/"
| #define PACKAGE "diffutils"
| #define VERSION "3.12"
| #define HAVE_STDIO_H 1
| #define HAVE_STDLIB_H 1
| #define HAVE_STRING_H 1
| #define HAVE_INTTYPES_H 1
| #define HAVE_STDINT_H 1
| #define HAVE_STRINGS_H 1
| #define HAVE_SYS_STAT_H 1
| #define HAVE_SYS_TYPES_H 1
| #define HAVE_UNISTD_H 1
| #define HAVE_WCHAR_H 1
| #define HAVE_STDBOOL_H 1
| #define HAVE_UCHAR_H 1
| #define HAVE_SYS_PARAM_H 1
| #define HAVE_SYS_SOCKET_H 1
| #define HAVE_DIRENT_H 1
| #define HAVE_ERROR_H 1
| #define HAVE_FNMATCH_H 1
| #define HAVE_GETOPT_H 1
| #define HAVE_SYS_TIME_H 1
| #define HAVE_THREADS_H 1
| #define HAVE_LIMITS_H 1
| #define HAVE_WCTYPE_H 1
| #define HAVE_LANGINFO_H 1
| #define HAVE_SYS_MMAN_H 1
| #define HAVE_PTHREAD_H 1
| #define HAVE_MALLOC_H 1
| #define HAVE_STDBIT_H 1
| #define HAVE_SYS_RANDOM_H 1
| #define HAVE_SYS_WAIT_H 1
| #define HAVE_FEATURES_H 1
| #define HAVE_ARPA_INET_H 1
| #define HAVE_NETDB_H 1
| #define HAVE_NETINET_IN_H 1
| #define HAVE_MATH_H 1
| #define HAVE_SYS_SELECT_H 1
| #define HAVE_SEMAPHORE_H 1
| #define HAVE_SYS_IOCTL_H 1
| #define HAVE_SYS_UN_H 1
| #define HAVE_SYS_UIO_H 1
| #define STDC_HEADERS 1
| #define _ALL_SOURCE 1
| #define _COSMO_SOURCE 1
| #define _DARWIN_C_SOURCE 1
| #define _GNU_SOURCE 1
| #define _HPUX_ALT_XOPEN_SOCKET_API 1
| #define _NETBSD_SOURCE 1
| #define _OPENBSD_SOURCE 1
| #define _POSIX_PTHREAD_SEMANTICS 1
| #define __STDC_WANT_IEC_60559_ATTRIBS_EXT__ 1
| #define __STDC_WANT_IEC_60559_BFP_EXT__ 1
| #define __STDC_WANT_IEC_60559_DFP_EXT__ 1
| #define __STDC_WANT_IEC_60559_EXT__ 1
| #define __STDC_WANT_IEC_60559_FUNCS_EXT__ 1
| #define __STDC_WANT_IEC_60559_TYPES_EXT__ 1
| #define __STDC_WANT_LIB_EXT2__ 1
| #define __STDC_WANT_MATH_SPEC_FUNCS__ 1
| #define _TANDEM_SOURCE 1
| #define __EXTENSIONS__ 1
| #define _LINUX_SOURCE_COMPAT 1
| #define __USE_MINGW_ANSI_STDIO 1
| #define HAVE_ALLOCA_H 1
| #define HAVE_ALLOCA 1
| #define HAVE_WINT_T 1
| #define HAVE_BTOWC 1
| #define HAVE_MBRTOWC 1
| #define HAVE_MBSINIT 1
| #define HAVE_FCHDIR 1
| #define HAVE_FCNTL 1
| #define HAVE_SYMLINK 1
| #define HAVE_FDOPENDIR 1
| #define HAVE_FNMATCH 1
| #define HAVE_MBSRTOWCS 1
| #define HAVE_FSTATAT 1
| #define HAVE_GETDTABLESIZE 1
| #define HAVE_GETTIMEOFDAY 1
| #define HAVE_ISBLANK 1
| #define HAVE_ISWCNTRL 1
| #define HAVE_LSTAT 1
| #define HAVE_MPROTECT 1
| #define HAVE_MKSTEMP 1
| #define HAVE_OPENAT 1
| #define HAVE_PCLOSE 1
| #define HAVE_POPEN 1
| #define HAVE_READLINK 1
| #define HAVE_ISWCTYPE 1
| #define HAVE_SETENV 1
| #define HAVE_SIGACTION 1
| #define HAVE_SIGALTSTACK 1
| #define HAVE_SIGINTERRUPT 1
| #define HAVE_SETRLIMIT 1
| #define HAVE_GETRLIMIT 1
| #define HAVE___XPG_STRERROR_R 1
| #define HAVE_STRPTIME 1
| #define HAVE_STRTOIMAX 1
| #define HAVE_LOCALTIME_R 1
| #define HAVE_WCRTOMB 1
| #define HAVE_WCWIDTH 1
| #define HAVE_PIPE 1
| #define HAVE_PSELECT 1
| #define HAVE_PTHREAD_SIGMASK 1
| #define HAVE_SLEEP 1
| #define HAVE_SNPRINTF 1
| #define HAVE_SHUTDOWN 1
| #define HAVE_UNLINKAT 1
| #define HAVE_WCTOB 1
| #define HAVE_SIGPROCMASK 1
| #define HAVE_FORK 1
| #define HAVE_VFORK 1
| #define HAVE_LANGINFO_CODESET 1
| #define BITSIZEOF_WCHAR_T 32
| #define HAVE_MBSTATE_T 1
| #define HAVE_WORKING_MBRTOC32 1
| #define HAVE_WORKING_C32RTOMB 1
| #define HAVE_MALLOC_PTRDIFF 1
| #define HAVE_MALLOC_POSIX 1
| #define restrict __restrict__
| #define HAVE_ENVIRON_DECL 1
| #define HAVE_ERROR 1
| #define HAVE_DECL_STRERROR_R 1
| #define HAVE_STRERROR_R 1
| #define STRERROR_R_CHAR_P 1
| #define HAVE_DECL_FCHDIR 1
| #define HAVE_WORKING_O_NOATIME 1
| #define HAVE_WORKING_O_NOFOLLOW 1
| #define HAVE_MEMPCPY 1
| #define FUNC_FFLUSH_STDIN 0
| #define LSTAT_FOLLOWS_SLASHED_SYMLINK 1
| #define HAVE_DECL_GETDTABLESIZE 1
| #define HAVE_GETOPT_H 1
| #define HAVE_GETOPT_LONG_ONLY 1
| #define HAVE_PTHREAD_API 1
| #define SETLOCALE_NULL_ALL_MTSAFE 1
| #define SETLOCALE_NULL_ONE_MTSAFE 1
| #ifndef __x86_64__
| #define __x86_64__ 1
| #endif
| #ifndef __x86_64__
| #define __x86_64__ 1
| #endif
| #define HAVE_LONG_LONG_INT 1
| #define HAVE_UNSIGNED_LONG_LONG_INT 1
| #define HAVE_TOWLOWER 1
| #define HAVE_LC_MESSAGES 1
| #define HAVE_WEAK_SYMBOLS 1
| #define USE_POSIX_THREADS 1
| #define USE_POSIX_THREADS_FROM_LIBC 1
| #define HAVE_MALLOC_0_NONNULL 1
| #define HAVE_MAP_ANONYMOUS 1
| #define HAVE_DECL_MEMRCHR 1
| #define HAVE_MINMAX_IN_SYS_PARAM_H 1
| #define TIME_T_IS_SIGNED 1
| #define HAVE_DECL_ALARM 1
| #define HAVE_STRUCT_TM_TM_GMTOFF 1
| #define HAVE_STRUCT_TM_TM_ZONE 1
| #define HAVE_TM_GMTOFF 1
| #define PROMOTED_MODE_T mode_t
| #define HAVE_PTHREAD_T 1
| #define HAVE_PTHREAD_SPINLOCK_T 1
| #define HAVE_SIGSET_T 1
| #define HAVE_SCHED_H 1
| #define HAVE_DECL_SETENV 1
| #define HAVE_DECL__PUTENV 0
| #define HAVE_SEARCH_H 1
| #define HAVE_TSEARCH 1
| #define HAVE_DECL_FCLOSEALL 1
| #define HAVE_DECL_GETW 1
| #define HAVE_DECL_PUTW 1
| #define HAVE_DECL_ECVT 1
| #define HAVE_DECL_FCVT 1
| #define HAVE_DECL_GCVT 1
| #define HAVE_DECL_STRDUP 1
| #define HAVE_STRERROR_R 1
| #define HAVE_DECL_STRNLEN 1
| #define HAVE_DECL_STRTOIMAX 1
| #define _USE_STD_STAT 1
| #define HAVE_DECL_EXECVPE 1
| #define HAVE_DECL_CLEARERR_UNLOCKED 1
| #define HAVE_DECL_FEOF_UNLOCKED 1
| #define HAVE_DECL_FERROR_UNLOCKED 1
| #define HAVE_DECL_FFLUSH_UNLOCKED 1
| #define HAVE_DECL_FGETS_UNLOCKED 1
| #define HAVE_DECL_FPUTC_UNLOCKED 1
| #define HAVE_DECL_FPUTS_UNLOCKED 1
| #define HAVE_DECL_FREAD_UNLOCKED 1
| #define HAVE_DECL_FWRITE_UNLOCKED 1
| #define HAVE_DECL_GETC_UNLOCKED 1
| #define HAVE_DECL_GETCHAR_UNLOCKED 1
| #define HAVE_DECL_PUTC_UNLOCKED 1
| #define HAVE_DECL_PUTCHAR_UNLOCKED 1
| #define HAVE_DECL_UNSETENV 1
| #define HAVE_DECL_WCSDUP 1
| #define HAVE_SHUTDOWN 1
| #define HAVE_STRUCT_SOCKADDR_STORAGE 1
| #define HAVE_SA_FAMILY_T 1
| #define HAVE_STRUCT_SOCKADDR_STORAGE_SS_FAMILY 1
| #define HAVE_IPV4 1
| #define HAVE_IPV6 1
| #define DBL_EXPBIT0_WORD 1
| #define DBL_EXPBIT0_BIT 20
| #define FLT_EXPBIT0_WORD 0
| #define FLT_EXPBIT0_BIT 23
| #define LDBL_EXPBIT0_WORD 2
| #define LDBL_EXPBIT0_BIT 0
| #define HAVE_DECL_INITSTATE 1
| #define HAVE_DECL_SETSTATE 1
| #define HAVE_DECL_SNPRINTF 1
| #define HAVE_INTTYPES_H_WITH_UINTMAX 1
| #define HAVE_STDINT_H_WITH_UINTMAX 1
| #define HAVE_INTMAX_T 1
| #define HAVE_WCSLEN 1
| #define HAVE_SNPRINTF 1
| #define HAVE_STRNLEN 1
| #define HAVE_WCRTOMB 1
| #define HAVE_DECL__SNPRINTF 0
| #define HAVE_SNPRINTF_RETVAL_C99 1
| #define HAVE_SNPRINTF_TRUNCATION_C99 1
| #define HAVE_ALLOCA 1
| #define GNULIB_TEST_BTOC32 1
| #define GNULIB_TEST_BTOWC 1
| #define HAVE___BUILTIN_EXPECT 1
| #define GNULIB_TEST_C32_APPLY_TYPE_TEST 1
| #define GNULIB_TEST_C32_GET_TYPE_TEST 1
| #define GNULIB_TEST_C32ISALNUM 1
| #define GNULIB_TEST_C32ISALPHA 1
| #define GNULIB_TEST_C32ISBLANK 1
| #define GNULIB_TEST_C32ISCNTRL 1
| #define GNULIB_TEST_C32ISDIGIT 1
| #define GNULIB_TEST_C32ISGRAPH 1
| #define GNULIB_TEST_C32ISLOWER 1
| #define GNULIB_TEST_C32ISPRINT 1
| #define GNULIB_TEST_C32ISPUNCT 1
| #define GNULIB_TEST_C32ISSPACE 1
| #define GNULIB_TEST_C32ISUPPER 1
| #define GNULIB_TEST_C32ISXDIGIT 1
| #define GNULIB_TEST_C32TOLOWER 1
| #define GNULIB_TEST_C32WIDTH 1
| #define GNULIB_TEST_CALLOC_GNU 1
| #define GNULIB_TEST_CALLOC_POSIX 1
| #define HAVE_READLINKAT 1
| #define GNULIB_TEST_CHDIR 1
| #define HAVE_CLOCK_GETRES 1
| #define HAVE_CLOCK_GETTIME 1
| #define HAVE_CLOCK_SETTIME 1
| #define GNULIB_TEST_CLOEXEC 1
| #define GNULIB_TEST_CLOSE 1
| #define GNULIB_CLOSE 1
| #define HAVE_CLOSEDIR 1
| #define GNULIB_TEST_CLOSEDIR 1
| #define HAVE_STRUCT_DIRENT_D_TYPE 1
| #define HAVE_DIRFD 1
| #define HAVE_DECL_DIRFD 1
| #define GNULIB_TEST_DIRFD 1
| #define GNULIB_DIRNAME 1
| #define GNULIB_TEST_DUP 1
| #define GNULIB_TEST_DUP2 1
| #define GNULIB_TEST_ENVIRON 1
| #define GNULIB_TEST_FCHDIR 1
| #define GNULIB_TEST_FCNTL 1
| #define HAVE_DECL_FDOPENDIR 1
| #define GNULIB_TEST_FDOPENDIR 1
| #define GNULIB_FDOPENDIR 1
| #define HAVE_STRUCT_STAT_ST_BLOCKS 1
| #define HAVE_ST_BLOCKS 1
| #define GNULIB_FILENAMECAT 1
| #define HAVE_MEMPCPY 1
| #define FLEXIBLE_ARRAY_MEMBER /**/
| #define GNULIB_TEST_FNMATCH 1
| #define GNULIB_FNMATCH_GNU 1
| #define GNULIB_TEST_FOPEN 1
| #define GNULIB_FOPEN_GNU 1
| #define GNULIB_TEST_FOPEN_GNU 1
| #define HAVE_FREE_POSIX 1
| #define GNULIB_TEST_FREE_POSIX 1
| #define GNULIB_TEST_FREOPEN 1
| #define GNULIB_TEST_FSTAT 1
| #define GNULIB_FSTAT 1
| #define GNULIB_TEST_FSTATAT 1
| #define GNULIB_FSTATAT 1
| #define GNULIB_TEST_GETCWD 1
| #define GNULIB_TEST_GETDTABLESIZE 1
| #define GNULIB_TEST_GETOPT_POSIX 1
| #define GNULIB_TEST_GETPAGESIZE 1
| #define HAVE_DECL_PROGRAM_INVOCATION_NAME 1
| #define HAVE_DECL_PROGRAM_INVOCATION_NAME 1
| #define HAVE_DECL_PROGRAM_INVOCATION_SHORT_NAME 1
| #define HAVE_DECL___ARGV 0
| #define GNULIB_TEST_GETPROGNAME 1
| #define HAVE_GETRANDOM 1
| #define GNULIB_TEST_GETRANDOM 1
| #define HAVE_TIMESPEC_GET 1
| #define GETTIMEOFDAY_TIMEZONE void
| #define GNULIB_TEST_GETTIMEOFDAY 1
| #define GNULIB_LOCALEDIR "/usr/local/share/locale"
| #define HAVE_INLINE 1
| #define GNULIB_ISBLANK 1
| #define HAVE_ISWBLANK 1
| #define HAVE_DECL_ISWBLANK 1
| #define GNULIB_TEST_ISWBLANK 1
| #define GNULIB_TEST_ISWCTYPE 1
| #define GNULIB_TEST_ISWDIGIT 1
| #define GNULIB_TEST_ISWPUNCT 1
| #define GNULIB_TEST_ISWXDIGIT 1
| #define HAVE___INLINE 1
| #define GNULIB_TEST_LOCALECONV 1
| #define GNULIB_LOCALECONV 1
| #define HAVE_PTHREAD_RWLOCK 1
| #define HAVE_PTHREAD_MUTEX_RECURSIVE 1
| #define GNULIB_LOCK 1
| #define GNULIB_TEST_LSTAT 1
| #define GNULIB_LSTAT 1
| #define GNULIB_TEST_MALLOC_GNU 1
| #define GNULIB_TEST_MALLOC_POSIX 1
| #define MBRTOC32_IN_C_LOCALE_MAYBE_EILSEQ 1
| #define GNULIB_TEST_MBRTOC32 1
| #define MBRTOWC_IN_C_LOCALE_MAYBE_EILSEQ 1
| #define GNULIB_TEST_MBRTOWC 1
| #define GNULIB_TEST_MBSCASECMP 1
| #define GNULIB_TEST_MBSINIT 1
| #define GNULIB_TEST_MBSRTOC32S 1
| #define GNULIB_TEST_MBSRTOWCS 1
| #define GNULIB_TEST_MBSZERO 1
| #define HAVE_MBTOWC 1
| #define GNULIB_TEST_MBTOWC 1
| #define GNULIB_MCEL_PREFER 1
| #define GNULIB_TEST_MEMCHR 1
| #define HAVE_MEMPCPY 1
| #define GNULIB_TEST_MEMPCPY 1
| #define HAVE_MEMRCHR 1
| #define GNULIB_TEST_MEMRCHR 1
| #define GNULIB_TEST_MKDIR 1
| #define GNULIB_TEST_MKSTEMP 1
| #define GNULIB_TEST_MKTIME 1
| #define NEED_MKTIME_INTERNAL 1
| #define GNULIB_MSVC_NOTHROW 1
| #define HAVE_NL_LANGINFO 1
| #define FUNC_NL_LANGINFO_YESEXPR_WORKS 1
| #define NL_LANGINFO_MTSAFE 1
| #define REPLACE_NL_LANGINFO 1
| #define GNULIB_TEST_NL_LANGINFO 1
| #define GNULIB_TEST_OPEN 1
| #define GNULIB_OPENAT 1
| #define GNULIB_TEST_OPENAT 1
| #define HAVE_OPENDIR 1
| #define GNULIB_TEST_OPENDIR 1
| #define GNULIB_TEST_PCLOSE 1
| #define GNULIB_TEST_POPEN 1
| #define HAVE_DECL_PROGRAM_INVOCATION_NAME 1
| #define HAVE_DECL_PROGRAM_INVOCATION_SHORT_NAME 1
| #define GNULIB_TEST_PTHREAD_ONCE 1
| #define HAVE_RAISE 1
| #define GNULIB_TEST_RAISE 1
| #define HAVE_RAWMEMCHR 1
| #define GNULIB_TEST_RAWMEMCHR 1
| #define HAVE_READDIR 1
| #define GNULIB_TEST_READDIR 1
| #define GNULIB_TEST_READLINK 1
| #define HAVE_READLINKAT 1
| #define GNULIB_TEST_READLINKAT 1
| #define GNULIB_TEST_REALLOC_POSIX 1
| #define HAVE_REALLOCARRAY 1
| #define GNULIB_REALLOCARRAY 1
| #define GNULIB_TEST_REALLOCARRAY 1
| #define GNULIB_TEST_SETENV 1
| #define GNULIB_TEST_SETLOCALE_NULL 1
| #define HAVE_STRUCT_SIGACTION_SA_SIGACTION 1
| #define GNULIB_TEST_SIGACTION 1
| #define GNULIB_TEST_SIGPROCMASK 1
| #define STACK_DIRECTION -1
| #define HAVE_WORKING_SIGALTSTACK 1
| #define GNULIB_TEST_STAT 1
| #define GNULIB_STAT 1
| #define HAVE_STRUCT_STAT_ST_ATIM_TV_NSEC 1
| #define TYPEOF_STRUCT_STAT_ST_ATIM_IS_STRUCT_TIMESPEC 1
| #define GNULIB_TEST_FSCANF 1
| #define GNULIB_FSCANF 1
| #define GNULIB_TEST_SCANF 1
| #define GNULIB_SCANF 1
| #define GNULIB_TEST_FGETC 1
| #define GNULIB_TEST_GETC 1
| #define GNULIB_TEST_GETCHAR 1
| #define GNULIB_TEST_FGETS 1
| #define GNULIB_TEST_FREAD 1
| #define GNULIB_TEST_FPRINTF 1
| #define GNULIB_TEST_PRINTF 1
| #define GNULIB_TEST_VFPRINTF 1
| #define GNULIB_TEST_VPRINTF 1
| #define GNULIB_TEST_FPUTC 1
| #define GNULIB_TEST_PUTC 1
| #define GNULIB_TEST_PUTCHAR 1
| #define GNULIB_TEST_FPUTS 1
| #define GNULIB_TEST_PUTS 1
| #define GNULIB_TEST_FWRITE 1
| #define HAVE_STPCPY 1
| #define GNULIB_TEST_STPCPY 1
| #define HAVE_STRCASECMP 1
| #define GNULIB_TEST_STRDUP 1
| #define GNULIB_STRERROR 1
| #define GNULIB_TEST_STRERROR 1
| #define HAVE_STRNCASECMP 1
| #define HAVE_DECL_STRNCASECMP 1
| #define GNULIB_TEST_STRNLEN 1
| #define GNULIB_TEST_STRPTIME 1
| #define HAVE_STRTOLL 1
| #define GNULIB_TEST_STRTOLL 1
| #define GNULIB_TEMPNAME 1
| #define HAVE_DECL_LOCALTIME_R 1
| #define GNULIB_TEST_TIME_R 1
| /* end confdefs.h.  */
| /* Define tzalloc to an innocuous variant, in case <limits.h> declares tzalloc.
|    For example, HP-UX 11i <limits.h> declares gettimeofday.  */
| #define tzalloc innocuous_tzalloc
| 
| /* System header to define __stub macros and hopefully few prototypes,
|    which can conflict with char tzalloc (void); below.  */
| 
| #include <limits.h>
| #undef tzalloc
| 
| /* Override any GCC internal prototype to avoid an error.
|    Use char because int might match the return type of a GCC
|    builtin and then its argument prototype would still apply.  */
| #ifdef __cplusplus
| extern "C"
| #endif
| char tzalloc (void);
| /* The GNU C library defines this for functions which it implements
|     to always fail with ENOSYS.  Some functions are actually named
|     something starting with __ and the normal name is an alias.  */
| #if defined __stub_tzalloc || defined __stub___tzalloc
| choke me
| #endif
| 
| int
| main (void)
| {
| return tzalloc ();
|   ;
|   return 0;
| }
configure:47500: result: no
configure:47516: result: no
configure:47589: checking for timegm
configure:47626: checking for timegm
configure:47626: gcc -o conftest -g -O2   conftest.c  >&5
configure:47626: $? = 0
configure:47626: result: yes
configure:47642: result: yes
configure:48714: checking for unsetenv
configure:48714: gcc -o conftest -g -O2   conftest.c  >&5
configure:48714: $? = 0
configure:48714: result: yes
configure:48725: checking for unsetenv() return type
configure:48751: gcc -c -g -O2  conftest.c >&5
configure:48751: $? = 0
configure:48761: result: int
configure:48770: checking whether unsetenv obeys POSIX
configure:48820: gcc -o conftest -g -O2   conftest.c  >&5
configure:48820: $? = 0
configure:48820: ./conftest
configure:48820: $? = 0
configure:48835: result: yes
configure:48888: checking for variable-length arrays
configure:48901: gcc -c -g -O2  conftest.c >&5
conftest.c:428:10: error: #error __STDC_NO_VLA__ not defined
  428 |         #error __STDC_NO_VLA__ not defined
      |          ^~~~~
configure:48901: $? = 1
configure: failed program was:
| /* confdefs.h */
| #define PACKAGE_NAME "GNU diffutils"
| #define PACKAGE_TARNAME "diffutils"
| #define PACKAGE_VERSION "3.12"
| #define PACKAGE_STRING "GNU diffutils 3.12"
| #define PACKAGE_BUGREPORT "bug-diffutils@gnu.org"
| #define PACKAGE_URL "https://www.gnu.org/software/diffutils/"
| #define PACKAGE "diffutils"
| #define VERSION "3.12"
| #define HAVE_STDIO_H 1
| #define HAVE_STDLIB_H 1
| #define HAVE_STRING_H 1
| #define HAVE_INTTYPES_H 1
| #define HAVE_STDINT_H 1
| #define HAVE_STRINGS_H 1
| #define HAVE_SYS_STAT_H 1
| #define HAVE_SYS_TYPES_H 1
| #define HAVE_UNISTD_H 1
| #define HAVE_WCHAR_H 1
| #define HAVE_STDBOOL_H 1
| #define HAVE_UCHAR_H 1
| #define HAVE_SYS_PARAM_H 1
| #define HAVE_SYS_SOCKET_H 1
| #define HAVE_DIRENT_H 1
| #define HAVE_ERROR_H 1
| #define HAVE_FNMATCH_H 1
| #define HAVE_GETOPT_H 1
| #define HAVE_SYS_TIME_H 1
| #define HAVE_THREADS_H 1
| #define HAVE_LIMITS_H 1
| #define HAVE_WCTYPE_H 1
| #define HAVE_LANGINFO_H 1
| #define HAVE_SYS_MMAN_H 1
| #define HAVE_PTHREAD_H 1
| #define HAVE_MALLOC_H 1
| #define HAVE_STDBIT_H 1
| #define HAVE_SYS_RANDOM_H 1
| #define HAVE_SYS_WAIT_H 1
| #define HAVE_FEATURES_H 1
| #define HAVE_ARPA_INET_H 1
| #define HAVE_NETDB_H 1
| #define HAVE_NETINET_IN_H 1
| #define HAVE_MATH_H 1
| #define HAVE_SYS_SELECT_H 1
| #define HAVE_SEMAPHORE_H 1
| #define HAVE_SYS_IOCTL_H 1
| #define HAVE_SYS_UN_H 1
| #define HAVE_SYS_UIO_H 1
| #define STDC_HEADERS 1
| #define _ALL_SOURCE 1
| #define _COSMO_SOURCE 1
| #define _DARWIN_C_SOURCE 1
| #define _GNU_SOURCE 1
| #define _HPUX_ALT_XOPEN_SOCKET_API 1
| #define _NETBSD_SOURCE 1
| #define _OPENBSD_SOURCE 1
| #define _POSIX_PTHREAD_SEMANTICS 1
| #define __STDC_WANT_IEC_60559_ATTRIBS_EXT__ 1
| #define __STDC_WANT_IEC_60559_BFP_EXT__ 1
| #define __STDC_WANT_IEC_60559_DFP_EXT__ 1
| #define __STDC_WANT_IEC_60559_EXT__ 1
| #define __STDC_WANT_IEC_60559_FUNCS_EXT__ 1
| #define __STDC_WANT_IEC_60559_TYPES_EXT__ 1
| #define __STDC_WANT_LIB_EXT2__ 1
| #define __STDC_WANT_MATH_SPEC_FUNCS__ 1
| #define _TANDEM_SOURCE 1
| #define __EXTENSIONS__ 1
| #define _LINUX_SOURCE_COMPAT 1
| #define __USE_MINGW_ANSI_STDIO 1
| #define HAVE_ALLOCA_H 1
| #define HAVE_ALLOCA 1
| #define HAVE_WINT_T 1
| #define HAVE_BTOWC 1
| #define HAVE_MBRTOWC 1
| #define HAVE_MBSINIT 1
| #define HAVE_FCHDIR 1
| #define HAVE_FCNTL 1
| #define HAVE_SYMLINK 1
| #define HAVE_FDOPENDIR 1
| #define HAVE_FNMATCH 1
| #define HAVE_MBSRTOWCS 1
| #define HAVE_FSTATAT 1
| #define HAVE_GETDTABLESIZE 1
| #define HAVE_GETTIMEOFDAY 1
| #define HAVE_ISBLANK 1
| #define HAVE_ISWCNTRL 1
| #define HAVE_LSTAT 1
| #define HAVE_MPROTECT 1
| #define HAVE_MKSTEMP 1
| #define HAVE_OPENAT 1
| #define HAVE_PCLOSE 1
| #define HAVE_POPEN 1
| #define HAVE_READLINK 1
| #define HAVE_ISWCTYPE 1
| #define HAVE_SETENV 1
| #define HAVE_SIGACTION 1
| #define HAVE_SIGALTSTACK 1
| #define HAVE_SIGINTERRUPT 1
| #define HAVE_SETRLIMIT 1
| #define HAVE_GETRLIMIT 1
| #define HAVE___XPG_STRERROR_R 1
| #define HAVE_STRPTIME 1
| #define HAVE_STRTOIMAX 1
| #define HAVE_LOCALTIME_R 1
| #define HAVE_WCRTOMB 1
| #define HAVE_WCWIDTH 1
| #define HAVE_PIPE 1
| #define HAVE_PSELECT 1
| #define HAVE_PTHREAD_SIGMASK 1
| #define HAVE_SLEEP 1
| #define HAVE_SNPRINTF 1
| #define HAVE_SHUTDOWN 1
| #define HAVE_UNLINKAT 1
| #define HAVE_WCTOB 1
| #define HAVE_SIGPROCMASK 1
| #define HAVE_FORK 1
| #define HAVE_VFORK 1
| #define HAVE_LANGINFO_CODESET 1
| #define BITSIZEOF_WCHAR_T 32
| #define HAVE_MBSTATE_T 1
| #define HAVE_WORKING_MBRTOC32 1
| #define HAVE_WORKING_C32RTOMB 1
| #define HAVE_MALLOC_PTRDIFF 1
| #define HAVE_MALLOC_POSIX 1
| #define restrict __restrict__
| #define HAVE_ENVIRON_DECL 1
| #define HAVE_ERROR 1
| #define HAVE_DECL_STRERROR_R 1
| #define HAVE_STRERROR_R 1
| #define STRERROR_R_CHAR_P 1
| #define HAVE_DECL_FCHDIR 1
| #define HAVE_WORKING_O_NOATIME 1
| #define HAVE_WORKING_O_NOFOLLOW 1
| #define HAVE_MEMPCPY 1
| #define FUNC_FFLUSH_STDIN 0
| #define LSTAT_FOLLOWS_SLASHED_SYMLINK 1
| #define HAVE_DECL_GETDTABLESIZE 1
| #define HAVE_GETOPT_H 1
| #define HAVE_GETOPT_LONG_ONLY 1
| #define HAVE_PTHREAD_API 1
| #define SETLOCALE_NULL_ALL_MTSAFE 1
| #define SETLOCALE_NULL_ONE_MTSAFE 1
| #ifndef __x86_64__
| #define __x86_64__ 1
| #endif
| #ifndef __x86_64__
| #define __x86_64__ 1
| #endif
| #define HAVE_LONG_LONG_INT 1
| #define HAVE_UNSIGNED_LONG_LONG_INT 1
| #define HAVE_TOWLOWER 1
| #define HAVE_LC_MESSAGES 1
| #define HAVE_WEAK_SYMBOLS 1
| #define USE_POSIX_THREADS 1
| #define USE_POSIX_THREADS_FROM_LIBC 1
| #define HAVE_MALLOC_0_NONNULL 1
| #define HAVE_MAP_ANONYMOUS 1
| #define HAVE_DECL_MEMRCHR 1
| #define HAVE_MINMAX_IN_SYS_PARAM_H 1
| #define TIME_T_IS_SIGNED 1
| #define HAVE_DECL_ALARM 1
| #define HAVE_STRUCT_TM_TM_GMTOFF 1
| #define HAVE_STRUCT_TM_TM_ZONE 1
| #define HAVE_TM_GMTOFF 1
| #define PROMOTED_MODE_T mode_t
| #define HAVE_PTHREAD_T 1
| #define HAVE_PTHREAD_SPINLOCK_T 1
| #define HAVE_SIGSET_T 1
| #define HAVE_SCHED_H 1
| #define HAVE_DECL_SETENV 1
| #define HAVE_DECL__PUTENV 0
| #define HAVE_SEARCH_H 1
| #define HAVE_TSEARCH 1
| #define HAVE_DECL_FCLOSEALL 1
| #define HAVE_DECL_GETW 1
| #define HAVE_DECL_PUTW 1
| #define HAVE_DECL_ECVT 1
| #define HAVE_DECL_FCVT 1
| #define HAVE_DECL_GCVT 1
| #define HAVE_DECL_STRDUP 1
| #define HAVE_STRERROR_R 1
| #define HAVE_DECL_STRNLEN 1
| #define HAVE_DECL_STRTOIMAX 1
| #define _USE_STD_STAT 1
| #define HAVE_DECL_EXECVPE 1
| #define HAVE_DECL_CLEARERR_UNLOCKED 1
| #define HAVE_DECL_FEOF_UNLOCKED 1
| #define HAVE_DECL_FERROR_UNLOCKED 1
| #define HAVE_DECL_FFLUSH_UNLOCKED 1
| #define HAVE_DECL_FGETS_UNLOCKED 1
| #define HAVE_DECL_FPUTC_UNLOCKED 1
| #define HAVE_DECL_FPUTS_UNLOCKED 1
| #define HAVE_DECL_FREAD_UNLOCKED 1
| #define HAVE_DECL_FWRITE_UNLOCKED 1
| #define HAVE_DECL_GETC_UNLOCKED 1
| #define HAVE_DECL_GETCHAR_UNLOCKED 1
| #define HAVE_DECL_PUTC_UNLOCKED 1
| #define HAVE_DECL_PUTCHAR_UNLOCKED 1
| #define HAVE_DECL_UNSETENV 1
| #define HAVE_DECL_WCSDUP 1
| #define HAVE_SHUTDOWN 1
| #define HAVE_STRUCT_SOCKADDR_STORAGE 1
| #define HAVE_SA_FAMILY_T 1
| #define HAVE_STRUCT_SOCKADDR_STORAGE_SS_FAMILY 1
| #define HAVE_IPV4 1
| #define HAVE_IPV6 1
| #define DBL_EXPBIT0_WORD 1
| #define DBL_EXPBIT0_BIT 20
| #define FLT_EXPBIT0_WORD 0
| #define FLT_EXPBIT0_BIT 23
| #define LDBL_EXPBIT0_WORD 2
| #define LDBL_EXPBIT0_BIT 0
| #define HAVE_DECL_INITSTATE 1
| #define HAVE_DECL_SETSTATE 1
| #define HAVE_DECL_SNPRINTF 1
| #define HAVE_INTTYPES_H_WITH_UINTMAX 1
| #define HAVE_STDINT_H_WITH_UINTMAX 1
| #define HAVE_INTMAX_T 1
| #define HAVE_WCSLEN 1
| #define HAVE_SNPRINTF 1
| #define HAVE_STRNLEN 1
| #define HAVE_WCRTOMB 1
| #define HAVE_DECL__SNPRINTF 0
| #define HAVE_SNPRINTF_RETVAL_C99 1
| #define HAVE_SNPRINTF_TRUNCATION_C99 1
| #define HAVE_ALLOCA 1
| #define GNULIB_TEST_BTOC32 1
| #define GNULIB_TEST_BTOWC 1
| #define HAVE___BUILTIN_EXPECT 1
| #define GNULIB_TEST_C32_APPLY_TYPE_TEST 1
| #define GNULIB_TEST_C32_GET_TYPE_TEST 1
| #define GNULIB_TEST_C32ISALNUM 1
| #define GNULIB_TEST_C32ISALPHA 1
| #define GNULIB_TEST_C32ISBLANK 1
| #define GNULIB_TEST_C32ISCNTRL 1
| #define GNULIB_TEST_C32ISDIGIT 1
| #define GNULIB_TEST_C32ISGRAPH 1
| #define GNULIB_TEST_C32ISLOWER 1
| #define GNULIB_TEST_C32ISPRINT 1
| #define GNULIB_TEST_C32ISPUNCT 1
| #define GNULIB_TEST_C32ISSPACE 1
| #define GNULIB_TEST_C32ISUPPER 1
| #define GNULIB_TEST_C32ISXDIGIT 1
| #define GNULIB_TEST_C32TOLOWER 1
| #define GNULIB_TEST_C32WIDTH 1
| #define GNULIB_TEST_CALLOC_GNU 1
| #define GNULIB_TEST_CALLOC_POSIX 1
| #define HAVE_READLINKAT 1
| #define GNULIB_TEST_CHDIR 1
| #define HAVE_CLOCK_GETRES 1
| #define HAVE_CLOCK_GETTIME 1
| #define HAVE_CLOCK_SETTIME 1
| #define GNULIB_TEST_CLOEXEC 1
| #define GNULIB_TEST_CLOSE 1
| #define GNULIB_CLOSE 1
| #define HAVE_CLOSEDIR 1
| #define GNULIB_TEST_CLOSEDIR 1
| #define HAVE_STRUCT_DIRENT_D_TYPE 1
| #define HAVE_DIRFD 1
| #define HAVE_DECL_DIRFD 1
| #define GNULIB_TEST_DIRFD 1
| #define GNULIB_DIRNAME 1
| #define GNULIB_TEST_DUP 1
| #define GNULIB_TEST_DUP2 1
| #define GNULIB_TEST_ENVIRON 1
| #define GNULIB_TEST_FCHDIR 1
| #define GNULIB_TEST_FCNTL 1
| #define HAVE_DECL_FDOPENDIR 1
| #define GNULIB_TEST_FDOPENDIR 1
| #define GNULIB_FDOPENDIR 1
| #define HAVE_STRUCT_STAT_ST_BLOCKS 1
| #define HAVE_ST_BLOCKS 1
| #define GNULIB_FILENAMECAT 1
| #define HAVE_MEMPCPY 1
| #define FLEXIBLE_ARRAY_MEMBER /**/
| #define GNULIB_TEST_FNMATCH 1
| #define GNULIB_FNMATCH_GNU 1
| #define GNULIB_TEST_FOPEN 1
| #define GNULIB_FOPEN_GNU 1
| #define GNULIB_TEST_FOPEN_GNU 1
| #define HAVE_FREE_POSIX 1
| #define GNULIB_TEST_FREE_POSIX 1
| #define GNULIB_TEST_FREOPEN 1
| #define GNULIB_TEST_FSTAT 1
| #define GNULIB_FSTAT 1
| #define GNULIB_TEST_FSTATAT 1
| #define GNULIB_FSTATAT 1
| #define GNULIB_TEST_GETCWD 1
| #define GNULIB_TEST_GETDTABLESIZE 1
| #define GNULIB_TEST_GETOPT_POSIX 1
| #define GNULIB_TEST_GETPAGESIZE 1
| #define HAVE_DECL_PROGRAM_INVOCATION_NAME 1
| #define HAVE_DECL_PROGRAM_INVOCATION_NAME 1
| #define HAVE_DECL_PROGRAM_INVOCATION_SHORT_NAME 1
| #define HAVE_DECL___ARGV 0
| #define GNULIB_TEST_GETPROGNAME 1
| #define HAVE_GETRANDOM 1
| #define GNULIB_TEST_GETRANDOM 1
| #define HAVE_TIMESPEC_GET 1
| #define GETTIMEOFDAY_TIMEZONE void
| #define GNULIB_TEST_GETTIMEOFDAY 1
| #define GNULIB_LOCALEDIR "/usr/local/share/locale"
| #define HAVE_INLINE 1
| #define GNULIB_ISBLANK 1
| #define HAVE_ISWBLANK 1
| #define HAVE_DECL_ISWBLANK 1
| #define GNULIB_TEST_ISWBLANK 1
| #define GNULIB_TEST_ISWCTYPE 1
| #define GNULIB_TEST_ISWDIGIT 1
| #define GNULIB_TEST_ISWPUNCT 1
| #define GNULIB_TEST_ISWXDIGIT 1
| #define HAVE___INLINE 1
| #define GNULIB_TEST_LOCALECONV 1
| #define GNULIB_LOCALECONV 1
| #define HAVE_PTHREAD_RWLOCK 1
| #define HAVE_PTHREAD_MUTEX_RECURSIVE 1
| #define GNULIB_LOCK 1
| #define GNULIB_TEST_LSTAT 1
| #define GNULIB_LSTAT 1
| #define GNULIB_TEST_MALLOC_GNU 1
| #define GNULIB_TEST_MALLOC_POSIX 1
| #define MBRTOC32_IN_C_LOCALE_MAYBE_EILSEQ 1
| #define GNULIB_TEST_MBRTOC32 1
| #define MBRTOWC_IN_C_LOCALE_MAYBE_EILSEQ 1
| #define GNULIB_TEST_MBRTOWC 1
| #define GNULIB_TEST_MBSCASECMP 1
| #define GNULIB_TEST_MBSINIT 1
| #define GNULIB_TEST_MBSRTOC32S 1
| #define GNULIB_TEST_MBSRTOWCS 1
| #define GNULIB_TEST_MBSZERO 1
| #define HAVE_MBTOWC 1
| #define GNULIB_TEST_MBTOWC 1
| #define GNULIB_MCEL_PREFER 1
| #define GNULIB_TEST_MEMCHR 1
| #define HAVE_MEMPCPY 1
| #define GNULIB_TEST_MEMPCPY 1
| #define HAVE_MEMRCHR 1
| #define GNULIB_TEST_MEMRCHR 1
| #define GNULIB_TEST_MKDIR 1
| #define GNULIB_TEST_MKSTEMP 1
| #define GNULIB_TEST_MKTIME 1
| #define NEED_MKTIME_INTERNAL 1
| #define GNULIB_MSVC_NOTHROW 1
| #define HAVE_NL_LANGINFO 1
| #define FUNC_NL_LANGINFO_YESEXPR_WORKS 1
| #define NL_LANGINFO_MTSAFE 1
| #define REPLACE_NL_LANGINFO 1
| #define GNULIB_TEST_NL_LANGINFO 1
| #define GNULIB_TEST_OPEN 1
| #define GNULIB_OPENAT 1
| #define GNULIB_TEST_OPENAT 1
| #define HAVE_OPENDIR 1
| #define GNULIB_TEST_OPENDIR 1
| #define GNULIB_TEST_PCLOSE 1
| #define GNULIB_TEST_POPEN 1
| #define HAVE_DECL_PROGRAM_INVOCATION_NAME 1
| #define HAVE_DECL_PROGRAM_INVOCATION_SHORT_NAME 1
| #define GNULIB_TEST_PTHREAD_ONCE 1
| #define HAVE_RAISE 1
| #define GNULIB_TEST_RAISE 1
| #define HAVE_RAWMEMCHR 1
| #define GNULIB_TEST_RAWMEMCHR 1
| #define HAVE_READDIR 1
| #define GNULIB_TEST_READDIR 1
| #define GNULIB_TEST_READLINK 1
| #define HAVE_READLINKAT 1
| #define GNULIB_TEST_READLINKAT 1
| #define GNULIB_TEST_REALLOC_POSIX 1
| #define HAVE_REALLOCARRAY 1
| #define GNULIB_REALLOCARRAY 1
| #define GNULIB_TEST_REALLOCARRAY 1
| #define GNULIB_TEST_SETENV 1
| #define GNULIB_TEST_SETLOCALE_NULL 1
| #define HAVE_STRUCT_SIGACTION_SA_SIGACTION 1
| #define GNULIB_TEST_SIGACTION 1
| #define GNULIB_TEST_SIGPROCMASK 1
| #define STACK_DIRECTION -1
| #define HAVE_WORKING_SIGALTSTACK 1
| #define GNULIB_TEST_STAT 1
| #define GNULIB_STAT 1
| #define HAVE_STRUCT_STAT_ST_ATIM_TV_NSEC 1
| #define TYPEOF_STRUCT_STAT_ST_ATIM_IS_STRUCT_TIMESPEC 1
| #define GNULIB_TEST_FSCANF 1
| #define GNULIB_FSCANF 1
| #define GNULIB_TEST_SCANF 1
| #define GNULIB_SCANF 1
| #define GNULIB_TEST_FGETC 1
| #define GNULIB_TEST_GETC 1
| #define GNULIB_TEST_GETCHAR 1
| #define GNULIB_TEST_FGETS 1
| #define GNULIB_TEST_FREAD 1
| #define GNULIB_TEST_FPRINTF 1
| #define GNULIB_TEST_PRINTF 1
| #define GNULIB_TEST_VFPRINTF 1
| #define GNULIB_TEST_VPRINTF 1
| #define GNULIB_TEST_FPUTC 1
| #define GNULIB_TEST_PUTC 1
| #define GNULIB_TEST_PUTCHAR 1
| #define GNULIB_TEST_FPUTS 1
| #define GNULIB_TEST_PUTS 1
| #define GNULIB_TEST_FWRITE 1
| #define HAVE_STPCPY 1
| #define GNULIB_TEST_STPCPY 1
| #define HAVE_STRCASECMP 1
| #define GNULIB_TEST_STRDUP 1
| #define GNULIB_STRERROR 1
| #define GNULIB_TEST_STRERROR 1
| #define HAVE_STRNCASECMP 1
| #define HAVE_DECL_STRNCASECMP 1
| #define GNULIB_TEST_STRNLEN 1
| #define GNULIB_TEST_STRPTIME 1
| #define HAVE_STRTOLL 1
| #define GNULIB_TEST_STRTOLL 1
| #define GNULIB_TEMPNAME 1
| #define HAVE_DECL_LOCALTIME_R 1
| #define GNULIB_TEST_TIME_R 1
| #define GNULIB_TEST_TIME_RZ 1
| #define HAVE_TIMEGM 1
| #define GNULIB_TEST_TIMEGM 1
| #define GNULIB_TEST_TIMESPEC_GET 1
| #define GNULIB_TEST_TZSET 1
| #define GNULIB_STDIO_SINGLE_THREAD 1
| #define USE_UNLOCKED_IO GNULIB_STDIO_SINGLE_THREAD
| #define HAVE_UNSETENV 1
| #define GNULIB_TEST_UNSETENV 1
| /* end confdefs.h.  */
| 	#ifndef __STDC_NO_VLA__
| 	#error __STDC_NO_VLA__ not defined
| 	#endif
| 
configure:48945: gcc -c -g -O2  conftest.c >&5
configure:48945: $? = 0
configure:48958: result: yes
configure:49062: checking whether wcrtomb works in the C locale
configure:49095: gcc -o conftest -g -O2   conftest.c  >&5
configure:49095: $? = 0
configure:49095: ./conftest
configure:49095: $? = 0
configure:49110: result: yes
configure:49121: checking whether wcrtomb return value is correct
configure:49184: gcc -o conftest -g -O2   conftest.c  >&5
configure:49184: $? = 0
configure:49184: ./conftest
configure:49184: $? = 0
configure:49200: result: yes
configure:49308: checking whether wcwidth is declared
configure:49308: gcc -c -g -O2   conftest.c >&5
configure:49308: $? = 0
configure:49308: result: yes
configure:49359: checking whether wcwidth works reasonably in UTF-8 locales
configure:49411: gcc -o conftest -g -O2   conftest.c  >&5
configure:49411: $? = 0
configure:49411: ./conftest
configure:49411: $? = 0
configure:49426: result: yes
configure:49544: checking for wmemchr
configure:49563: gcc -o conftest -g -O2   conftest.c  >&5
configure:49563: $? = 0
configure:49575: result: yes
configure:49628: checking for wmempcpy
configure:49665: checking for wmempcpy
configure:49665: gcc -o conftest -g -O2   conftest.c  >&5
configure:49665: $? = 0
configure:49665: result: yes
configure:49681: result: yes
configure:49840: checking for alignas and alignof
configure:49898: gcc -c -g -O2  conftest.c >&5
conftest.c:457:31: warning: implicit declaration of function 'alignof' [-Wimplicit-function-declaration]
  457 |             char test_alignof[alignof (double) == _Alignof (double) ? 1 : -1];
      |                               ^~~~~~~
conftest.c:457:40: error: expected expression before 'double'
  457 |             char test_alignof[alignof (double) == _Alignof (double) ? 1 : -1];
      |                                        ^~~~~~
conftest.c:461:59: error: expected declaration specifiers or '...' before numeric constant
  461 |               struct alignas_test { char c; char alignas (8) alignas_8; };
      |                                                           ^
conftest.c:461:73: warning: no semicolon at end of struct or union
  461 |               struct alignas_test { char c; char alignas (8) alignas_8; };
      |                                                                         ^
In file included from conftest.c:444:
conftest.c:462:33: error: 'struct alignas_test' has no member named 'alignas_8'
  462 |               char test_alignas[offsetof (struct alignas_test, alignas_8) == 8
      |                                 ^~~~~~~~
configure:49898: $? = 1
configure: failed program was:
| /* confdefs.h */
| #define PACKAGE_NAME "GNU diffutils"
| #define PACKAGE_TARNAME "diffutils"
| #define PACKAGE_VERSION "3.12"
| #define PACKAGE_STRING "GNU diffutils 3.12"
| #define PACKAGE_BUGREPORT "bug-diffutils@gnu.org"
| #define PACKAGE_URL "https://www.gnu.org/software/diffutils/"
| #define PACKAGE "diffutils"
| #define VERSION "3.12"
| #define HAVE_STDIO_H 1
| #define HAVE_STDLIB_H 1
| #define HAVE_STRING_H 1
| #define HAVE_INTTYPES_H 1
| #define HAVE_STDINT_H 1
| #define HAVE_STRINGS_H 1
| #define HAVE_SYS_STAT_H 1
| #define HAVE_SYS_TYPES_H 1
| #define HAVE_UNISTD_H 1
| #define HAVE_WCHAR_H 1
| #define HAVE_STDBOOL_H 1
| #define HAVE_UCHAR_H 1
| #define HAVE_SYS_PARAM_H 1
| #define HAVE_SYS_SOCKET_H 1
| #define HAVE_DIRENT_H 1
| #define HAVE_ERROR_H 1
| #define HAVE_FNMATCH_H 1
| #define HAVE_GETOPT_H 1
| #define HAVE_SYS_TIME_H 1
| #define HAVE_THREADS_H 1
| #define HAVE_LIMITS_H 1
| #define HAVE_WCTYPE_H 1
| #define HAVE_LANGINFO_H 1
| #define HAVE_SYS_MMAN_H 1
| #define HAVE_PTHREAD_H 1
| #define HAVE_MALLOC_H 1
| #define HAVE_STDBIT_H 1
| #define HAVE_SYS_RANDOM_H 1
| #define HAVE_SYS_WAIT_H 1
| #define HAVE_FEATURES_H 1
| #define HAVE_ARPA_INET_H 1
| #define HAVE_NETDB_H 1
| #define HAVE_NETINET_IN_H 1
| #define HAVE_MATH_H 1
| #define HAVE_SYS_SELECT_H 1
| #define HAVE_SEMAPHORE_H 1
| #define HAVE_SYS_IOCTL_H 1
| #define HAVE_SYS_UN_H 1
| #define HAVE_SYS_UIO_H 1
| #define STDC_HEADERS 1
| #define _ALL_SOURCE 1
| #define _COSMO_SOURCE 1
| #define _DARWIN_C_SOURCE 1
| #define _GNU_SOURCE 1
| #define _HPUX_ALT_XOPEN_SOCKET_API 1
| #define _NETBSD_SOURCE 1
| #define _OPENBSD_SOURCE 1
| #define _POSIX_PTHREAD_SEMANTICS 1
| #define __STDC_WANT_IEC_60559_ATTRIBS_EXT__ 1
| #define __STDC_WANT_IEC_60559_BFP_EXT__ 1
| #define __STDC_WANT_IEC_60559_DFP_EXT__ 1
| #define __STDC_WANT_IEC_60559_EXT__ 1
| #define __STDC_WANT_IEC_60559_FUNCS_EXT__ 1
| #define __STDC_WANT_IEC_60559_TYPES_EXT__ 1
| #define __STDC_WANT_LIB_EXT2__ 1
| #define __STDC_WANT_MATH_SPEC_FUNCS__ 1
| #define _TANDEM_SOURCE 1
| #define __EXTENSIONS__ 1
| #define _LINUX_SOURCE_COMPAT 1
| #define __USE_MINGW_ANSI_STDIO 1
| #define HAVE_ALLOCA_H 1
| #define HAVE_ALLOCA 1
| #define HAVE_WINT_T 1
| #define HAVE_BTOWC 1
| #define HAVE_MBRTOWC 1
| #define HAVE_MBSINIT 1
| #define HAVE_FCHDIR 1
| #define HAVE_FCNTL 1
| #define HAVE_SYMLINK 1
| #define HAVE_FDOPENDIR 1
| #define HAVE_FNMATCH 1
| #define HAVE_MBSRTOWCS 1
| #define HAVE_FSTATAT 1
| #define HAVE_GETDTABLESIZE 1
| #define HAVE_GETTIMEOFDAY 1
| #define HAVE_ISBLANK 1
| #define HAVE_ISWCNTRL 1
| #define HAVE_LSTAT 1
| #define HAVE_MPROTECT 1
| #define HAVE_MKSTEMP 1
| #define HAVE_OPENAT 1
| #define HAVE_PCLOSE 1
| #define HAVE_POPEN 1
| #define HAVE_READLINK 1
| #define HAVE_ISWCTYPE 1
| #define HAVE_SETENV 1
| #define HAVE_SIGACTION 1
| #define HAVE_SIGALTSTACK 1
| #define HAVE_SIGINTERRUPT 1
| #define HAVE_SETRLIMIT 1
| #define HAVE_GETRLIMIT 1
| #define HAVE___XPG_STRERROR_R 1
| #define HAVE_STRPTIME 1
| #define HAVE_STRTOIMAX 1
| #define HAVE_LOCALTIME_R 1
| #define HAVE_WCRTOMB 1
| #define HAVE_WCWIDTH 1
| #define HAVE_PIPE 1
| #define HAVE_PSELECT 1
| #define HAVE_PTHREAD_SIGMASK 1
| #define HAVE_SLEEP 1
| #define HAVE_SNPRINTF 1
| #define HAVE_SHUTDOWN 1
| #define HAVE_UNLINKAT 1
| #define HAVE_WCTOB 1
| #define HAVE_SIGPROCMASK 1
| #define HAVE_FORK 1
| #define HAVE_VFORK 1
| #define HAVE_LANGINFO_CODESET 1
| #define BITSIZEOF_WCHAR_T 32
| #define HAVE_MBSTATE_T 1
| #define HAVE_WORKING_MBRTOC32 1
| #define HAVE_WORKING_C32RTOMB 1
| #define HAVE_MALLOC_PTRDIFF 1
| #define HAVE_MALLOC_POSIX 1
| #define restrict __restrict__
| #define HAVE_ENVIRON_DECL 1
| #define HAVE_ERROR 1
| #define HAVE_DECL_STRERROR_R 1
| #define HAVE_STRERROR_R 1
| #define STRERROR_R_CHAR_P 1
| #define HAVE_DECL_FCHDIR 1
| #define HAVE_WORKING_O_NOATIME 1
| #define HAVE_WORKING_O_NOFOLLOW 1
| #define HAVE_MEMPCPY 1
| #define FUNC_FFLUSH_STDIN 0
| #define LSTAT_FOLLOWS_SLASHED_SYMLINK 1
| #define HAVE_DECL_GETDTABLESIZE 1
| #define HAVE_GETOPT_H 1
| #define HAVE_GETOPT_LONG_ONLY 1
| #define HAVE_PTHREAD_API 1
| #define SETLOCALE_NULL_ALL_MTSAFE 1
| #define SETLOCALE_NULL_ONE_MTSAFE 1
| #ifndef __x86_64__
| #define __x86_64__ 1
| #endif
| #ifndef __x86_64__
| #define __x86_64__ 1
| #endif
| #define HAVE_LONG_LONG_INT 1
| #define HAVE_UNSIGNED_LONG_LONG_INT 1
| #define HAVE_TOWLOWER 1
| #define HAVE_LC_MESSAGES 1
| #define HAVE_WEAK_SYMBOLS 1
| #define USE_POSIX_THREADS 1
| #define USE_POSIX_THREADS_FROM_LIBC 1
| #define HAVE_MALLOC_0_NONNULL 1
| #define HAVE_MAP_ANONYMOUS 1
| #define HAVE_DECL_MEMRCHR 1
| #define HAVE_MINMAX_IN_SYS_PARAM_H 1
| #define TIME_T_IS_SIGNED 1
| #define HAVE_DECL_ALARM 1
| #define HAVE_STRUCT_TM_TM_GMTOFF 1
| #define HAVE_STRUCT_TM_TM_ZONE 1
| #define HAVE_TM_GMTOFF 1
| #define PROMOTED_MODE_T mode_t
| #define HAVE_PTHREAD_T 1
| #define HAVE_PTHREAD_SPINLOCK_T 1
| #define HAVE_SIGSET_T 1
| #define HAVE_SCHED_H 1
| #define HAVE_DECL_SETENV 1
| #define HAVE_DECL__PUTENV 0
| #define HAVE_SEARCH_H 1
| #define HAVE_TSEARCH 1
| #define HAVE_DECL_FCLOSEALL 1
| #define HAVE_DECL_GETW 1
| #define HAVE_DECL_PUTW 1
| #define HAVE_DECL_ECVT 1
| #define HAVE_DECL_FCVT 1
| #define HAVE_DECL_GCVT 1
| #define HAVE_DECL_STRDUP 1
| #define HAVE_STRERROR_R 1
| #define HAVE_DECL_STRNLEN 1
| #define HAVE_DECL_STRTOIMAX 1
| #define _USE_STD_STAT 1
| #define HAVE_DECL_EXECVPE 1
| #define HAVE_DECL_CLEARERR_UNLOCKED 1
| #define HAVE_DECL_FEOF_UNLOCKED 1
| #define HAVE_DECL_FERROR_UNLOCKED 1
| #define HAVE_DECL_FFLUSH_UNLOCKED 1
| #define HAVE_DECL_FGETS_UNLOCKED 1
| #define HAVE_DECL_FPUTC_UNLOCKED 1
| #define HAVE_DECL_FPUTS_UNLOCKED 1
| #define HAVE_DECL_FREAD_UNLOCKED 1
| #define HAVE_DECL_FWRITE_UNLOCKED 1
| #define HAVE_DECL_GETC_UNLOCKED 1
| #define HAVE_DECL_GETCHAR_UNLOCKED 1
| #define HAVE_DECL_PUTC_UNLOCKED 1
| #define HAVE_DECL_PUTCHAR_UNLOCKED 1
| #define HAVE_DECL_UNSETENV 1
| #define HAVE_DECL_WCSDUP 1
| #define HAVE_SHUTDOWN 1
| #define HAVE_STRUCT_SOCKADDR_STORAGE 1
| #define HAVE_SA_FAMILY_T 1
| #define HAVE_STRUCT_SOCKADDR_STORAGE_SS_FAMILY 1
| #define HAVE_IPV4 1
| #define HAVE_IPV6 1
| #define DBL_EXPBIT0_WORD 1
| #define DBL_EXPBIT0_BIT 20
| #define FLT_EXPBIT0_WORD 0
| #define FLT_EXPBIT0_BIT 23
| #define LDBL_EXPBIT0_WORD 2
| #define LDBL_EXPBIT0_BIT 0
| #define HAVE_DECL_INITSTATE 1
| #define HAVE_DECL_SETSTATE 1
| #define HAVE_DECL_SNPRINTF 1
| #define HAVE_INTTYPES_H_WITH_UINTMAX 1
| #define HAVE_STDINT_H_WITH_UINTMAX 1
| #define HAVE_INTMAX_T 1
| #define HAVE_WCSLEN 1
| #define HAVE_SNPRINTF 1
| #define HAVE_STRNLEN 1
| #define HAVE_WCRTOMB 1
| #define HAVE_DECL__SNPRINTF 0
| #define HAVE_SNPRINTF_RETVAL_C99 1
| #define HAVE_SNPRINTF_TRUNCATION_C99 1
| #define HAVE_ALLOCA 1
| #define GNULIB_TEST_BTOC32 1
| #define GNULIB_TEST_BTOWC 1
| #define HAVE___BUILTIN_EXPECT 1
| #define GNULIB_TEST_C32_APPLY_TYPE_TEST 1
| #define GNULIB_TEST_C32_GET_TYPE_TEST 1
| #define GNULIB_TEST_C32ISALNUM 1
| #define GNULIB_TEST_C32ISALPHA 1
| #define GNULIB_TEST_C32ISBLANK 1
| #define GNULIB_TEST_C32ISCNTRL 1
| #define GNULIB_TEST_C32ISDIGIT 1
| #define GNULIB_TEST_C32ISGRAPH 1
| #define GNULIB_TEST_C32ISLOWER 1
| #define GNULIB_TEST_C32ISPRINT 1
| #define GNULIB_TEST_C32ISPUNCT 1
| #define GNULIB_TEST_C32ISSPACE 1
| #define GNULIB_TEST_C32ISUPPER 1
| #define GNULIB_TEST_C32ISXDIGIT 1
| #define GNULIB_TEST_C32TOLOWER 1
| #define GNULIB_TEST_C32WIDTH 1
| #define GNULIB_TEST_CALLOC_GNU 1
| #define GNULIB_TEST_CALLOC_POSIX 1
| #define HAVE_READLINKAT 1
| #define GNULIB_TEST_CHDIR 1
| #define HAVE_CLOCK_GETRES 1
| #define HAVE_CLOCK_GETTIME 1
| #define HAVE_CLOCK_SETTIME 1
| #define GNULIB_TEST_CLOEXEC 1
| #define GNULIB_TEST_CLOSE 1
| #define GNULIB_CLOSE 1
| #define HAVE_CLOSEDIR 1
| #define GNULIB_TEST_CLOSEDIR 1
| #define HAVE_STRUCT_DIRENT_D_TYPE 1
| #define HAVE_DIRFD 1
| #define HAVE_DECL_DIRFD 1
| #define GNULIB_TEST_DIRFD 1
| #define GNULIB_DIRNAME 1
| #define GNULIB_TEST_DUP 1
| #define GNULIB_TEST_DUP2 1
| #define GNULIB_TEST_ENVIRON 1
| #define GNULIB_TEST_FCHDIR 1
| #define GNULIB_TEST_FCNTL 1
| #define HAVE_DECL_FDOPENDIR 1
| #define GNULIB_TEST_FDOPENDIR 1
| #define GNULIB_FDOPENDIR 1
| #define HAVE_STRUCT_STAT_ST_BLOCKS 1
| #define HAVE_ST_BLOCKS 1
| #define GNULIB_FILENAMECAT 1
| #define HAVE_MEMPCPY 1
| #define FLEXIBLE_ARRAY_MEMBER /**/
| #define GNULIB_TEST_FNMATCH 1
| #define GNULIB_FNMATCH_GNU 1
| #define GNULIB_TEST_FOPEN 1
| #define GNULIB_FOPEN_GNU 1
| #define GNULIB_TEST_FOPEN_GNU 1
| #define HAVE_FREE_POSIX 1
| #define GNULIB_TEST_FREE_POSIX 1
| #define GNULIB_TEST_FREOPEN 1
| #define GNULIB_TEST_FSTAT 1
| #define GNULIB_FSTAT 1
| #define GNULIB_TEST_FSTATAT 1
| #define GNULIB_FSTATAT 1
| #define GNULIB_TEST_GETCWD 1
| #define GNULIB_TEST_GETDTABLESIZE 1
| #define GNULIB_TEST_GETOPT_POSIX 1
| #define GNULIB_TEST_GETPAGESIZE 1
| #define HAVE_DECL_PROGRAM_INVOCATION_NAME 1
| #define HAVE_DECL_PROGRAM_INVOCATION_NAME 1
| #define HAVE_DECL_PROGRAM_INVOCATION_SHORT_NAME 1
| #define HAVE_DECL___ARGV 0
| #define GNULIB_TEST_GETPROGNAME 1
| #define HAVE_GETRANDOM 1
| #define GNULIB_TEST_GETRANDOM 1
| #define HAVE_TIMESPEC_GET 1
| #define GETTIMEOFDAY_TIMEZONE void
| #define GNULIB_TEST_GETTIMEOFDAY 1
| #define GNULIB_LOCALEDIR "/usr/local/share/locale"
| #define HAVE_INLINE 1
| #define GNULIB_ISBLANK 1
| #define HAVE_ISWBLANK 1
| #define HAVE_DECL_ISWBLANK 1
| #define GNULIB_TEST_ISWBLANK 1
| #define GNULIB_TEST_ISWCTYPE 1
| #define GNULIB_TEST_ISWDIGIT 1
| #define GNULIB_TEST_ISWPUNCT 1
| #define GNULIB_TEST_ISWXDIGIT 1
| #define HAVE___INLINE 1
| #define GNULIB_TEST_LOCALECONV 1
| #define GNULIB_LOCALECONV 1
| #define HAVE_PTHREAD_RWLOCK 1
| #define HAVE_PTHREAD_MUTEX_RECURSIVE 1
| #define GNULIB_LOCK 1
| #define GNULIB_TEST_LSTAT 1
| #define GNULIB_LSTAT 1
| #define GNULIB_TEST_MALLOC_GNU 1
| #define GNULIB_TEST_MALLOC_POSIX 1
| #define MBRTOC32_IN_C_LOCALE_MAYBE_EILSEQ 1
| #define GNULIB_TEST_MBRTOC32 1
| #define MBRTOWC_IN_C_LOCALE_MAYBE_EILSEQ 1
| #define GNULIB_TEST_MBRTOWC 1
| #define GNULIB_TEST_MBSCASECMP 1
| #define GNULIB_TEST_MBSINIT 1
| #define GNULIB_TEST_MBSRTOC32S 1
| #define GNULIB_TEST_MBSRTOWCS 1
| #define GNULIB_TEST_MBSZERO 1
| #define HAVE_MBTOWC 1
| #define GNULIB_TEST_MBTOWC 1
| #define GNULIB_MCEL_PREFER 1
| #define GNULIB_TEST_MEMCHR 1
| #define HAVE_MEMPCPY 1
| #define GNULIB_TEST_MEMPCPY 1
| #define HAVE_MEMRCHR 1
| #define GNULIB_TEST_MEMRCHR 1
| #define GNULIB_TEST_MKDIR 1
| #define GNULIB_TEST_MKSTEMP 1
| #define GNULIB_TEST_MKTIME 1
| #define NEED_MKTIME_INTERNAL 1
| #define GNULIB_MSVC_NOTHROW 1
| #define HAVE_NL_LANGINFO 1
| #define FUNC_NL_LANGINFO_YESEXPR_WORKS 1
| #define NL_LANGINFO_MTSAFE 1
| #define REPLACE_NL_LANGINFO 1
| #define GNULIB_TEST_NL_LANGINFO 1
| #define GNULIB_TEST_OPEN 1
| #define GNULIB_OPENAT 1
| #define GNULIB_TEST_OPENAT 1
| #define HAVE_OPENDIR 1
| #define GNULIB_TEST_OPENDIR 1
| #define GNULIB_TEST_PCLOSE 1
| #define GNULIB_TEST_POPEN 1
| #define HAVE_DECL_PROGRAM_INVOCATION_NAME 1
| #define HAVE_DECL_PROGRAM_INVOCATION_SHORT_NAME 1
| #define GNULIB_TEST_PTHREAD_ONCE 1
| #define HAVE_RAISE 1
| #define GNULIB_TEST_RAISE 1
| #define HAVE_RAWMEMCHR 1
| #define GNULIB_TEST_RAWMEMCHR 1
| #define HAVE_READDIR 1
| #define GNULIB_TEST_READDIR 1
| #define GNULIB_TEST_READLINK 1
| #define HAVE_READLINKAT 1
| #define GNULIB_TEST_READLINKAT 1
| #define GNULIB_TEST_REALLOC_POSIX 1
| #define HAVE_REALLOCARRAY 1
| #define GNULIB_REALLOCARRAY 1
| #define GNULIB_TEST_REALLOCARRAY 1
| #define GNULIB_TEST_SETENV 1
| #define GNULIB_TEST_SETLOCALE_NULL 1
| #define HAVE_STRUCT_SIGACTION_SA_SIGACTION 1
| #define GNULIB_TEST_SIGACTION 1
| #define GNULIB_TEST_SIGPROCMASK 1
| #define STACK_DIRECTION -1
| #define HAVE_WORKING_SIGALTSTACK 1
| #define GNULIB_TEST_STAT 1
| #define GNULIB_STAT 1
| #define HAVE_STRUCT_STAT_ST_ATIM_TV_NSEC 1
| #define TYPEOF_STRUCT_STAT_ST_ATIM_IS_STRUCT_TIMESPEC 1
| #define GNULIB_TEST_FSCANF 1
| #define GNULIB_FSCANF 1
| #define GNULIB_TEST_SCANF 1
| #define GNULIB_SCANF 1
| #define GNULIB_TEST_FGETC 1
| #define GNULIB_TEST_GETC 1
| #define GNULIB_TEST_GETCHAR 1
| #define GNULIB_TEST_FGETS 1
| #define GNULIB_TEST_FREAD 1
| #define GNULIB_TEST_FPRINTF 1
| #define GNULIB_TEST_PRINTF 1
| #define GNULIB_TEST_VFPRINTF 1
| #define GNULIB_TEST_VPRINTF 1
| #define GNULIB_TEST_FPUTC 1
| #define GNULIB_TEST_PUTC 1
| #define GNULIB_TEST_PUTCHAR 1
| #define GNULIB_TEST_FPUTS 1
| #define GNULIB_TEST_PUTS 1
| #define GNULIB_TEST_FWRITE 1
| #define HAVE_STPCPY 1
| #define GNULIB_TEST_STPCPY 1
| #define HAVE_STRCASECMP 1
| #define GNULIB_TEST_STRDUP 1
| #define GNULIB_STRERROR 1
| #define GNULIB_TEST_STRERROR 1
| #define HAVE_STRNCASECMP 1
| #define HAVE_DECL_STRNCASECMP 1
| #define GNULIB_TEST_STRNLEN 1
| #define GNULIB_TEST_STRPTIME 1
| #define HAVE_STRTOLL 1
| #define GNULIB_TEST_STRTOLL 1
| #define GNULIB_TEMPNAME 1
| #define HAVE_DECL_LOCALTIME_R 1
| #define GNULIB_TEST_TIME_R 1
| #define GNULIB_TEST_TIME_RZ 1
| #define HAVE_TIMEGM 1
| #define GNULIB_TEST_TIMEGM 1
| #define GNULIB_TEST_TIMESPEC_GET 1
| #define GNULIB_TEST_TZSET 1
| #define GNULIB_STDIO_SINGLE_THREAD 1
| #define USE_UNLOCKED_IO GNULIB_STDIO_SINGLE_THREAD
| #define HAVE_UNSETENV 1
| #define GNULIB_TEST_UNSETENV 1
| #define HAVE_C_VARARRAYS 1
| #define GNULIB_TEST_WCRTOMB 1
| #define GNULIB_TEST_WCTYPE 1
| #define HAVE_DECL_WCWIDTH 1
| #define GNULIB_TEST_WCWIDTH 1
| #define GNULIB_TEST_WMEMCHR 1
| #define HAVE_WMEMPCPY 1
| #define GNULIB_TEST_WMEMPCPY 1
| #define GNULIB_XALLOC 1
| #define GNULIB_XALLOC_DIE 1
| #define GNULIB_XSTDOPEN 1
| #define GNULIB_TEST_ACCEPT 1
| #define GNULIB_ACCEPT IN_DIFFUTILS_GNULIB_TESTS
| /* end confdefs.h.  */
| #include <stdint.h>
|             #ifdef INCLUDE_STDALIGN_H
|              #include <stdalign.h>
|             #endif
|             #include <stddef.h>
| 
|             /* Test that alignof yields a result consistent with offsetof.
|                This catches GCC bug 52023
|                <https://gcc.gnu.org/bugzilla/show_bug.cgi?id=52023>.  */
|             #ifdef __cplusplus
|                template <class t> struct alignof_helper { char a; t b; };
|             # define ao(type) offsetof (alignof_helper<type>, b)
|             #else
|             # define ao(type) offsetof (struct { char a; type b; }, b)
|             #endif
|             char test_double[ao (double) % _Alignof (double) == 0 ? 1 : -1];
|             char test_long[ao (long int) % _Alignof (long int) == 0 ? 1 : -1];
|             char test_alignof[alignof (double) == _Alignof (double) ? 1 : -1];
| 
|             /* Test alignas only on platforms where gnulib can help.  */
|             #if                 ((defined __cplusplus && 201103 <= __cplusplus)                  || (__TINYC__ && defined __attribute__)                  || (defined __APPLE__ && defined __MACH__                      ? 4 < __GNUC__ + (1 <= __GNUC_MINOR__)                      : __GNUC__)                  || (__ia64 && (61200 <= __HP_cc || 61200 <= __HP_aCC))                  || __ICC || 0x590 <= __SUNPRO_C || 0x0600 <= __xlC__                  || 1300 <= _MSC_VER)
|               struct alignas_test { char c; char alignas (8) alignas_8; };
|               char test_alignas[offsetof (struct alignas_test, alignas_8) == 8
|                                 ? 1 : -1];
|             #endif
| 
| int
| main (void)
| {
| 
|   ;
|   return 0;
| }
configure:49898: gcc -c -g -O2 -DINCLUDE_STDALIGN_H  conftest.c >&5
configure:49898: $? = 0
configure:49912: result: yes, <stdalign.h> macros
configure:49935: checking for atoll
configure:49935: gcc -o conftest -g -O2   conftest.c  >&5
configure:49935: $? = 0
configure:49935: result: yes
configure:50126: checking whether c32rtomb return value is correct
configure:50159: gcc -o conftest -g -O2   conftest.c  >&5
configure:50159: $? = 0
configure:50159: ./conftest
configure:50159: $? = 0
configure:50174: result: yes
configure:50318: checking whether fdopen sets errno
configure:50353: gcc -o conftest -g -O2   conftest.c  >&5
configure:50353: $? = 0
configure:50353: ./conftest
configure:50353: $? = 0
configure:50368: result: yes
configure:50473: checking whether float.h conforms to ISO C23
configure:50499: gcc -c -g -O2  conftest.c >&5
conftest.c:451:26: error: 'FLT_NORM_MAX' undeclared here (not in a function)
  451 |             float maxf = FLT_NORM_MAX;
      |                          ^~~~~~~~~~~~
conftest.c:452:27: error: 'DBL_NORM_MAX' undeclared here (not in a function)
  452 |             double maxd = DBL_NORM_MAX;
      |                           ^~~~~~~~~~~~
conftest.c:453:32: error: 'LDBL_NORM_MAX' undeclared here (not in a function); did you mean 'LDBL_MAX'?
  453 |             long double maxl = LDBL_NORM_MAX;
      |                                ^~~~~~~~~~~~~
      |                                LDBL_MAX
conftest.c: In function 'main':
conftest.c:458:12: error: 'FLT_SNAN' undeclared (first use in this function)
  458 | float sf = FLT_SNAN;
      |            ^~~~~~~~
conftest.c:458:12: note: each undeclared identifier is reported only once for each function it appears in
conftest.c:459:25: error: 'DBL_SNAN' undeclared (first use in this function)
  459 |             double sd = DBL_SNAN;
      |                         ^~~~~~~~
conftest.c:460:30: error: 'LDBL_SNAN' undeclared (first use in this function); did you mean 'LDBL_MAX'?
  460 |             long double sl = LDBL_SNAN;
      |                              ^~~~~~~~~
      |                              LDBL_MAX
configure:50499: $? = 1
configure: failed program was:
| /* confdefs.h */
| #define PACKAGE_NAME "GNU diffutils"
| #define PACKAGE_TARNAME "diffutils"
| #define PACKAGE_VERSION "3.12"
| #define PACKAGE_STRING "GNU diffutils 3.12"
| #define PACKAGE_BUGREPORT "bug-diffutils@gnu.org"
| #define PACKAGE_URL "https://www.gnu.org/software/diffutils/"
| #define PACKAGE "diffutils"
| #define VERSION "3.12"
| #define HAVE_STDIO_H 1
| #define HAVE_STDLIB_H 1
| #define HAVE_STRING_H 1
| #define HAVE_INTTYPES_H 1
| #define HAVE_STDINT_H 1
| #define HAVE_STRINGS_H 1
| #define HAVE_SYS_STAT_H 1
| #define HAVE_SYS_TYPES_H 1
| #define HAVE_UNISTD_H 1
| #define HAVE_WCHAR_H 1
| #define HAVE_STDBOOL_H 1
| #define HAVE_UCHAR_H 1
| #define HAVE_SYS_PARAM_H 1
| #define HAVE_SYS_SOCKET_H 1
| #define HAVE_DIRENT_H 1
| #define HAVE_ERROR_H 1
| #define HAVE_FNMATCH_H 1
| #define HAVE_GETOPT_H 1
| #define HAVE_SYS_TIME_H 1
| #define HAVE_THREADS_H 1
| #define HAVE_LIMITS_H 1
| #define HAVE_WCTYPE_H 1
| #define HAVE_LANGINFO_H 1
| #define HAVE_SYS_MMAN_H 1
| #define HAVE_PTHREAD_H 1
| #define HAVE_MALLOC_H 1
| #define HAVE_STDBIT_H 1
| #define HAVE_SYS_RANDOM_H 1
| #define HAVE_SYS_WAIT_H 1
| #define HAVE_FEATURES_H 1
| #define HAVE_ARPA_INET_H 1
| #define HAVE_NETDB_H 1
| #define HAVE_NETINET_IN_H 1
| #define HAVE_MATH_H 1
| #define HAVE_SYS_SELECT_H 1
| #define HAVE_SEMAPHORE_H 1
| #define HAVE_SYS_IOCTL_H 1
| #define HAVE_SYS_UN_H 1
| #define HAVE_SYS_UIO_H 1
| #define STDC_HEADERS 1
| #define _ALL_SOURCE 1
| #define _COSMO_SOURCE 1
| #define _DARWIN_C_SOURCE 1
| #define _GNU_SOURCE 1
| #define _HPUX_ALT_XOPEN_SOCKET_API 1
| #define _NETBSD_SOURCE 1
| #define _OPENBSD_SOURCE 1
| #define _POSIX_PTHREAD_SEMANTICS 1
| #define __STDC_WANT_IEC_60559_ATTRIBS_EXT__ 1
| #define __STDC_WANT_IEC_60559_BFP_EXT__ 1
| #define __STDC_WANT_IEC_60559_DFP_EXT__ 1
| #define __STDC_WANT_IEC_60559_EXT__ 1
| #define __STDC_WANT_IEC_60559_FUNCS_EXT__ 1
| #define __STDC_WANT_IEC_60559_TYPES_EXT__ 1
| #define __STDC_WANT_LIB_EXT2__ 1
| #define __STDC_WANT_MATH_SPEC_FUNCS__ 1
| #define _TANDEM_SOURCE 1
| #define __EXTENSIONS__ 1
| #define _LINUX_SOURCE_COMPAT 1
| #define __USE_MINGW_ANSI_STDIO 1
| #define HAVE_ALLOCA_H 1
| #define HAVE_ALLOCA 1
| #define HAVE_WINT_T 1
| #define HAVE_BTOWC 1
| #define HAVE_MBRTOWC 1
| #define HAVE_MBSINIT 1
| #define HAVE_FCHDIR 1
| #define HAVE_FCNTL 1
| #define HAVE_SYMLINK 1
| #define HAVE_FDOPENDIR 1
| #define HAVE_FNMATCH 1
| #define HAVE_MBSRTOWCS 1
| #define HAVE_FSTATAT 1
| #define HAVE_GETDTABLESIZE 1
| #define HAVE_GETTIMEOFDAY 1
| #define HAVE_ISBLANK 1
| #define HAVE_ISWCNTRL 1
| #define HAVE_LSTAT 1
| #define HAVE_MPROTECT 1
| #define HAVE_MKSTEMP 1
| #define HAVE_OPENAT 1
| #define HAVE_PCLOSE 1
| #define HAVE_POPEN 1
| #define HAVE_READLINK 1
| #define HAVE_ISWCTYPE 1
| #define HAVE_SETENV 1
| #define HAVE_SIGACTION 1
| #define HAVE_SIGALTSTACK 1
| #define HAVE_SIGINTERRUPT 1
| #define HAVE_SETRLIMIT 1
| #define HAVE_GETRLIMIT 1
| #define HAVE___XPG_STRERROR_R 1
| #define HAVE_STRPTIME 1
| #define HAVE_STRTOIMAX 1
| #define HAVE_LOCALTIME_R 1
| #define HAVE_WCRTOMB 1
| #define HAVE_WCWIDTH 1
| #define HAVE_PIPE 1
| #define HAVE_PSELECT 1
| #define HAVE_PTHREAD_SIGMASK 1
| #define HAVE_SLEEP 1
| #define HAVE_SNPRINTF 1
| #define HAVE_SHUTDOWN 1
| #define HAVE_UNLINKAT 1
| #define HAVE_WCTOB 1
| #define HAVE_SIGPROCMASK 1
| #define HAVE_FORK 1
| #define HAVE_VFORK 1
| #define HAVE_LANGINFO_CODESET 1
| #define BITSIZEOF_WCHAR_T 32
| #define HAVE_MBSTATE_T 1
| #define HAVE_WORKING_MBRTOC32 1
| #define HAVE_WORKING_C32RTOMB 1
| #define HAVE_MALLOC_PTRDIFF 1
| #define HAVE_MALLOC_POSIX 1
| #define restrict __restrict__
| #define HAVE_ENVIRON_DECL 1
| #define HAVE_ERROR 1
| #define HAVE_DECL_STRERROR_R 1
| #define HAVE_STRERROR_R 1
| #define STRERROR_R_CHAR_P 1
| #define HAVE_DECL_FCHDIR 1
| #define HAVE_WORKING_O_NOATIME 1
| #define HAVE_WORKING_O_NOFOLLOW 1
| #define HAVE_MEMPCPY 1
| #define FUNC_FFLUSH_STDIN 0
| #define LSTAT_FOLLOWS_SLASHED_SYMLINK 1
| #define HAVE_DECL_GETDTABLESIZE 1
| #define HAVE_GETOPT_H 1
| #define HAVE_GETOPT_LONG_ONLY 1
| #define HAVE_PTHREAD_API 1
| #define SETLOCALE_NULL_ALL_MTSAFE 1
| #define SETLOCALE_NULL_ONE_MTSAFE 1
| #ifndef __x86_64__
| #define __x86_64__ 1
| #endif
| #ifndef __x86_64__
| #define __x86_64__ 1
| #endif
| #define HAVE_LONG_LONG_INT 1
| #define HAVE_UNSIGNED_LONG_LONG_INT 1
| #define HAVE_TOWLOWER 1
| #define HAVE_LC_MESSAGES 1
| #define HAVE_WEAK_SYMBOLS 1
| #define USE_POSIX_THREADS 1
| #define USE_POSIX_THREADS_FROM_LIBC 1
| #define HAVE_MALLOC_0_NONNULL 1
| #define HAVE_MAP_ANONYMOUS 1
| #define HAVE_DECL_MEMRCHR 1
| #define HAVE_MINMAX_IN_SYS_PARAM_H 1
| #define TIME_T_IS_SIGNED 1
| #define HAVE_DECL_ALARM 1
| #define HAVE_STRUCT_TM_TM_GMTOFF 1
| #define HAVE_STRUCT_TM_TM_ZONE 1
| #define HAVE_TM_GMTOFF 1
| #define PROMOTED_MODE_T mode_t
| #define HAVE_PTHREAD_T 1
| #define HAVE_PTHREAD_SPINLOCK_T 1
| #define HAVE_SIGSET_T 1
| #define HAVE_SCHED_H 1
| #define HAVE_DECL_SETENV 1
| #define HAVE_DECL__PUTENV 0
| #define HAVE_SEARCH_H 1
| #define HAVE_TSEARCH 1
| #define HAVE_DECL_FCLOSEALL 1
| #define HAVE_DECL_GETW 1
| #define HAVE_DECL_PUTW 1
| #define HAVE_DECL_ECVT 1
| #define HAVE_DECL_FCVT 1
| #define HAVE_DECL_GCVT 1
| #define HAVE_DECL_STRDUP 1
| #define HAVE_STRERROR_R 1
| #define HAVE_DECL_STRNLEN 1
| #define HAVE_DECL_STRTOIMAX 1
| #define _USE_STD_STAT 1
| #define HAVE_DECL_EXECVPE 1
| #define HAVE_DECL_CLEARERR_UNLOCKED 1
| #define HAVE_DECL_FEOF_UNLOCKED 1
| #define HAVE_DECL_FERROR_UNLOCKED 1
| #define HAVE_DECL_FFLUSH_UNLOCKED 1
| #define HAVE_DECL_FGETS_UNLOCKED 1
| #define HAVE_DECL_FPUTC_UNLOCKED 1
| #define HAVE_DECL_FPUTS_UNLOCKED 1
| #define HAVE_DECL_FREAD_UNLOCKED 1
| #define HAVE_DECL_FWRITE_UNLOCKED 1
| #define HAVE_DECL_GETC_UNLOCKED 1
| #define HAVE_DECL_GETCHAR_UNLOCKED 1
| #define HAVE_DECL_PUTC_UNLOCKED 1
| #define HAVE_DECL_PUTCHAR_UNLOCKED 1
| #define HAVE_DECL_UNSETENV 1
| #define HAVE_DECL_WCSDUP 1
| #define HAVE_SHUTDOWN 1
| #define HAVE_STRUCT_SOCKADDR_STORAGE 1
| #define HAVE_SA_FAMILY_T 1
| #define HAVE_STRUCT_SOCKADDR_STORAGE_SS_FAMILY 1
| #define HAVE_IPV4 1
| #define HAVE_IPV6 1
| #define DBL_EXPBIT0_WORD 1
| #define DBL_EXPBIT0_BIT 20
| #define FLT_EXPBIT0_WORD 0
| #define FLT_EXPBIT0_BIT 23
| #define LDBL_EXPBIT0_WORD 2
| #define LDBL_EXPBIT0_BIT 0
| #define HAVE_DECL_INITSTATE 1
| #define HAVE_DECL_SETSTATE 1
| #define HAVE_DECL_SNPRINTF 1
| #define HAVE_INTTYPES_H_WITH_UINTMAX 1
| #define HAVE_STDINT_H_WITH_UINTMAX 1
| #define HAVE_INTMAX_T 1
| #define HAVE_WCSLEN 1
| #define HAVE_SNPRINTF 1
| #define HAVE_STRNLEN 1
| #define HAVE_WCRTOMB 1
| #define HAVE_DECL__SNPRINTF 0
| #define HAVE_SNPRINTF_RETVAL_C99 1
| #define HAVE_SNPRINTF_TRUNCATION_C99 1
| #define HAVE_ALLOCA 1
| #define GNULIB_TEST_BTOC32 1
| #define GNULIB_TEST_BTOWC 1
| #define HAVE___BUILTIN_EXPECT 1
| #define GNULIB_TEST_C32_APPLY_TYPE_TEST 1
| #define GNULIB_TEST_C32_GET_TYPE_TEST 1
| #define GNULIB_TEST_C32ISALNUM 1
| #define GNULIB_TEST_C32ISALPHA 1
| #define GNULIB_TEST_C32ISBLANK 1
| #define GNULIB_TEST_C32ISCNTRL 1
| #define GNULIB_TEST_C32ISDIGIT 1
| #define GNULIB_TEST_C32ISGRAPH 1
| #define GNULIB_TEST_C32ISLOWER 1
| #define GNULIB_TEST_C32ISPRINT 1
| #define GNULIB_TEST_C32ISPUNCT 1
| #define GNULIB_TEST_C32ISSPACE 1
| #define GNULIB_TEST_C32ISUPPER 1
| #define GNULIB_TEST_C32ISXDIGIT 1
| #define GNULIB_TEST_C32TOLOWER 1
| #define GNULIB_TEST_C32WIDTH 1
| #define GNULIB_TEST_CALLOC_GNU 1
| #define GNULIB_TEST_CALLOC_POSIX 1
| #define HAVE_READLINKAT 1
| #define GNULIB_TEST_CHDIR 1
| #define HAVE_CLOCK_GETRES 1
| #define HAVE_CLOCK_GETTIME 1
| #define HAVE_CLOCK_SETTIME 1
| #define GNULIB_TEST_CLOEXEC 1
| #define GNULIB_TEST_CLOSE 1
| #define GNULIB_CLOSE 1
| #define HAVE_CLOSEDIR 1
| #define GNULIB_TEST_CLOSEDIR 1
| #define HAVE_STRUCT_DIRENT_D_TYPE 1
| #define HAVE_DIRFD 1
| #define HAVE_DECL_DIRFD 1
| #define GNULIB_TEST_DIRFD 1
| #define GNULIB_DIRNAME 1
| #define GNULIB_TEST_DUP 1
| #define GNULIB_TEST_DUP2 1
| #define GNULIB_TEST_ENVIRON 1
| #define GNULIB_TEST_FCHDIR 1
| #define GNULIB_TEST_FCNTL 1
| #define HAVE_DECL_FDOPENDIR 1
| #define GNULIB_TEST_FDOPENDIR 1
| #define GNULIB_FDOPENDIR 1
| #define HAVE_STRUCT_STAT_ST_BLOCKS 1
| #define HAVE_ST_BLOCKS 1
| #define GNULIB_FILENAMECAT 1
| #define HAVE_MEMPCPY 1
| #define FLEXIBLE_ARRAY_MEMBER /**/
| #define GNULIB_TEST_FNMATCH 1
| #define GNULIB_FNMATCH_GNU 1
| #define GNULIB_TEST_FOPEN 1
| #define GNULIB_FOPEN_GNU 1
| #define GNULIB_TEST_FOPEN_GNU 1
| #define HAVE_FREE_POSIX 1
| #define GNULIB_TEST_FREE_POSIX 1
| #define GNULIB_TEST_FREOPEN 1
| #define GNULIB_TEST_FSTAT 1
| #define GNULIB_FSTAT 1
| #define GNULIB_TEST_FSTATAT 1
| #define GNULIB_FSTATAT 1
| #define GNULIB_TEST_GETCWD 1
| #define GNULIB_TEST_GETDTABLESIZE 1
| #define GNULIB_TEST_GETOPT_POSIX 1
| #define GNULIB_TEST_GETPAGESIZE 1
| #define HAVE_DECL_PROGRAM_INVOCATION_NAME 1
| #define HAVE_DECL_PROGRAM_INVOCATION_NAME 1
| #define HAVE_DECL_PROGRAM_INVOCATION_SHORT_NAME 1
| #define HAVE_DECL___ARGV 0
| #define GNULIB_TEST_GETPROGNAME 1
| #define HAVE_GETRANDOM 1
| #define GNULIB_TEST_GETRANDOM 1
| #define HAVE_TIMESPEC_GET 1
| #define GETTIMEOFDAY_TIMEZONE void
| #define GNULIB_TEST_GETTIMEOFDAY 1
| #define GNULIB_LOCALEDIR "/usr/local/share/locale"
| #define HAVE_INLINE 1
| #define GNULIB_ISBLANK 1
| #define HAVE_ISWBLANK 1
| #define HAVE_DECL_ISWBLANK 1
| #define GNULIB_TEST_ISWBLANK 1
| #define GNULIB_TEST_ISWCTYPE 1
| #define GNULIB_TEST_ISWDIGIT 1
| #define GNULIB_TEST_ISWPUNCT 1
| #define GNULIB_TEST_ISWXDIGIT 1
| #define HAVE___INLINE 1
| #define GNULIB_TEST_LOCALECONV 1
| #define GNULIB_LOCALECONV 1
| #define HAVE_PTHREAD_RWLOCK 1
| #define HAVE_PTHREAD_MUTEX_RECURSIVE 1
| #define GNULIB_LOCK 1
| #define GNULIB_TEST_LSTAT 1
| #define GNULIB_LSTAT 1
| #define GNULIB_TEST_MALLOC_GNU 1
| #define GNULIB_TEST_MALLOC_POSIX 1
| #define MBRTOC32_IN_C_LOCALE_MAYBE_EILSEQ 1
| #define GNULIB_TEST_MBRTOC32 1
| #define MBRTOWC_IN_C_LOCALE_MAYBE_EILSEQ 1
| #define GNULIB_TEST_MBRTOWC 1
| #define GNULIB_TEST_MBSCASECMP 1
| #define GNULIB_TEST_MBSINIT 1
| #define GNULIB_TEST_MBSRTOC32S 1
| #define GNULIB_TEST_MBSRTOWCS 1
| #define GNULIB_TEST_MBSZERO 1
| #define HAVE_MBTOWC 1
| #define GNULIB_TEST_MBTOWC 1
| #define GNULIB_MCEL_PREFER 1
| #define GNULIB_TEST_MEMCHR 1
| #define HAVE_MEMPCPY 1
| #define GNULIB_TEST_MEMPCPY 1
| #define HAVE_MEMRCHR 1
| #define GNULIB_TEST_MEMRCHR 1
| #define GNULIB_TEST_MKDIR 1
| #define GNULIB_TEST_MKSTEMP 1
| #define GNULIB_TEST_MKTIME 1
| #define NEED_MKTIME_INTERNAL 1
| #define GNULIB_MSVC_NOTHROW 1
| #define HAVE_NL_LANGINFO 1
| #define FUNC_NL_LANGINFO_YESEXPR_WORKS 1
| #define NL_LANGINFO_MTSAFE 1
| #define REPLACE_NL_LANGINFO 1
| #define GNULIB_TEST_NL_LANGINFO 1
| #define GNULIB_TEST_OPEN 1
| #define GNULIB_OPENAT 1
| #define GNULIB_TEST_OPENAT 1
| #define HAVE_OPENDIR 1
| #define GNULIB_TEST_OPENDIR 1
| #define GNULIB_TEST_PCLOSE 1
| #define GNULIB_TEST_POPEN 1
| #define HAVE_DECL_PROGRAM_INVOCATION_NAME 1
| #define HAVE_DECL_PROGRAM_INVOCATION_SHORT_NAME 1
| #define GNULIB_TEST_PTHREAD_ONCE 1
| #define HAVE_RAISE 1
| #define GNULIB_TEST_RAISE 1
| #define HAVE_RAWMEMCHR 1
| #define GNULIB_TEST_RAWMEMCHR 1
| #define HAVE_READDIR 1
| #define GNULIB_TEST_READDIR 1
| #define GNULIB_TEST_READLINK 1
| #define HAVE_READLINKAT 1
| #define GNULIB_TEST_READLINKAT 1
| #define GNULIB_TEST_REALLOC_POSIX 1
| #define HAVE_REALLOCARRAY 1
| #define GNULIB_REALLOCARRAY 1
| #define GNULIB_TEST_REALLOCARRAY 1
| #define GNULIB_TEST_SETENV 1
| #define GNULIB_TEST_SETLOCALE_NULL 1
| #define HAVE_STRUCT_SIGACTION_SA_SIGACTION 1
| #define GNULIB_TEST_SIGACTION 1
| #define GNULIB_TEST_SIGPROCMASK 1
| #define STACK_DIRECTION -1
| #define HAVE_WORKING_SIGALTSTACK 1
| #define GNULIB_TEST_STAT 1
| #define GNULIB_STAT 1
| #define HAVE_STRUCT_STAT_ST_ATIM_TV_NSEC 1
| #define TYPEOF_STRUCT_STAT_ST_ATIM_IS_STRUCT_TIMESPEC 1
| #define GNULIB_TEST_FSCANF 1
| #define GNULIB_FSCANF 1
| #define GNULIB_TEST_SCANF 1
| #define GNULIB_SCANF 1
| #define GNULIB_TEST_FGETC 1
| #define GNULIB_TEST_GETC 1
| #define GNULIB_TEST_GETCHAR 1
| #define GNULIB_TEST_FGETS 1
| #define GNULIB_TEST_FREAD 1
| #define GNULIB_TEST_FPRINTF 1
| #define GNULIB_TEST_PRINTF 1
| #define GNULIB_TEST_VFPRINTF 1
| #define GNULIB_TEST_VPRINTF 1
| #define GNULIB_TEST_FPUTC 1
| #define GNULIB_TEST_PUTC 1
| #define GNULIB_TEST_PUTCHAR 1
| #define GNULIB_TEST_FPUTS 1
| #define GNULIB_TEST_PUTS 1
| #define GNULIB_TEST_FWRITE 1
| #define HAVE_STPCPY 1
| #define GNULIB_TEST_STPCPY 1
| #define HAVE_STRCASECMP 1
| #define GNULIB_TEST_STRDUP 1
| #define GNULIB_STRERROR 1
| #define GNULIB_TEST_STRERROR 1
| #define HAVE_STRNCASECMP 1
| #define HAVE_DECL_STRNCASECMP 1
| #define GNULIB_TEST_STRNLEN 1
| #define GNULIB_TEST_STRPTIME 1
| #define HAVE_STRTOLL 1
| #define GNULIB_TEST_STRTOLL 1
| #define GNULIB_TEMPNAME 1
| #define HAVE_DECL_LOCALTIME_R 1
| #define GNULIB_TEST_TIME_R 1
| #define GNULIB_TEST_TIME_RZ 1
| #define HAVE_TIMEGM 1
| #define GNULIB_TEST_TIMEGM 1
| #define GNULIB_TEST_TIMESPEC_GET 1
| #define GNULIB_TEST_TZSET 1
| #define GNULIB_STDIO_SINGLE_THREAD 1
| #define USE_UNLOCKED_IO GNULIB_STDIO_SINGLE_THREAD
| #define HAVE_UNSETENV 1
| #define GNULIB_TEST_UNSETENV 1
| #define HAVE_C_VARARRAYS 1
| #define GNULIB_TEST_WCRTOMB 1
| #define GNULIB_TEST_WCTYPE 1
| #define HAVE_DECL_WCWIDTH 1
| #define GNULIB_TEST_WCWIDTH 1
| #define GNULIB_TEST_WMEMCHR 1
| #define HAVE_WMEMPCPY 1
| #define GNULIB_TEST_WMEMPCPY 1
| #define GNULIB_XALLOC 1
| #define GNULIB_XALLOC_DIE 1
| #define GNULIB_XSTDOPEN 1
| #define GNULIB_TEST_ACCEPT 1
| #define GNULIB_ACCEPT IN_DIFFUTILS_GNULIB_TESTS
| #define HAVE_ATOLL 1
| #define GNULIB_TEST_ATOLL 1
| #define GNULIB_TEST_BIND 1
| #define GNULIB_BIND IN_DIFFUTILS_GNULIB_TESTS
| #define GNULIB_TEST_C32RTOMB 1
| #define GNULIB_TEST_C32TOB 1
| #define GNULIB_TEST_CONNECT 1
| #define GNULIB_CONNECT IN_DIFFUTILS_GNULIB_TESTS
| #define GNULIB_TEST_FDOPEN 1
| /* end confdefs.h.  */
| #include <float.h>
|             int x[] = { FLT_DECIMAL_DIG, DBL_DECIMAL_DIG, LDBL_DECIMAL_DIG };
|             float maxf = FLT_NORM_MAX;
|             double maxd = DBL_NORM_MAX;
|             long double maxl = LDBL_NORM_MAX;
| 
| int
| main (void)
| {
| float sf = FLT_SNAN;
|             double sd = DBL_SNAN;
|             long double sl = LDBL_SNAN;
|             return (sf != 0) + (sd != 0) + (sl != 0);
| 
|   ;
|   return 0;
| }
configure:50510: result: no
configure:50518: checking whether conversion from 'int' to 'long double' works
configure:50568: gcc -o conftest -g -O2   conftest.c  >&5
configure:50568: $? = 0
configure:50568: ./conftest
configure:50568: $? = 0
configure:50583: result: yes
configure:50740: checking for ftruncate
configure:50777: checking for ftruncate
configure:50777: gcc -o conftest -g -O2   conftest.c  >&5
configure:50777: $? = 0
configure:50777: result: yes
configure:50793: result: yes
configure:50878: checking for duplocale
configure:50915: checking for duplocale
configure:50915: gcc -o conftest -g -O2   conftest.c  >&5
configure:50915: $? = 0
configure:50915: result: yes
configure:50931: result: yes
configure:50996: checking for library containing inet_pton
configure:51032: gcc -o conftest -g -O2   conftest.c  >&5
configure:51032: $? = 0
configure:51054: result: none required
configure:51084: checking whether inet_pton is declared
configure:51084: gcc -c -g -O2   conftest.c >&5
configure:51084: $? = 0
configure:51084: result: yes
configure:51146: checking whether byte ordering is bigendian
configure:51368: result: no
configure:51403: checking for ioctl
configure:51403: gcc -o conftest -g -O2   conftest.c  >&5
configure:51403: $? = 0
configure:51403: result: yes
configure:51410: checking for ioctl with POSIX signature
configure:51436: gcc -c -g -O2  conftest.c >&5
conftest.c: In function 'main':
conftest.c:465:19: error: conflicting types for 'ioctl'; have 'int(int,  int, ...)'
  465 |               int ioctl (int, int, ...);
      |                   ^~~~~
In file included from conftest.c:454:
/usr/include/x86_64-linux-gnu/sys/ioctl.h:42:12: note: previous declaration of 'ioctl' with type 'int(int,  long unsigned int, ...)'
   42 | extern int ioctl (int __fd, unsigned long int __request, ...) __THROW;
      |            ^~~~~
configure:51436: $? = 1
configure: failed program was:
| /* confdefs.h */
| #define PACKAGE_NAME "GNU diffutils"
| #define PACKAGE_TARNAME "diffutils"
| #define PACKAGE_VERSION "3.12"
| #define PACKAGE_STRING "GNU diffutils 3.12"
| #define PACKAGE_BUGREPORT "bug-diffutils@gnu.org"
| #define PACKAGE_URL "https://www.gnu.org/software/diffutils/"
| #define PACKAGE "diffutils"
| #define VERSION "3.12"
| #define HAVE_STDIO_H 1
| #define HAVE_STDLIB_H 1
| #define HAVE_STRING_H 1
| #define HAVE_INTTYPES_H 1
| #define HAVE_STDINT_H 1
| #define HAVE_STRINGS_H 1
| #define HAVE_SYS_STAT_H 1
| #define HAVE_SYS_TYPES_H 1
| #define HAVE_UNISTD_H 1
| #define HAVE_WCHAR_H 1
| #define HAVE_STDBOOL_H 1
| #define HAVE_UCHAR_H 1
| #define HAVE_SYS_PARAM_H 1
| #define HAVE_SYS_SOCKET_H 1
| #define HAVE_DIRENT_H 1
| #define HAVE_ERROR_H 1
| #define HAVE_FNMATCH_H 1
| #define HAVE_GETOPT_H 1
| #define HAVE_SYS_TIME_H 1
| #define HAVE_THREADS_H 1
| #define HAVE_LIMITS_H 1
| #define HAVE_WCTYPE_H 1
| #define HAVE_LANGINFO_H 1
| #define HAVE_SYS_MMAN_H 1
| #define HAVE_PTHREAD_H 1
| #define HAVE_MALLOC_H 1
| #define HAVE_STDBIT_H 1
| #define HAVE_SYS_RANDOM_H 1
| #define HAVE_SYS_WAIT_H 1
| #define HAVE_FEATURES_H 1
| #define HAVE_ARPA_INET_H 1
| #define HAVE_NETDB_H 1
| #define HAVE_NETINET_IN_H 1
| #define HAVE_MATH_H 1
| #define HAVE_SYS_SELECT_H 1
| #define HAVE_SEMAPHORE_H 1
| #define HAVE_SYS_IOCTL_H 1
| #define HAVE_SYS_UN_H 1
| #define HAVE_SYS_UIO_H 1
| #define STDC_HEADERS 1
| #define _ALL_SOURCE 1
| #define _COSMO_SOURCE 1
| #define _DARWIN_C_SOURCE 1
| #define _GNU_SOURCE 1
| #define _HPUX_ALT_XOPEN_SOCKET_API 1
| #define _NETBSD_SOURCE 1
| #define _OPENBSD_SOURCE 1
| #define _POSIX_PTHREAD_SEMANTICS 1
| #define __STDC_WANT_IEC_60559_ATTRIBS_EXT__ 1
| #define __STDC_WANT_IEC_60559_BFP_EXT__ 1
| #define __STDC_WANT_IEC_60559_DFP_EXT__ 1
| #define __STDC_WANT_IEC_60559_EXT__ 1
| #define __STDC_WANT_IEC_60559_FUNCS_EXT__ 1
| #define __STDC_WANT_IEC_60559_TYPES_EXT__ 1
| #define __STDC_WANT_LIB_EXT2__ 1
| #define __STDC_WANT_MATH_SPEC_FUNCS__ 1
| #define _TANDEM_SOURCE 1
| #define __EXTENSIONS__ 1
| #define _LINUX_SOURCE_COMPAT 1
| #define __USE_MINGW_ANSI_STDIO 1
| #define HAVE_ALLOCA_H 1
| #define HAVE_ALLOCA 1
| #define HAVE_WINT_T 1
| #define HAVE_BTOWC 1
| #define HAVE_MBRTOWC 1
| #define HAVE_MBSINIT 1
| #define HAVE_FCHDIR 1
| #define HAVE_FCNTL 1
| #define HAVE_SYMLINK 1
| #define HAVE_FDOPENDIR 1
| #define HAVE_FNMATCH 1
| #define HAVE_MBSRTOWCS 1
| #define HAVE_FSTATAT 1
| #define HAVE_GETDTABLESIZE 1
| #define HAVE_GETTIMEOFDAY 1
| #define HAVE_ISBLANK 1
| #define HAVE_ISWCNTRL 1
| #define HAVE_LSTAT 1
| #define HAVE_MPROTECT 1
| #define HAVE_MKSTEMP 1
| #define HAVE_OPENAT 1
| #define HAVE_PCLOSE 1
| #define HAVE_POPEN 1
| #define HAVE_READLINK 1
| #define HAVE_ISWCTYPE 1
| #define HAVE_SETENV 1
| #define HAVE_SIGACTION 1
| #define HAVE_SIGALTSTACK 1
| #define HAVE_SIGINTERRUPT 1
| #define HAVE_SETRLIMIT 1
| #define HAVE_GETRLIMIT 1
| #define HAVE___XPG_STRERROR_R 1
| #define HAVE_STRPTIME 1
| #define HAVE_STRTOIMAX 1
| #define HAVE_LOCALTIME_R 1
| #define HAVE_WCRTOMB 1
| #define HAVE_WCWIDTH 1
| #define HAVE_PIPE 1
| #define HAVE_PSELECT 1
| #define HAVE_PTHREAD_SIGMASK 1
| #define HAVE_SLEEP 1
| #define HAVE_SNPRINTF 1
| #define HAVE_SHUTDOWN 1
| #define HAVE_UNLINKAT 1
| #define HAVE_WCTOB 1
| #define HAVE_SIGPROCMASK 1
| #define HAVE_FORK 1
| #define HAVE_VFORK 1
| #define HAVE_LANGINFO_CODESET 1
| #define BITSIZEOF_WCHAR_T 32
| #define HAVE_MBSTATE_T 1
| #define HAVE_WORKING_MBRTOC32 1
| #define HAVE_WORKING_C32RTOMB 1
| #define HAVE_MALLOC_PTRDIFF 1
| #define HAVE_MALLOC_POSIX 1
| #define restrict __restrict__
| #define HAVE_ENVIRON_DECL 1
| #define HAVE_ERROR 1
| #define HAVE_DECL_STRERROR_R 1
| #define HAVE_STRERROR_R 1
| #define STRERROR_R_CHAR_P 1
| #define HAVE_DECL_FCHDIR 1
| #define HAVE_WORKING_O_NOATIME 1
| #define HAVE_WORKING_O_NOFOLLOW 1
| #define HAVE_MEMPCPY 1
| #define FUNC_FFLUSH_STDIN 0
| #define LSTAT_FOLLOWS_SLASHED_SYMLINK 1
| #define HAVE_DECL_GETDTABLESIZE 1
| #define HAVE_GETOPT_H 1
| #define HAVE_GETOPT_LONG_ONLY 1
| #define HAVE_PTHREAD_API 1
| #define SETLOCALE_NULL_ALL_MTSAFE 1
| #define SETLOCALE_NULL_ONE_MTSAFE 1
| #ifndef __x86_64__
| #define __x86_64__ 1
| #endif
| #ifndef __x86_64__
| #define __x86_64__ 1
| #endif
| #define HAVE_LONG_LONG_INT 1
| #define HAVE_UNSIGNED_LONG_LONG_INT 1
| #define HAVE_TOWLOWER 1
| #define HAVE_LC_MESSAGES 1
| #define HAVE_WEAK_SYMBOLS 1
| #define USE_POSIX_THREADS 1
| #define USE_POSIX_THREADS_FROM_LIBC 1
| #define HAVE_MALLOC_0_NONNULL 1
| #define HAVE_MAP_ANONYMOUS 1
| #define HAVE_DECL_MEMRCHR 1
| #define HAVE_MINMAX_IN_SYS_PARAM_H 1
| #define TIME_T_IS_SIGNED 1
| #define HAVE_DECL_ALARM 1
| #define HAVE_STRUCT_TM_TM_GMTOFF 1
| #define HAVE_STRUCT_TM_TM_ZONE 1
| #define HAVE_TM_GMTOFF 1
| #define PROMOTED_MODE_T mode_t
| #define HAVE_PTHREAD_T 1
| #define HAVE_PTHREAD_SPINLOCK_T 1
| #define HAVE_SIGSET_T 1
| #define HAVE_SCHED_H 1
| #define HAVE_DECL_SETENV 1
| #define HAVE_DECL__PUTENV 0
| #define HAVE_SEARCH_H 1
| #define HAVE_TSEARCH 1
| #define HAVE_DECL_FCLOSEALL 1
| #define HAVE_DECL_GETW 1
| #define HAVE_DECL_PUTW 1
| #define HAVE_DECL_ECVT 1
| #define HAVE_DECL_FCVT 1
| #define HAVE_DECL_GCVT 1
| #define HAVE_DECL_STRDUP 1
| #define HAVE_STRERROR_R 1
| #define HAVE_DECL_STRNLEN 1
| #define HAVE_DECL_STRTOIMAX 1
| #define _USE_STD_STAT 1
| #define HAVE_DECL_EXECVPE 1
| #define HAVE_DECL_CLEARERR_UNLOCKED 1
| #define HAVE_DECL_FEOF_UNLOCKED 1
| #define HAVE_DECL_FERROR_UNLOCKED 1
| #define HAVE_DECL_FFLUSH_UNLOCKED 1
| #define HAVE_DECL_FGETS_UNLOCKED 1
| #define HAVE_DECL_FPUTC_UNLOCKED 1
| #define HAVE_DECL_FPUTS_UNLOCKED 1
| #define HAVE_DECL_FREAD_UNLOCKED 1
| #define HAVE_DECL_FWRITE_UNLOCKED 1
| #define HAVE_DECL_GETC_UNLOCKED 1
| #define HAVE_DECL_GETCHAR_UNLOCKED 1
| #define HAVE_DECL_PUTC_UNLOCKED 1
| #define HAVE_DECL_PUTCHAR_UNLOCKED 1
| #define HAVE_DECL_UNSETENV 1
| #define HAVE_DECL_WCSDUP 1
| #define HAVE_SHUTDOWN 1
| #define HAVE_STRUCT_SOCKADDR_STORAGE 1
| #define HAVE_SA_FAMILY_T 1
| #define HAVE_STRUCT_SOCKADDR_STORAGE_SS_FAMILY 1
| #define HAVE_IPV4 1
| #define HAVE_IPV6 1
| #define DBL_EXPBIT0_WORD 1
| #define DBL_EXPBIT0_BIT 20
| #define FLT_EXPBIT0_WORD 0
| #define FLT_EXPBIT0_BIT 23
| #define LDBL_EXPBIT0_WORD 2
| #define LDBL_EXPBIT0_BIT 0
| #define HAVE_DECL_INITSTATE 1
| #define HAVE_DECL_SETSTATE 1
| #define HAVE_DECL_SNPRINTF 1
| #define HAVE_INTTYPES_H_WITH_UINTMAX 1
| #define HAVE_STDINT_H_WITH_UINTMAX 1
| #define HAVE_INTMAX_T 1
| #define HAVE_WCSLEN 1
| #define HAVE_SNPRINTF 1
| #define HAVE_STRNLEN 1
| #define HAVE_WCRTOMB 1
| #define HAVE_DECL__SNPRINTF 0
| #define HAVE_SNPRINTF_RETVAL_C99 1
| #define HAVE_SNPRINTF_TRUNCATION_C99 1
| #define HAVE_ALLOCA 1
| #define GNULIB_TEST_BTOC32 1
| #define GNULIB_TEST_BTOWC 1
| #define HAVE___BUILTIN_EXPECT 1
| #define GNULIB_TEST_C32_APPLY_TYPE_TEST 1
| #define GNULIB_TEST_C32_GET_TYPE_TEST 1
| #define GNULIB_TEST_C32ISALNUM 1
| #define GNULIB_TEST_C32ISALPHA 1
| #define GNULIB_TEST_C32ISBLANK 1
| #define GNULIB_TEST_C32ISCNTRL 1
| #define GNULIB_TEST_C32ISDIGIT 1
| #define GNULIB_TEST_C32ISGRAPH 1
| #define GNULIB_TEST_C32ISLOWER 1
| #define GNULIB_TEST_C32ISPRINT 1
| #define GNULIB_TEST_C32ISPUNCT 1
| #define GNULIB_TEST_C32ISSPACE 1
| #define GNULIB_TEST_C32ISUPPER 1
| #define GNULIB_TEST_C32ISXDIGIT 1
| #define GNULIB_TEST_C32TOLOWER 1
| #define GNULIB_TEST_C32WIDTH 1
| #define GNULIB_TEST_CALLOC_GNU 1
| #define GNULIB_TEST_CALLOC_POSIX 1
| #define HAVE_READLINKAT 1
| #define GNULIB_TEST_CHDIR 1
| #define HAVE_CLOCK_GETRES 1
| #define HAVE_CLOCK_GETTIME 1
| #define HAVE_CLOCK_SETTIME 1
| #define GNULIB_TEST_CLOEXEC 1
| #define GNULIB_TEST_CLOSE 1
| #define GNULIB_CLOSE 1
| #define HAVE_CLOSEDIR 1
| #define GNULIB_TEST_CLOSEDIR 1
| #define HAVE_STRUCT_DIRENT_D_TYPE 1
| #define HAVE_DIRFD 1
| #define HAVE_DECL_DIRFD 1
| #define GNULIB_TEST_DIRFD 1
| #define GNULIB_DIRNAME 1
| #define GNULIB_TEST_DUP 1
| #define GNULIB_TEST_DUP2 1
| #define GNULIB_TEST_ENVIRON 1
| #define GNULIB_TEST_FCHDIR 1
| #define GNULIB_TEST_FCNTL 1
| #define HAVE_DECL_FDOPENDIR 1
| #define GNULIB_TEST_FDOPENDIR 1
| #define GNULIB_FDOPENDIR 1
| #define HAVE_STRUCT_STAT_ST_BLOCKS 1
| #define HAVE_ST_BLOCKS 1
| #define GNULIB_FILENAMECAT 1
| #define HAVE_MEMPCPY 1
| #define FLEXIBLE_ARRAY_MEMBER /**/
| #define GNULIB_TEST_FNMATCH 1
| #define GNULIB_FNMATCH_GNU 1
| #define GNULIB_TEST_FOPEN 1
| #define GNULIB_FOPEN_GNU 1
| #define GNULIB_TEST_FOPEN_GNU 1
| #define HAVE_FREE_POSIX 1
| #define GNULIB_TEST_FREE_POSIX 1
| #define GNULIB_TEST_FREOPEN 1
| #define GNULIB_TEST_FSTAT 1
| #define GNULIB_FSTAT 1
| #define GNULIB_TEST_FSTATAT 1
| #define GNULIB_FSTATAT 1
| #define GNULIB_TEST_GETCWD 1
| #define GNULIB_TEST_GETDTABLESIZE 1
| #define GNULIB_TEST_GETOPT_POSIX 1
| #define GNULIB_TEST_GETPAGESIZE 1
| #define HAVE_DECL_PROGRAM_INVOCATION_NAME 1
| #define HAVE_DECL_PROGRAM_INVOCATION_NAME 1
| #define HAVE_DECL_PROGRAM_INVOCATION_SHORT_NAME 1
| #define HAVE_DECL___ARGV 0
| #define GNULIB_TEST_GETPROGNAME 1
| #define HAVE_GETRANDOM 1
| #define GNULIB_TEST_GETRANDOM 1
| #define HAVE_TIMESPEC_GET 1
| #define GETTIMEOFDAY_TIMEZONE void
| #define GNULIB_TEST_GETTIMEOFDAY 1
| #define GNULIB_LOCALEDIR "/usr/local/share/locale"
| #define HAVE_INLINE 1
| #define GNULIB_ISBLANK 1
| #define HAVE_ISWBLANK 1
| #define HAVE_DECL_ISWBLANK 1
| #define GNULIB_TEST_ISWBLANK 1
| #define GNULIB_TEST_ISWCTYPE 1
| #define GNULIB_TEST_ISWDIGIT 1
| #define GNULIB_TEST_ISWPUNCT 1
| #define GNULIB_TEST_ISWXDIGIT 1
| #define HAVE___INLINE 1
| #define GNULIB_TEST_LOCALECONV 1
| #define GNULIB_LOCALECONV 1
| #define HAVE_PTHREAD_RWLOCK 1
| #define HAVE_PTHREAD_MUTEX_RECURSIVE 1
| #define GNULIB_LOCK 1
| #define GNULIB_TEST_LSTAT 1
| #define GNULIB_LSTAT 1
| #define GNULIB_TEST_MALLOC_GNU 1
| #define GNULIB_TEST_MALLOC_POSIX 1
| #define MBRTOC32_IN_C_LOCALE_MAYBE_EILSEQ 1
| #define GNULIB_TEST_MBRTOC32 1
| #define MBRTOWC_IN_C_LOCALE_MAYBE_EILSEQ 1
| #define GNULIB_TEST_MBRTOWC 1
| #define GNULIB_TEST_MBSCASECMP 1
| #define GNULIB_TEST_MBSINIT 1
| #define GNULIB_TEST_MBSRTOC32S 1
| #define GNULIB_TEST_MBSRTOWCS 1
| #define GNULIB_TEST_MBSZERO 1
| #define HAVE_MBTOWC 1
| #define GNULIB_TEST_MBTOWC 1
| #define GNULIB_MCEL_PREFER 1
| #define GNULIB_TEST_MEMCHR 1
| #define HAVE_MEMPCPY 1
| #define GNULIB_TEST_MEMPCPY 1
| #define HAVE_MEMRCHR 1
| #define GNULIB_TEST_MEMRCHR 1
| #define GNULIB_TEST_MKDIR 1
| #define GNULIB_TEST_MKSTEMP 1
| #define GNULIB_TEST_MKTIME 1
| #define NEED_MKTIME_INTERNAL 1
| #define GNULIB_MSVC_NOTHROW 1
| #define HAVE_NL_LANGINFO 1
| #define FUNC_NL_LANGINFO_YESEXPR_WORKS 1
| #define NL_LANGINFO_MTSAFE 1
| #define REPLACE_NL_LANGINFO 1
| #define GNULIB_TEST_NL_LANGINFO 1
| #define GNULIB_TEST_OPEN 1
| #define GNULIB_OPENAT 1
| #define GNULIB_TEST_OPENAT 1
| #define HAVE_OPENDIR 1
| #define GNULIB_TEST_OPENDIR 1
| #define GNULIB_TEST_PCLOSE 1
| #define GNULIB_TEST_POPEN 1
| #define HAVE_DECL_PROGRAM_INVOCATION_NAME 1
| #define HAVE_DECL_PROGRAM_INVOCATION_SHORT_NAME 1
| #define GNULIB_TEST_PTHREAD_ONCE 1
| #define HAVE_RAISE 1
| #define GNULIB_TEST_RAISE 1
| #define HAVE_RAWMEMCHR 1
| #define GNULIB_TEST_RAWMEMCHR 1
| #define HAVE_READDIR 1
| #define GNULIB_TEST_READDIR 1
| #define GNULIB_TEST_READLINK 1
| #define HAVE_READLINKAT 1
| #define GNULIB_TEST_READLINKAT 1
| #define GNULIB_TEST_REALLOC_POSIX 1
| #define HAVE_REALLOCARRAY 1
| #define GNULIB_REALLOCARRAY 1
| #define GNULIB_TEST_REALLOCARRAY 1
| #define GNULIB_TEST_SETENV 1
| #define GNULIB_TEST_SETLOCALE_NULL 1
| #define HAVE_STRUCT_SIGACTION_SA_SIGACTION 1
| #define GNULIB_TEST_SIGACTION 1
| #define GNULIB_TEST_SIGPROCMASK 1
| #define STACK_DIRECTION -1
| #define HAVE_WORKING_SIGALTSTACK 1
| #define GNULIB_TEST_STAT 1
| #define GNULIB_STAT 1
| #define HAVE_STRUCT_STAT_ST_ATIM_TV_NSEC 1
| #define TYPEOF_STRUCT_STAT_ST_ATIM_IS_STRUCT_TIMESPEC 1
| #define GNULIB_TEST_FSCANF 1
| #define GNULIB_FSCANF 1
| #define GNULIB_TEST_SCANF 1
| #define GNULIB_SCANF 1
| #define GNULIB_TEST_FGETC 1
| #define GNULIB_TEST_GETC 1
| #define GNULIB_TEST_GETCHAR 1
| #define GNULIB_TEST_FGETS 1
| #define GNULIB_TEST_FREAD 1
| #define GNULIB_TEST_FPRINTF 1
| #define GNULIB_TEST_PRINTF 1
| #define GNULIB_TEST_VFPRINTF 1
| #define GNULIB_TEST_VPRINTF 1
| #define GNULIB_TEST_FPUTC 1
| #define GNULIB_TEST_PUTC 1
| #define GNULIB_TEST_PUTCHAR 1
| #define GNULIB_TEST_FPUTS 1
| #define GNULIB_TEST_PUTS 1
| #define GNULIB_TEST_FWRITE 1
| #define HAVE_STPCPY 1
| #define GNULIB_TEST_STPCPY 1
| #define HAVE_STRCASECMP 1
| #define GNULIB_TEST_STRDUP 1
| #define GNULIB_STRERROR 1
| #define GNULIB_TEST_STRERROR 1
| #define HAVE_STRNCASECMP 1
| #define HAVE_DECL_STRNCASECMP 1
| #define GNULIB_TEST_STRNLEN 1
| #define GNULIB_TEST_STRPTIME 1
| #define HAVE_STRTOLL 1
| #define GNULIB_TEST_STRTOLL 1
| #define GNULIB_TEMPNAME 1
| #define HAVE_DECL_LOCALTIME_R 1
| #define GNULIB_TEST_TIME_R 1
| #define GNULIB_TEST_TIME_RZ 1
| #define HAVE_TIMEGM 1
| #define GNULIB_TEST_TIMEGM 1
| #define GNULIB_TEST_TIMESPEC_GET 1
| #define GNULIB_TEST_TZSET 1
| #define GNULIB_STDIO_SINGLE_THREAD 1
| #define USE_UNLOCKED_IO GNULIB_STDIO_SINGLE_THREAD
| #define HAVE_UNSETENV 1
| #define GNULIB_TEST_UNSETENV 1
| #define HAVE_C_VARARRAYS 1
| #define GNULIB_TEST_WCRTOMB 1
| #define GNULIB_TEST_WCTYPE 1
| #define HAVE_DECL_WCWIDTH 1
| #define GNULIB_TEST_WCWIDTH 1
| #define GNULIB_TEST_WMEMCHR 1
| #define HAVE_WMEMPCPY 1
| #define GNULIB_TEST_WMEMPCPY 1
| #define GNULIB_XALLOC 1
| #define GNULIB_XALLOC_DIE 1
| #define GNULIB_XSTDOPEN 1
| #define GNULIB_TEST_ACCEPT 1
| #define GNULIB_ACCEPT IN_DIFFUTILS_GNULIB_TESTS
| #define HAVE_ATOLL 1
| #define GNULIB_TEST_ATOLL 1
| #define GNULIB_TEST_BIND 1
| #define GNULIB_BIND IN_DIFFUTILS_GNULIB_TESTS
| #define GNULIB_TEST_C32RTOMB 1
| #define GNULIB_TEST_C32TOB 1
| #define GNULIB_TEST_CONNECT 1
| #define GNULIB_CONNECT IN_DIFFUTILS_GNULIB_TESTS
| #define GNULIB_TEST_FDOPEN 1
| #define HAVE_FTRUNCATE 1
| #define GNULIB_TEST_FTRUNCATE 1
| #define HAVE_DUPLOCALE 1
| #define HAVE_DECL_INET_PTON 1
| #define HAVE_IOCTL 1
| /* end confdefs.h.  */
| #include <sys/ioctl.h>
|               /* On some platforms, ioctl() is declared in <unistd.h>.  */
|               #include <unistd.h>
| 
| int
| main (void)
| {
| extern
|               #ifdef __cplusplus
|               "C"
|               #endif
|               int ioctl (int, int, ...);
| 
|   ;
|   return 0;
| }
| 
configure:51447: result: no
configure:51500: checking whether isnan(double) can be used without linking with libm
configure:51526: gcc -o conftest -g -O2   conftest.c  >&5
configure:51526: $? = 0
configure:51538: result: yes
configure:51565: checking whether isnan(float) can be used without linking with libm
configure:51591: gcc -o conftest -g -O2   conftest.c  >&5
configure:51591: $? = 0
configure:51603: result: yes
configure:51610: checking whether isnan(float) works
configure:51700: gcc -o conftest -g -O2   conftest.c  >&5
configure:51700: $? = 0
configure:51700: ./conftest
configure:51700: $? = 0
configure:51715: result: yes
configure:51750: checking whether isnan(long double) can be used without linking with libm
configure:51776: gcc -o conftest -g -O2   conftest.c  >&5
configure:51776: $? = 0
configure:51788: result: yes
configure:51797: checking whether isnanl works
configure:51944: gcc -o conftest -g -O2   conftest.c  >&5
configure:51944: $? = 0
configure:51944: ./conftest
configure:51944: $? = 0
configure:51959: result: yes
configure:52048: checking for newlocale
configure:52085: checking for newlocale
configure:52085: gcc -o conftest -g -O2   conftest.c  >&5
configure:52085: $? = 0
configure:52085: result: yes
configure:52101: result: yes
configure:52170: checking for library containing nanosleep
configure:52206: gcc -o conftest -g -O2   conftest.c  >&5
configure:52206: $? = 0
configure:52228: result: none required
configure:52249: checking for working nanosleep
configure:52341: gcc -o conftest -g -O2   conftest.c  >&5
configure:52341: $? = 0
configure:52341: ./conftest
configure:52341: $? = 6
configure: program exited with status 6
configure: failed program was:
| /* confdefs.h */
| #define PACKAGE_NAME "GNU diffutils"
| #define PACKAGE_TARNAME "diffutils"
| #define PACKAGE_VERSION "3.12"
| #define PACKAGE_STRING "GNU diffutils 3.12"
| #define PACKAGE_BUGREPORT "bug-diffutils@gnu.org"
| #define PACKAGE_URL "https://www.gnu.org/software/diffutils/"
| #define PACKAGE "diffutils"
| #define VERSION "3.12"
| #define HAVE_STDIO_H 1
| #define HAVE_STDLIB_H 1
| #define HAVE_STRING_H 1
| #define HAVE_INTTYPES_H 1
| #define HAVE_STDINT_H 1
| #define HAVE_STRINGS_H 1
| #define HAVE_SYS_STAT_H 1
| #define HAVE_SYS_TYPES_H 1
| #define HAVE_UNISTD_H 1
| #define HAVE_WCHAR_H 1
| #define HAVE_STDBOOL_H 1
| #define HAVE_UCHAR_H 1
| #define HAVE_SYS_PARAM_H 1
| #define HAVE_SYS_SOCKET_H 1
| #define HAVE_DIRENT_H 1
| #define HAVE_ERROR_H 1
| #define HAVE_FNMATCH_H 1
| #define HAVE_GETOPT_H 1
| #define HAVE_SYS_TIME_H 1
| #define HAVE_THREADS_H 1
| #define HAVE_LIMITS_H 1
| #define HAVE_WCTYPE_H 1
| #define HAVE_LANGINFO_H 1
| #define HAVE_SYS_MMAN_H 1
| #define HAVE_PTHREAD_H 1
| #define HAVE_MALLOC_H 1
| #define HAVE_STDBIT_H 1
| #define HAVE_SYS_RANDOM_H 1
| #define HAVE_SYS_WAIT_H 1
| #define HAVE_FEATURES_H 1
| #define HAVE_ARPA_INET_H 1
| #define HAVE_NETDB_H 1
| #define HAVE_NETINET_IN_H 1
| #define HAVE_MATH_H 1
| #define HAVE_SYS_SELECT_H 1
| #define HAVE_SEMAPHORE_H 1
| #define HAVE_SYS_IOCTL_H 1
| #define HAVE_SYS_UN_H 1
| #define HAVE_SYS_UIO_H 1
| #define STDC_HEADERS 1
| #define _ALL_SOURCE 1
| #define _COSMO_SOURCE 1
| #define _DARWIN_C_SOURCE 1
| #define _GNU_SOURCE 1
| #define _HPUX_ALT_XOPEN_SOCKET_API 1
| #define _NETBSD_SOURCE 1
| #define _OPENBSD_SOURCE 1
| #define _POSIX_PTHREAD_SEMANTICS 1
| #define __STDC_WANT_IEC_60559_ATTRIBS_EXT__ 1
| #define __STDC_WANT_IEC_60559_BFP_EXT__ 1
| #define __STDC_WANT_IEC_60559_DFP_EXT__ 1
| #define __STDC_WANT_IEC_60559_EXT__ 1
| #define __STDC_WANT_IEC_60559_FUNCS_EXT__ 1
| #define __STDC_WANT_IEC_60559_TYPES_EXT__ 1
| #define __STDC_WANT_LIB_EXT2__ 1
| #define __STDC_WANT_MATH_SPEC_FUNCS__ 1
| #define _TANDEM_SOURCE 1
| #define __EXTENSIONS__ 1
| #define _LINUX_SOURCE_COMPAT 1
| #define __USE_MINGW_ANSI_STDIO 1
| #define HAVE_ALLOCA_H 1
| #define HAVE_ALLOCA 1
| #define HAVE_WINT_T 1
| #define HAVE_BTOWC 1
| #define HAVE_MBRTOWC 1
| #define HAVE_MBSINIT 1
| #define HAVE_FCHDIR 1
| #define HAVE_FCNTL 1
| #define HAVE_SYMLINK 1
| #define HAVE_FDOPENDIR 1
| #define HAVE_FNMATCH 1
| #define HAVE_MBSRTOWCS 1
| #define HAVE_FSTATAT 1
| #define HAVE_GETDTABLESIZE 1
| #define HAVE_GETTIMEOFDAY 1
| #define HAVE_ISBLANK 1
| #define HAVE_ISWCNTRL 1
| #define HAVE_LSTAT 1
| #define HAVE_MPROTECT 1
| #define HAVE_MKSTEMP 1
| #define HAVE_OPENAT 1
| #define HAVE_PCLOSE 1
| #define HAVE_POPEN 1
| #define HAVE_READLINK 1
| #define HAVE_ISWCTYPE 1
| #define HAVE_SETENV 1
| #define HAVE_SIGACTION 1
| #define HAVE_SIGALTSTACK 1
| #define HAVE_SIGINTERRUPT 1
| #define HAVE_SETRLIMIT 1
| #define HAVE_GETRLIMIT 1
| #define HAVE___XPG_STRERROR_R 1
| #define HAVE_STRPTIME 1
| #define HAVE_STRTOIMAX 1
| #define HAVE_LOCALTIME_R 1
| #define HAVE_WCRTOMB 1
| #define HAVE_WCWIDTH 1
| #define HAVE_PIPE 1
| #define HAVE_PSELECT 1
| #define HAVE_PTHREAD_SIGMASK 1
| #define HAVE_SLEEP 1
| #define HAVE_SNPRINTF 1
| #define HAVE_SHUTDOWN 1
| #define HAVE_UNLINKAT 1
| #define HAVE_WCTOB 1
| #define HAVE_SIGPROCMASK 1
| #define HAVE_FORK 1
| #define HAVE_VFORK 1
| #define HAVE_LANGINFO_CODESET 1
| #define BITSIZEOF_WCHAR_T 32
| #define HAVE_MBSTATE_T 1
| #define HAVE_WORKING_MBRTOC32 1
| #define HAVE_WORKING_C32RTOMB 1
| #define HAVE_MALLOC_PTRDIFF 1
| #define HAVE_MALLOC_POSIX 1
| #define restrict __restrict__
| #define HAVE_ENVIRON_DECL 1
| #define HAVE_ERROR 1
| #define HAVE_DECL_STRERROR_R 1
| #define HAVE_STRERROR_R 1
| #define STRERROR_R_CHAR_P 1
| #define HAVE_DECL_FCHDIR 1
| #define HAVE_WORKING_O_NOATIME 1
| #define HAVE_WORKING_O_NOFOLLOW 1
| #define HAVE_MEMPCPY 1
| #define FUNC_FFLUSH_STDIN 0
| #define LSTAT_FOLLOWS_SLASHED_SYMLINK 1
| #define HAVE_DECL_GETDTABLESIZE 1
| #define HAVE_GETOPT_H 1
| #define HAVE_GETOPT_LONG_ONLY 1
| #define HAVE_PTHREAD_API 1
| #define SETLOCALE_NULL_ALL_MTSAFE 1
| #define SETLOCALE_NULL_ONE_MTSAFE 1
| #ifndef __x86_64__
| #define __x86_64__ 1
| #endif
| #ifndef __x86_64__
| #define __x86_64__ 1
| #endif
| #define HAVE_LONG_LONG_INT 1
| #define HAVE_UNSIGNED_LONG_LONG_INT 1
| #define HAVE_TOWLOWER 1
| #define HAVE_LC_MESSAGES 1
| #define HAVE_WEAK_SYMBOLS 1
| #define USE_POSIX_THREADS 1
| #define USE_POSIX_THREADS_FROM_LIBC 1
| #define HAVE_MALLOC_0_NONNULL 1
| #define HAVE_MAP_ANONYMOUS 1
| #define HAVE_DECL_MEMRCHR 1
| #define HAVE_MINMAX_IN_SYS_PARAM_H 1
| #define TIME_T_IS_SIGNED 1
| #define HAVE_DECL_ALARM 1
| #define HAVE_STRUCT_TM_TM_GMTOFF 1
| #define HAVE_STRUCT_TM_TM_ZONE 1
| #define HAVE_TM_GMTOFF 1
| #define PROMOTED_MODE_T mode_t
| #define HAVE_PTHREAD_T 1
| #define HAVE_PTHREAD_SPINLOCK_T 1
| #define HAVE_SIGSET_T 1
| #define HAVE_SCHED_H 1
| #define HAVE_DECL_SETENV 1
| #define HAVE_DECL__PUTENV 0
| #define HAVE_SEARCH_H 1
| #define HAVE_TSEARCH 1
| #define HAVE_DECL_FCLOSEALL 1
| #define HAVE_DECL_GETW 1
| #define HAVE_DECL_PUTW 1
| #define HAVE_DECL_ECVT 1
| #define HAVE_DECL_FCVT 1
| #define HAVE_DECL_GCVT 1
| #define HAVE_DECL_STRDUP 1
| #define HAVE_STRERROR_R 1
| #define HAVE_DECL_STRNLEN 1
| #define HAVE_DECL_STRTOIMAX 1
| #define _USE_STD_STAT 1
| #define HAVE_DECL_EXECVPE 1
| #define HAVE_DECL_CLEARERR_UNLOCKED 1
| #define HAVE_DECL_FEOF_UNLOCKED 1
| #define HAVE_DECL_FERROR_UNLOCKED 1
| #define HAVE_DECL_FFLUSH_UNLOCKED 1
| #define HAVE_DECL_FGETS_UNLOCKED 1
| #define HAVE_DECL_FPUTC_UNLOCKED 1
| #define HAVE_DECL_FPUTS_UNLOCKED 1
| #define HAVE_DECL_FREAD_UNLOCKED 1
| #define HAVE_DECL_FWRITE_UNLOCKED 1
| #define HAVE_DECL_GETC_UNLOCKED 1
| #define HAVE_DECL_GETCHAR_UNLOCKED 1
| #define HAVE_DECL_PUTC_UNLOCKED 1
| #define HAVE_DECL_PUTCHAR_UNLOCKED 1
| #define HAVE_DECL_UNSETENV 1
| #define HAVE_DECL_WCSDUP 1
| #define HAVE_SHUTDOWN 1
| #define HAVE_STRUCT_SOCKADDR_STORAGE 1
| #define HAVE_SA_FAMILY_T 1
| #define HAVE_STRUCT_SOCKADDR_STORAGE_SS_FAMILY 1
| #define HAVE_IPV4 1
| #define HAVE_IPV6 1
| #define DBL_EXPBIT0_WORD 1
| #define DBL_EXPBIT0_BIT 20
| #define FLT_EXPBIT0_WORD 0
| #define FLT_EXPBIT0_BIT 23
| #define LDBL_EXPBIT0_WORD 2
| #define LDBL_EXPBIT0_BIT 0
| #define HAVE_DECL_INITSTATE 1
| #define HAVE_DECL_SETSTATE 1
| #define HAVE_DECL_SNPRINTF 1
| #define HAVE_INTTYPES_H_WITH_UINTMAX 1
| #define HAVE_STDINT_H_WITH_UINTMAX 1
| #define HAVE_INTMAX_T 1
| #define HAVE_WCSLEN 1
| #define HAVE_SNPRINTF 1
| #define HAVE_STRNLEN 1
| #define HAVE_WCRTOMB 1
| #define HAVE_DECL__SNPRINTF 0
| #define HAVE_SNPRINTF_RETVAL_C99 1
| #define HAVE_SNPRINTF_TRUNCATION_C99 1
| #define HAVE_ALLOCA 1
| #define GNULIB_TEST_BTOC32 1
| #define GNULIB_TEST_BTOWC 1
| #define HAVE___BUILTIN_EXPECT 1
| #define GNULIB_TEST_C32_APPLY_TYPE_TEST 1
| #define GNULIB_TEST_C32_GET_TYPE_TEST 1
| #define GNULIB_TEST_C32ISALNUM 1
| #define GNULIB_TEST_C32ISALPHA 1
| #define GNULIB_TEST_C32ISBLANK 1
| #define GNULIB_TEST_C32ISCNTRL 1
| #define GNULIB_TEST_C32ISDIGIT 1
| #define GNULIB_TEST_C32ISGRAPH 1
| #define GNULIB_TEST_C32ISLOWER 1
| #define GNULIB_TEST_C32ISPRINT 1
| #define GNULIB_TEST_C32ISPUNCT 1
| #define GNULIB_TEST_C32ISSPACE 1
| #define GNULIB_TEST_C32ISUPPER 1
| #define GNULIB_TEST_C32ISXDIGIT 1
| #define GNULIB_TEST_C32TOLOWER 1
| #define GNULIB_TEST_C32WIDTH 1
| #define GNULIB_TEST_CALLOC_GNU 1
| #define GNULIB_TEST_CALLOC_POSIX 1
| #define HAVE_READLINKAT 1
| #define GNULIB_TEST_CHDIR 1
| #define HAVE_CLOCK_GETRES 1
| #define HAVE_CLOCK_GETTIME 1
| #define HAVE_CLOCK_SETTIME 1
| #define GNULIB_TEST_CLOEXEC 1
| #define GNULIB_TEST_CLOSE 1
| #define GNULIB_CLOSE 1
| #define HAVE_CLOSEDIR 1
| #define GNULIB_TEST_CLOSEDIR 1
| #define HAVE_STRUCT_DIRENT_D_TYPE 1
| #define HAVE_DIRFD 1
| #define HAVE_DECL_DIRFD 1
| #define GNULIB_TEST_DIRFD 1
| #define GNULIB_DIRNAME 1
| #define GNULIB_TEST_DUP 1
| #define GNULIB_TEST_DUP2 1
| #define GNULIB_TEST_ENVIRON 1
| #define GNULIB_TEST_FCHDIR 1
| #define GNULIB_TEST_FCNTL 1
| #define HAVE_DECL_FDOPENDIR 1
| #define GNULIB_TEST_FDOPENDIR 1
| #define GNULIB_FDOPENDIR 1
| #define HAVE_STRUCT_STAT_ST_BLOCKS 1
| #define HAVE_ST_BLOCKS 1
| #define GNULIB_FILENAMECAT 1
| #define HAVE_MEMPCPY 1
| #define FLEXIBLE_ARRAY_MEMBER /**/
| #define GNULIB_TEST_FNMATCH 1
| #define GNULIB_FNMATCH_GNU 1
| #define GNULIB_TEST_FOPEN 1
| #define GNULIB_FOPEN_GNU 1
| #define GNULIB_TEST_FOPEN_GNU 1
| #define HAVE_FREE_POSIX 1
| #define GNULIB_TEST_FREE_POSIX 1
| #define GNULIB_TEST_FREOPEN 1
| #define GNULIB_TEST_FSTAT 1
| #define GNULIB_FSTAT 1
| #define GNULIB_TEST_FSTATAT 1
| #define GNULIB_FSTATAT 1
| #define GNULIB_TEST_GETCWD 1
| #define GNULIB_TEST_GETDTABLESIZE 1
| #define GNULIB_TEST_GETOPT_POSIX 1
| #define GNULIB_TEST_GETPAGESIZE 1
| #define HAVE_DECL_PROGRAM_INVOCATION_NAME 1
| #define HAVE_DECL_PROGRAM_INVOCATION_NAME 1
| #define HAVE_DECL_PROGRAM_INVOCATION_SHORT_NAME 1
| #define HAVE_DECL___ARGV 0
| #define GNULIB_TEST_GETPROGNAME 1
| #define HAVE_GETRANDOM 1
| #define GNULIB_TEST_GETRANDOM 1
| #define HAVE_TIMESPEC_GET 1
| #define GETTIMEOFDAY_TIMEZONE void
| #define GNULIB_TEST_GETTIMEOFDAY 1
| #define GNULIB_LOCALEDIR "/usr/local/share/locale"
| #define HAVE_INLINE 1
| #define GNULIB_ISBLANK 1
| #define HAVE_ISWBLANK 1
| #define HAVE_DECL_ISWBLANK 1
| #define GNULIB_TEST_ISWBLANK 1
| #define GNULIB_TEST_ISWCTYPE 1
| #define GNULIB_TEST_ISWDIGIT 1
| #define GNULIB_TEST_ISWPUNCT 1
| #define GNULIB_TEST_ISWXDIGIT 1
| #define HAVE___INLINE 1
| #define GNULIB_TEST_LOCALECONV 1
| #define GNULIB_LOCALECONV 1
| #define HAVE_PTHREAD_RWLOCK 1
| #define HAVE_PTHREAD_MUTEX_RECURSIVE 1
| #define GNULIB_LOCK 1
| #define GNULIB_TEST_LSTAT 1
| #define GNULIB_LSTAT 1
| #define GNULIB_TEST_MALLOC_GNU 1
| #define GNULIB_TEST_MALLOC_POSIX 1
| #define MBRTOC32_IN_C_LOCALE_MAYBE_EILSEQ 1
| #define GNULIB_TEST_MBRTOC32 1
| #define MBRTOWC_IN_C_LOCALE_MAYBE_EILSEQ 1
| #define GNULIB_TEST_MBRTOWC 1
| #define GNULIB_TEST_MBSCASECMP 1
| #define GNULIB_TEST_MBSINIT 1
| #define GNULIB_TEST_MBSRTOC32S 1
| #define GNULIB_TEST_MBSRTOWCS 1
| #define GNULIB_TEST_MBSZERO 1
| #define HAVE_MBTOWC 1
| #define GNULIB_TEST_MBTOWC 1
| #define GNULIB_MCEL_PREFER 1
| #define GNULIB_TEST_MEMCHR 1
| #define HAVE_MEMPCPY 1
| #define GNULIB_TEST_MEMPCPY 1
| #define HAVE_MEMRCHR 1
| #define GNULIB_TEST_MEMRCHR 1
| #define GNULIB_TEST_MKDIR 1
| #define GNULIB_TEST_MKSTEMP 1
| #define GNULIB_TEST_MKTIME 1
| #define NEED_MKTIME_INTERNAL 1
| #define GNULIB_MSVC_NOTHROW 1
| #define HAVE_NL_LANGINFO 1
| #define FUNC_NL_LANGINFO_YESEXPR_WORKS 1
| #define NL_LANGINFO_MTSAFE 1
| #define REPLACE_NL_LANGINFO 1
| #define GNULIB_TEST_NL_LANGINFO 1
| #define GNULIB_TEST_OPEN 1
| #define GNULIB_OPENAT 1
| #define GNULIB_TEST_OPENAT 1
| #define HAVE_OPENDIR 1
| #define GNULIB_TEST_OPENDIR 1
| #define GNULIB_TEST_PCLOSE 1
| #define GNULIB_TEST_POPEN 1
| #define HAVE_DECL_PROGRAM_INVOCATION_NAME 1
| #define HAVE_DECL_PROGRAM_INVOCATION_SHORT_NAME 1
| #define GNULIB_TEST_PTHREAD_ONCE 1
| #define HAVE_RAISE 1
| #define GNULIB_TEST_RAISE 1
| #define HAVE_RAWMEMCHR 1
| #define GNULIB_TEST_RAWMEMCHR 1
| #define HAVE_READDIR 1
| #define GNULIB_TEST_READDIR 1
| #define GNULIB_TEST_READLINK 1
| #define HAVE_READLINKAT 1
| #define GNULIB_TEST_READLINKAT 1
| #define GNULIB_TEST_REALLOC_POSIX 1
| #define HAVE_REALLOCARRAY 1
| #define GNULIB_REALLOCARRAY 1
| #define GNULIB_TEST_REALLOCARRAY 1
| #define GNULIB_TEST_SETENV 1
| #define GNULIB_TEST_SETLOCALE_NULL 1
| #define HAVE_STRUCT_SIGACTION_SA_SIGACTION 1
| #define GNULIB_TEST_SIGACTION 1
| #define GNULIB_TEST_SIGPROCMASK 1
| #define STACK_DIRECTION -1
| #define HAVE_WORKING_SIGALTSTACK 1
| #define GNULIB_TEST_STAT 1
| #define GNULIB_STAT 1
| #define HAVE_STRUCT_STAT_ST_ATIM_TV_NSEC 1
| #define TYPEOF_STRUCT_STAT_ST_ATIM_IS_STRUCT_TIMESPEC 1
| #define GNULIB_TEST_FSCANF 1
| #define GNULIB_FSCANF 1
| #define GNULIB_TEST_SCANF 1
| #define GNULIB_SCANF 1
| #define GNULIB_TEST_FGETC 1
| #define GNULIB_TEST_GETC 1
| #define GNULIB_TEST_GETCHAR 1
| #define GNULIB_TEST_FGETS 1
| #define GNULIB_TEST_FREAD 1
| #define GNULIB_TEST_FPRINTF 1
| #define GNULIB_TEST_PRINTF 1
| #define GNULIB_TEST_VFPRINTF 1
| #define GNULIB_TEST_VPRINTF 1
| #define GNULIB_TEST_FPUTC 1
| #define GNULIB_TEST_PUTC 1
| #define GNULIB_TEST_PUTCHAR 1
| #define GNULIB_TEST_FPUTS 1
| #define GNULIB_TEST_PUTS 1
| #define GNULIB_TEST_FWRITE 1
| #define HAVE_STPCPY 1
| #define GNULIB_TEST_STPCPY 1
| #define HAVE_STRCASECMP 1
| #define GNULIB_TEST_STRDUP 1
| #define GNULIB_STRERROR 1
| #define GNULIB_TEST_STRERROR 1
| #define HAVE_STRNCASECMP 1
| #define HAVE_DECL_STRNCASECMP 1
| #define GNULIB_TEST_STRNLEN 1
| #define GNULIB_TEST_STRPTIME 1
| #define HAVE_STRTOLL 1
| #define GNULIB_TEST_STRTOLL 1
| #define GNULIB_TEMPNAME 1
| #define HAVE_DECL_LOCALTIME_R 1
| #define GNULIB_TEST_TIME_R 1
| #define GNULIB_TEST_TIME_RZ 1
| #define HAVE_TIMEGM 1
| #define GNULIB_TEST_TIMEGM 1
| #define GNULIB_TEST_TIMESPEC_GET 1
| #define GNULIB_TEST_TZSET 1
| #define GNULIB_STDIO_SINGLE_THREAD 1
| #define USE_UNLOCKED_IO GNULIB_STDIO_SINGLE_THREAD
| #define HAVE_UNSETENV 1
| #define GNULIB_TEST_UNSETENV 1
| #define HAVE_C_VARARRAYS 1
| #define GNULIB_TEST_WCRTOMB 1
| #define GNULIB_TEST_WCTYPE 1
| #define HAVE_DECL_WCWIDTH 1
| #define GNULIB_TEST_WCWIDTH 1
| #define GNULIB_TEST_WMEMCHR 1
| #define HAVE_WMEMPCPY 1
| #define GNULIB_TEST_WMEMPCPY 1
| #define GNULIB_XALLOC 1
| #define GNULIB_XALLOC_DIE 1
| #define GNULIB_XSTDOPEN 1
| #define GNULIB_TEST_ACCEPT 1
| #define GNULIB_ACCEPT IN_DIFFUTILS_GNULIB_TESTS
| #define HAVE_ATOLL 1
| #define GNULIB_TEST_ATOLL 1
| #define GNULIB_TEST_BIND 1
| #define GNULIB_BIND IN_DIFFUTILS_GNULIB_TESTS
| #define GNULIB_TEST_C32RTOMB 1
| #define GNULIB_TEST_C32TOB 1
| #define GNULIB_TEST_CONNECT 1
| #define GNULIB_CONNECT IN_DIFFUTILS_GNULIB_TESTS
| #define GNULIB_TEST_FDOPEN 1
| #define HAVE_FTRUNCATE 1
| #define GNULIB_TEST_FTRUNCATE 1
| #define HAVE_DUPLOCALE 1
| #define HAVE_DECL_INET_PTON 1
| #define HAVE_IOCTL 1
| #define GNULIB_TEST_IOCTL 1
| #define GNULIB_IOCTL IN_DIFFUTILS_GNULIB_TESTS
| #define HAVE_ISNAND_IN_LIBC 1
| #define HAVE_ISNANF_IN_LIBC 1
| #define HAVE_ISNANL_IN_LIBC 1
| #define GNULIB_TEST_LISTEN 1
| #define GNULIB_LISTEN IN_DIFFUTILS_GNULIB_TESTS
| #define HAVE_NEWLOCALE 1
| /* end confdefs.h.  */
| 
|           #include <errno.h>
|           #include <limits.h>
|           #include <signal.h>
|           #include <time.h>
|           #include <unistd.h>
|           #define TYPE_SIGNED(t) (! ((t) 0 < (t) -1))
|           #define TYPE_MAXIMUM(t)             ((t) (! TYPE_SIGNED (t)                   ? (t) -1                   : ((((t) 1 << (sizeof (t) * CHAR_BIT - 2)) - 1) * 2 + 1)))
| 
|           #if HAVE_DECL_ALARM
|           static void
|           check_for_SIGALRM (int sig)
|           {
|             if (sig != SIGALRM)
|               _exit (1);
|           }
|           #endif
| 
|           int
|           main ()
|           {
|             static struct timespec ts_sleep;
|             static struct timespec ts_remaining;
|             /* Test for major problems first.  */
|             if (! nanosleep)
|               return 2;
|             ts_sleep.tv_sec = 0;
|             ts_sleep.tv_nsec = 1;
|             #if HAVE_DECL_ALARM
|             {
|               static struct sigaction act;
|               act.sa_handler = check_for_SIGALRM;
|               sigemptyset (&act.sa_mask);
|               sigaction (SIGALRM, &act, NULL);
|               alarm (1);
|               if (nanosleep (&ts_sleep, NULL) != 0)
|                 return 3;
|               /* Test for a minor problem: the handling of large arguments.  */
|               ts_sleep.tv_sec = TYPE_MAXIMUM (time_t);
|               ts_sleep.tv_nsec = 999999999;
|               alarm (1);
|               if (nanosleep (&ts_sleep, &ts_remaining) != -1)
|                 return 4;
|               if (errno != EINTR)
|                 return 5;
|               if (ts_remaining.tv_sec <= TYPE_MAXIMUM (time_t) - 10)
|                 return 6;
|             }
|             #else /* A simpler test for native Windows.  */
|             if (nanosleep (&ts_sleep, &ts_remaining) < 0)
|               return 3;
|             /* Test for 32-bit mingw bug: negative nanosecond values do not
|                cause failure.  */
|             ts_sleep.tv_sec = 1;
|             ts_sleep.tv_nsec = -1;
|             if (nanosleep (&ts_sleep, &ts_remaining) != -1)
|               return 7;
|             #endif
|             return 0;
|           }
configure:52360: result: no (mishandles large arguments)
configure:52425: checking whether <netinet/in.h> is self-contained
configure:52443: gcc -c -g -O2  conftest.c >&5
configure:52443: $? = 0
configure:52454: result: yes
configure:52596: checking for uselocale
configure:52633: checking for uselocale
configure:52633: gcc -o conftest -g -O2   conftest.c  >&5
configure:52633: $? = 0
configure:52633: result: yes
configure:52649: result: yes
configure:52666: checking whether uselocale works
configure:52696: gcc -o conftest -g -O2   conftest.c  >&5
configure:52696: $? = 0
configure:52696: ./conftest
configure:52696: $? = 0
configure:52711: result: yes
configure:52743: checking whether perror matches strerror
configure:52783: gcc -o conftest -g -O2   conftest.c  >&5
configure:52783: $? = 0
configure:52783: ./conftest
configure:52783: $? = 0
configure:52804: result: yes
configure:52912: checking for getppriv
configure:52912: gcc -o conftest -g -O2   conftest.c  >&5
/usr/bin/ld: /tmp/cc2LIgk2.o: in function `main':
/home/derek/Code/diffutils-bcr/conftest.c:495:(.text.startup+0x9): undefined reference to `getppriv'
collect2: error: ld returned 1 exit status
configure:52912: $? = 1
configure: failed program was:
| /* confdefs.h */
| #define PACKAGE_NAME "GNU diffutils"
| #define PACKAGE_TARNAME "diffutils"
| #define PACKAGE_VERSION "3.12"
| #define PACKAGE_STRING "GNU diffutils 3.12"
| #define PACKAGE_BUGREPORT "bug-diffutils@gnu.org"
| #define PACKAGE_URL "https://www.gnu.org/software/diffutils/"
| #define PACKAGE "diffutils"
| #define VERSION "3.12"
| #define HAVE_STDIO_H 1
| #define HAVE_STDLIB_H 1
| #define HAVE_STRING_H 1
| #define HAVE_INTTYPES_H 1
| #define HAVE_STDINT_H 1
| #define HAVE_STRINGS_H 1
| #define HAVE_SYS_STAT_H 1
| #define HAVE_SYS_TYPES_H 1
| #define HAVE_UNISTD_H 1
| #define HAVE_WCHAR_H 1
| #define HAVE_STDBOOL_H 1
| #define HAVE_UCHAR_H 1
| #define HAVE_SYS_PARAM_H 1
| #define HAVE_SYS_SOCKET_H 1
| #define HAVE_DIRENT_H 1
| #define HAVE_ERROR_H 1
| #define HAVE_FNMATCH_H 1
| #define HAVE_GETOPT_H 1
| #define HAVE_SYS_TIME_H 1
| #define HAVE_THREADS_H 1
| #define HAVE_LIMITS_H 1
| #define HAVE_WCTYPE_H 1
| #define HAVE_LANGINFO_H 1
| #define HAVE_SYS_MMAN_H 1
| #define HAVE_PTHREAD_H 1
| #define HAVE_MALLOC_H 1
| #define HAVE_STDBIT_H 1
| #define HAVE_SYS_RANDOM_H 1
| #define HAVE_SYS_WAIT_H 1
| #define HAVE_FEATURES_H 1
| #define HAVE_ARPA_INET_H 1
| #define HAVE_NETDB_H 1
| #define HAVE_NETINET_IN_H 1
| #define HAVE_MATH_H 1
| #define HAVE_SYS_SELECT_H 1
| #define HAVE_SEMAPHORE_H 1
| #define HAVE_SYS_IOCTL_H 1
| #define HAVE_SYS_UN_H 1
| #define HAVE_SYS_UIO_H 1
| #define STDC_HEADERS 1
| #define _ALL_SOURCE 1
| #define _COSMO_SOURCE 1
| #define _DARWIN_C_SOURCE 1
| #define _GNU_SOURCE 1
| #define _HPUX_ALT_XOPEN_SOCKET_API 1
| #define _NETBSD_SOURCE 1
| #define _OPENBSD_SOURCE 1
| #define _POSIX_PTHREAD_SEMANTICS 1
| #define __STDC_WANT_IEC_60559_ATTRIBS_EXT__ 1
| #define __STDC_WANT_IEC_60559_BFP_EXT__ 1
| #define __STDC_WANT_IEC_60559_DFP_EXT__ 1
| #define __STDC_WANT_IEC_60559_EXT__ 1
| #define __STDC_WANT_IEC_60559_FUNCS_EXT__ 1
| #define __STDC_WANT_IEC_60559_TYPES_EXT__ 1
| #define __STDC_WANT_LIB_EXT2__ 1
| #define __STDC_WANT_MATH_SPEC_FUNCS__ 1
| #define _TANDEM_SOURCE 1
| #define __EXTENSIONS__ 1
| #define _LINUX_SOURCE_COMPAT 1
| #define __USE_MINGW_ANSI_STDIO 1
| #define HAVE_ALLOCA_H 1
| #define HAVE_ALLOCA 1
| #define HAVE_WINT_T 1
| #define HAVE_BTOWC 1
| #define HAVE_MBRTOWC 1
| #define HAVE_MBSINIT 1
| #define HAVE_FCHDIR 1
| #define HAVE_FCNTL 1
| #define HAVE_SYMLINK 1
| #define HAVE_FDOPENDIR 1
| #define HAVE_FNMATCH 1
| #define HAVE_MBSRTOWCS 1
| #define HAVE_FSTATAT 1
| #define HAVE_GETDTABLESIZE 1
| #define HAVE_GETTIMEOFDAY 1
| #define HAVE_ISBLANK 1
| #define HAVE_ISWCNTRL 1
| #define HAVE_LSTAT 1
| #define HAVE_MPROTECT 1
| #define HAVE_MKSTEMP 1
| #define HAVE_OPENAT 1
| #define HAVE_PCLOSE 1
| #define HAVE_POPEN 1
| #define HAVE_READLINK 1
| #define HAVE_ISWCTYPE 1
| #define HAVE_SETENV 1
| #define HAVE_SIGACTION 1
| #define HAVE_SIGALTSTACK 1
| #define HAVE_SIGINTERRUPT 1
| #define HAVE_SETRLIMIT 1
| #define HAVE_GETRLIMIT 1
| #define HAVE___XPG_STRERROR_R 1
| #define HAVE_STRPTIME 1
| #define HAVE_STRTOIMAX 1
| #define HAVE_LOCALTIME_R 1
| #define HAVE_WCRTOMB 1
| #define HAVE_WCWIDTH 1
| #define HAVE_PIPE 1
| #define HAVE_PSELECT 1
| #define HAVE_PTHREAD_SIGMASK 1
| #define HAVE_SLEEP 1
| #define HAVE_SNPRINTF 1
| #define HAVE_SHUTDOWN 1
| #define HAVE_UNLINKAT 1
| #define HAVE_WCTOB 1
| #define HAVE_SIGPROCMASK 1
| #define HAVE_FORK 1
| #define HAVE_VFORK 1
| #define HAVE_LANGINFO_CODESET 1
| #define BITSIZEOF_WCHAR_T 32
| #define HAVE_MBSTATE_T 1
| #define HAVE_WORKING_MBRTOC32 1
| #define HAVE_WORKING_C32RTOMB 1
| #define HAVE_MALLOC_PTRDIFF 1
| #define HAVE_MALLOC_POSIX 1
| #define restrict __restrict__
| #define HAVE_ENVIRON_DECL 1
| #define HAVE_ERROR 1
| #define HAVE_DECL_STRERROR_R 1
| #define HAVE_STRERROR_R 1
| #define STRERROR_R_CHAR_P 1
| #define HAVE_DECL_FCHDIR 1
| #define HAVE_WORKING_O_NOATIME 1
| #define HAVE_WORKING_O_NOFOLLOW 1
| #define HAVE_MEMPCPY 1
| #define FUNC_FFLUSH_STDIN 0
| #define LSTAT_FOLLOWS_SLASHED_SYMLINK 1
| #define HAVE_DECL_GETDTABLESIZE 1
| #define HAVE_GETOPT_H 1
| #define HAVE_GETOPT_LONG_ONLY 1
| #define HAVE_PTHREAD_API 1
| #define SETLOCALE_NULL_ALL_MTSAFE 1
| #define SETLOCALE_NULL_ONE_MTSAFE 1
| #ifndef __x86_64__
| #define __x86_64__ 1
| #endif
| #ifndef __x86_64__
| #define __x86_64__ 1
| #endif
| #define HAVE_LONG_LONG_INT 1
| #define HAVE_UNSIGNED_LONG_LONG_INT 1
| #define HAVE_TOWLOWER 1
| #define HAVE_LC_MESSAGES 1
| #define HAVE_WEAK_SYMBOLS 1
| #define USE_POSIX_THREADS 1
| #define USE_POSIX_THREADS_FROM_LIBC 1
| #define HAVE_MALLOC_0_NONNULL 1
| #define HAVE_MAP_ANONYMOUS 1
| #define HAVE_DECL_MEMRCHR 1
| #define HAVE_MINMAX_IN_SYS_PARAM_H 1
| #define TIME_T_IS_SIGNED 1
| #define HAVE_DECL_ALARM 1
| #define HAVE_STRUCT_TM_TM_GMTOFF 1
| #define HAVE_STRUCT_TM_TM_ZONE 1
| #define HAVE_TM_GMTOFF 1
| #define PROMOTED_MODE_T mode_t
| #define HAVE_PTHREAD_T 1
| #define HAVE_PTHREAD_SPINLOCK_T 1
| #define HAVE_SIGSET_T 1
| #define HAVE_SCHED_H 1
| #define HAVE_DECL_SETENV 1
| #define HAVE_DECL__PUTENV 0
| #define HAVE_SEARCH_H 1
| #define HAVE_TSEARCH 1
| #define HAVE_DECL_FCLOSEALL 1
| #define HAVE_DECL_GETW 1
| #define HAVE_DECL_PUTW 1
| #define HAVE_DECL_ECVT 1
| #define HAVE_DECL_FCVT 1
| #define HAVE_DECL_GCVT 1
| #define HAVE_DECL_STRDUP 1
| #define HAVE_STRERROR_R 1
| #define HAVE_DECL_STRNLEN 1
| #define HAVE_DECL_STRTOIMAX 1
| #define _USE_STD_STAT 1
| #define HAVE_DECL_EXECVPE 1
| #define HAVE_DECL_CLEARERR_UNLOCKED 1
| #define HAVE_DECL_FEOF_UNLOCKED 1
| #define HAVE_DECL_FERROR_UNLOCKED 1
| #define HAVE_DECL_FFLUSH_UNLOCKED 1
| #define HAVE_DECL_FGETS_UNLOCKED 1
| #define HAVE_DECL_FPUTC_UNLOCKED 1
| #define HAVE_DECL_FPUTS_UNLOCKED 1
| #define HAVE_DECL_FREAD_UNLOCKED 1
| #define HAVE_DECL_FWRITE_UNLOCKED 1
| #define HAVE_DECL_GETC_UNLOCKED 1
| #define HAVE_DECL_GETCHAR_UNLOCKED 1
| #define HAVE_DECL_PUTC_UNLOCKED 1
| #define HAVE_DECL_PUTCHAR_UNLOCKED 1
| #define HAVE_DECL_UNSETENV 1
| #define HAVE_DECL_WCSDUP 1
| #define HAVE_SHUTDOWN 1
| #define HAVE_STRUCT_SOCKADDR_STORAGE 1
| #define HAVE_SA_FAMILY_T 1
| #define HAVE_STRUCT_SOCKADDR_STORAGE_SS_FAMILY 1
| #define HAVE_IPV4 1
| #define HAVE_IPV6 1
| #define DBL_EXPBIT0_WORD 1
| #define DBL_EXPBIT0_BIT 20
| #define FLT_EXPBIT0_WORD 0
| #define FLT_EXPBIT0_BIT 23
| #define LDBL_EXPBIT0_WORD 2
| #define LDBL_EXPBIT0_BIT 0
| #define HAVE_DECL_INITSTATE 1
| #define HAVE_DECL_SETSTATE 1
| #define HAVE_DECL_SNPRINTF 1
| #define HAVE_INTTYPES_H_WITH_UINTMAX 1
| #define HAVE_STDINT_H_WITH_UINTMAX 1
| #define HAVE_INTMAX_T 1
| #define HAVE_WCSLEN 1
| #define HAVE_SNPRINTF 1
| #define HAVE_STRNLEN 1
| #define HAVE_WCRTOMB 1
| #define HAVE_DECL__SNPRINTF 0
| #define HAVE_SNPRINTF_RETVAL_C99 1
| #define HAVE_SNPRINTF_TRUNCATION_C99 1
| #define HAVE_ALLOCA 1
| #define GNULIB_TEST_BTOC32 1
| #define GNULIB_TEST_BTOWC 1
| #define HAVE___BUILTIN_EXPECT 1
| #define GNULIB_TEST_C32_APPLY_TYPE_TEST 1
| #define GNULIB_TEST_C32_GET_TYPE_TEST 1
| #define GNULIB_TEST_C32ISALNUM 1
| #define GNULIB_TEST_C32ISALPHA 1
| #define GNULIB_TEST_C32ISBLANK 1
| #define GNULIB_TEST_C32ISCNTRL 1
| #define GNULIB_TEST_C32ISDIGIT 1
| #define GNULIB_TEST_C32ISGRAPH 1
| #define GNULIB_TEST_C32ISLOWER 1
| #define GNULIB_TEST_C32ISPRINT 1
| #define GNULIB_TEST_C32ISPUNCT 1
| #define GNULIB_TEST_C32ISSPACE 1
| #define GNULIB_TEST_C32ISUPPER 1
| #define GNULIB_TEST_C32ISXDIGIT 1
| #define GNULIB_TEST_C32TOLOWER 1
| #define GNULIB_TEST_C32WIDTH 1
| #define GNULIB_TEST_CALLOC_GNU 1
| #define GNULIB_TEST_CALLOC_POSIX 1
| #define HAVE_READLINKAT 1
| #define GNULIB_TEST_CHDIR 1
| #define HAVE_CLOCK_GETRES 1
| #define HAVE_CLOCK_GETTIME 1
| #define HAVE_CLOCK_SETTIME 1
| #define GNULIB_TEST_CLOEXEC 1
| #define GNULIB_TEST_CLOSE 1
| #define GNULIB_CLOSE 1
| #define HAVE_CLOSEDIR 1
| #define GNULIB_TEST_CLOSEDIR 1
| #define HAVE_STRUCT_DIRENT_D_TYPE 1
| #define HAVE_DIRFD 1
| #define HAVE_DECL_DIRFD 1
| #define GNULIB_TEST_DIRFD 1
| #define GNULIB_DIRNAME 1
| #define GNULIB_TEST_DUP 1
| #define GNULIB_TEST_DUP2 1
| #define GNULIB_TEST_ENVIRON 1
| #define GNULIB_TEST_FCHDIR 1
| #define GNULIB_TEST_FCNTL 1
| #define HAVE_DECL_FDOPENDIR 1
| #define GNULIB_TEST_FDOPENDIR 1
| #define GNULIB_FDOPENDIR 1
| #define HAVE_STRUCT_STAT_ST_BLOCKS 1
| #define HAVE_ST_BLOCKS 1
| #define GNULIB_FILENAMECAT 1
| #define HAVE_MEMPCPY 1
| #define FLEXIBLE_ARRAY_MEMBER /**/
| #define GNULIB_TEST_FNMATCH 1
| #define GNULIB_FNMATCH_GNU 1
| #define GNULIB_TEST_FOPEN 1
| #define GNULIB_FOPEN_GNU 1
| #define GNULIB_TEST_FOPEN_GNU 1
| #define HAVE_FREE_POSIX 1
| #define GNULIB_TEST_FREE_POSIX 1
| #define GNULIB_TEST_FREOPEN 1
| #define GNULIB_TEST_FSTAT 1
| #define GNULIB_FSTAT 1
| #define GNULIB_TEST_FSTATAT 1
| #define GNULIB_FSTATAT 1
| #define GNULIB_TEST_GETCWD 1
| #define GNULIB_TEST_GETDTABLESIZE 1
| #define GNULIB_TEST_GETOPT_POSIX 1
| #define GNULIB_TEST_GETPAGESIZE 1
| #define HAVE_DECL_PROGRAM_INVOCATION_NAME 1
| #define HAVE_DECL_PROGRAM_INVOCATION_NAME 1
| #define HAVE_DECL_PROGRAM_INVOCATION_SHORT_NAME 1
| #define HAVE_DECL___ARGV 0
| #define GNULIB_TEST_GETPROGNAME 1
| #define HAVE_GETRANDOM 1
| #define GNULIB_TEST_GETRANDOM 1
| #define HAVE_TIMESPEC_GET 1
| #define GETTIMEOFDAY_TIMEZONE void
| #define GNULIB_TEST_GETTIMEOFDAY 1
| #define GNULIB_LOCALEDIR "/usr/local/share/locale"
| #define HAVE_INLINE 1
| #define GNULIB_ISBLANK 1
| #define HAVE_ISWBLANK 1
| #define HAVE_DECL_ISWBLANK 1
| #define GNULIB_TEST_ISWBLANK 1
| #define GNULIB_TEST_ISWCTYPE 1
| #define GNULIB_TEST_ISWDIGIT 1
| #define GNULIB_TEST_ISWPUNCT 1
| #define GNULIB_TEST_ISWXDIGIT 1
| #define HAVE___INLINE 1
| #define GNULIB_TEST_LOCALECONV 1
| #define GNULIB_LOCALECONV 1
| #define HAVE_PTHREAD_RWLOCK 1
| #define HAVE_PTHREAD_MUTEX_RECURSIVE 1
| #define GNULIB_LOCK 1
| #define GNULIB_TEST_LSTAT 1
| #define GNULIB_LSTAT 1
| #define GNULIB_TEST_MALLOC_GNU 1
| #define GNULIB_TEST_MALLOC_POSIX 1
| #define MBRTOC32_IN_C_LOCALE_MAYBE_EILSEQ 1
| #define GNULIB_TEST_MBRTOC32 1
| #define MBRTOWC_IN_C_LOCALE_MAYBE_EILSEQ 1
| #define GNULIB_TEST_MBRTOWC 1
| #define GNULIB_TEST_MBSCASECMP 1
| #define GNULIB_TEST_MBSINIT 1
| #define GNULIB_TEST_MBSRTOC32S 1
| #define GNULIB_TEST_MBSRTOWCS 1
| #define GNULIB_TEST_MBSZERO 1
| #define HAVE_MBTOWC 1
| #define GNULIB_TEST_MBTOWC 1
| #define GNULIB_MCEL_PREFER 1
| #define GNULIB_TEST_MEMCHR 1
| #define HAVE_MEMPCPY 1
| #define GNULIB_TEST_MEMPCPY 1
| #define HAVE_MEMRCHR 1
| #define GNULIB_TEST_MEMRCHR 1
| #define GNULIB_TEST_MKDIR 1
| #define GNULIB_TEST_MKSTEMP 1
| #define GNULIB_TEST_MKTIME 1
| #define NEED_MKTIME_INTERNAL 1
| #define GNULIB_MSVC_NOTHROW 1
| #define HAVE_NL_LANGINFO 1
| #define FUNC_NL_LANGINFO_YESEXPR_WORKS 1
| #define NL_LANGINFO_MTSAFE 1
| #define REPLACE_NL_LANGINFO 1
| #define GNULIB_TEST_NL_LANGINFO 1
| #define GNULIB_TEST_OPEN 1
| #define GNULIB_OPENAT 1
| #define GNULIB_TEST_OPENAT 1
| #define HAVE_OPENDIR 1
| #define GNULIB_TEST_OPENDIR 1
| #define GNULIB_TEST_PCLOSE 1
| #define GNULIB_TEST_POPEN 1
| #define HAVE_DECL_PROGRAM_INVOCATION_NAME 1
| #define HAVE_DECL_PROGRAM_INVOCATION_SHORT_NAME 1
| #define GNULIB_TEST_PTHREAD_ONCE 1
| #define HAVE_RAISE 1
| #define GNULIB_TEST_RAISE 1
| #define HAVE_RAWMEMCHR 1
| #define GNULIB_TEST_RAWMEMCHR 1
| #define HAVE_READDIR 1
| #define GNULIB_TEST_READDIR 1
| #define GNULIB_TEST_READLINK 1
| #define HAVE_READLINKAT 1
| #define GNULIB_TEST_READLINKAT 1
| #define GNULIB_TEST_REALLOC_POSIX 1
| #define HAVE_REALLOCARRAY 1
| #define GNULIB_REALLOCARRAY 1
| #define GNULIB_TEST_REALLOCARRAY 1
| #define GNULIB_TEST_SETENV 1
| #define GNULIB_TEST_SETLOCALE_NULL 1
| #define HAVE_STRUCT_SIGACTION_SA_SIGACTION 1
| #define GNULIB_TEST_SIGACTION 1
| #define GNULIB_TEST_SIGPROCMASK 1
| #define STACK_DIRECTION -1
| #define HAVE_WORKING_SIGALTSTACK 1
| #define GNULIB_TEST_STAT 1
| #define GNULIB_STAT 1
| #define HAVE_STRUCT_STAT_ST_ATIM_TV_NSEC 1
| #define TYPEOF_STRUCT_STAT_ST_ATIM_IS_STRUCT_TIMESPEC 1
| #define GNULIB_TEST_FSCANF 1
| #define GNULIB_FSCANF 1
| #define GNULIB_TEST_SCANF 1
| #define GNULIB_SCANF 1
| #define GNULIB_TEST_FGETC 1
| #define GNULIB_TEST_GETC 1
| #define GNULIB_TEST_GETCHAR 1
| #define GNULIB_TEST_FGETS 1
| #define GNULIB_TEST_FREAD 1
| #define GNULIB_TEST_FPRINTF 1
| #define GNULIB_TEST_PRINTF 1
| #define GNULIB_TEST_VFPRINTF 1
| #define GNULIB_TEST_VPRINTF 1
| #define GNULIB_TEST_FPUTC 1
| #define GNULIB_TEST_PUTC 1
| #define GNULIB_TEST_PUTCHAR 1
| #define GNULIB_TEST_FPUTS 1
| #define GNULIB_TEST_PUTS 1
| #define GNULIB_TEST_FWRITE 1
| #define HAVE_STPCPY 1
| #define GNULIB_TEST_STPCPY 1
| #define HAVE_STRCASECMP 1
| #define GNULIB_TEST_STRDUP 1
| #define GNULIB_STRERROR 1
| #define GNULIB_TEST_STRERROR 1
| #define HAVE_STRNCASECMP 1
| #define HAVE_DECL_STRNCASECMP 1
| #define GNULIB_TEST_STRNLEN 1
| #define GNULIB_TEST_STRPTIME 1
| #define HAVE_STRTOLL 1
| #define GNULIB_TEST_STRTOLL 1
| #define GNULIB_TEMPNAME 1
| #define HAVE_DECL_LOCALTIME_R 1
| #define GNULIB_TEST_TIME_R 1
| #define GNULIB_TEST_TIME_RZ 1
| #define HAVE_TIMEGM 1
| #define GNULIB_TEST_TIMEGM 1
| #define GNULIB_TEST_TIMESPEC_GET 1
| #define GNULIB_TEST_TZSET 1
| #define GNULIB_STDIO_SINGLE_THREAD 1
| #define USE_UNLOCKED_IO GNULIB_STDIO_SINGLE_THREAD
| #define HAVE_UNSETENV 1
| #define GNULIB_TEST_UNSETENV 1
| #define HAVE_C_VARARRAYS 1
| #define GNULIB_TEST_WCRTOMB 1
| #define GNULIB_TEST_WCTYPE 1
| #define HAVE_DECL_WCWIDTH 1
| #define GNULIB_TEST_WCWIDTH 1
| #define GNULIB_TEST_WMEMCHR 1
| #define HAVE_WMEMPCPY 1
| #define GNULIB_TEST_WMEMPCPY 1
| #define GNULIB_XALLOC 1
| #define GNULIB_XALLOC_DIE 1
| #define GNULIB_XSTDOPEN 1
| #define GNULIB_TEST_ACCEPT 1
| #define GNULIB_ACCEPT IN_DIFFUTILS_GNULIB_TESTS
| #define HAVE_ATOLL 1
| #define GNULIB_TEST_ATOLL 1
| #define GNULIB_TEST_BIND 1
| #define GNULIB_BIND IN_DIFFUTILS_GNULIB_TESTS
| #define GNULIB_TEST_C32RTOMB 1
| #define GNULIB_TEST_C32TOB 1
| #define GNULIB_TEST_CONNECT 1
| #define GNULIB_CONNECT IN_DIFFUTILS_GNULIB_TESTS
| #define GNULIB_TEST_FDOPEN 1
| #define HAVE_FTRUNCATE 1
| #define GNULIB_TEST_FTRUNCATE 1
| #define HAVE_DUPLOCALE 1
| #define HAVE_DECL_INET_PTON 1
| #define HAVE_IOCTL 1
| #define GNULIB_TEST_IOCTL 1
| #define GNULIB_IOCTL IN_DIFFUTILS_GNULIB_TESTS
| #define HAVE_ISNAND_IN_LIBC 1
| #define HAVE_ISNANF_IN_LIBC 1
| #define HAVE_ISNANL_IN_LIBC 1
| #define GNULIB_TEST_LISTEN 1
| #define GNULIB_LISTEN IN_DIFFUTILS_GNULIB_TESTS
| #define HAVE_NEWLOCALE 1
| #define HAVE_BUG_BIG_NANOSLEEP 1
| #define GNULIB_TEST_NANOSLEEP 1
| #define HAVE_USELOCALE 1
| #define HAVE_WORKING_USELOCALE 1
| #define GNULIB_TEST_PERROR 1
| #define GNULIB_TEST_PIPE 1
| /* end confdefs.h.  */
| /* Define getppriv to an innocuous variant, in case <limits.h> declares getppriv.
|    For example, HP-UX 11i <limits.h> declares gettimeofday.  */
| #define getppriv innocuous_getppriv
| 
| /* System header to define __stub macros and hopefully few prototypes,
|    which can conflict with char getppriv (void); below.  */
| 
| #include <limits.h>
| #undef getppriv
| 
| /* Override any GCC internal prototype to avoid an error.
|    Use char because int might match the return type of a GCC
|    builtin and then its argument prototype would still apply.  */
| #ifdef __cplusplus
| extern "C"
| #endif
| char getppriv (void);
| /* The GNU C library defines this for functions which it implements
|     to always fail with ENOSYS.  Some functions are actually named
|     something starting with __ and the normal name is an alias.  */
| #if defined __stub_getppriv || defined __stub___getppriv
| choke me
| #endif
| 
| int
| main (void)
| {
| return getppriv ();
|   ;
|   return 0;
| }
configure:52912: result: no
configure:52927: checking whether signature of pselect conforms to POSIX
configure:52948: gcc -o conftest -g -O2   conftest.c  >&5
configure:52948: $? = 0
configure:52959: result: yes
configure:52962: checking whether pselect detects invalid fds
configure:53016: gcc -o conftest -g -O2   conftest.c  >&5
configure:53016: $? = 0
configure:53016: ./conftest
configure:53016: $? = 0
configure:53031: result: yes
configure:53182: checking for pthread_mutexattr_getrobust
configure:53203: gcc -o conftest -g -O2   conftest.c   >&5
configure:53203: $? = 0
configure:53216: result: yes
configure:53302: checking for pthread_rwlock_init
configure:53341: gcc -o conftest -g -O2   conftest.c   >&5
configure:53341: $? = 0
configure:53356: result: yes
configure:53374: checking whether pthread_rwlock_timedrdlock is declared
configure:53374: gcc -c -g -O2   conftest.c >&5
configure:53374: $? = 0
configure:53374: result: yes
configure:53388: checking for reasonable pthread_rwlock wait queue handling
configure:53724: gcc -o conftest -g -O2   conftest.c   >&5
configure:53724: $? = 0
configure:53724: ./conftest
configure:53724: $? = 1
configure: program exited with status 1
configure: failed program was:
| /* confdefs.h */
| #define PACKAGE_NAME "GNU diffutils"
| #define PACKAGE_TARNAME "diffutils"
| #define PACKAGE_VERSION "3.12"
| #define PACKAGE_STRING "GNU diffutils 3.12"
| #define PACKAGE_BUGREPORT "bug-diffutils@gnu.org"
| #define PACKAGE_URL "https://www.gnu.org/software/diffutils/"
| #define PACKAGE "diffutils"
| #define VERSION "3.12"
| #define HAVE_STDIO_H 1
| #define HAVE_STDLIB_H 1
| #define HAVE_STRING_H 1
| #define HAVE_INTTYPES_H 1
| #define HAVE_STDINT_H 1
| #define HAVE_STRINGS_H 1
| #define HAVE_SYS_STAT_H 1
| #define HAVE_SYS_TYPES_H 1
| #define HAVE_UNISTD_H 1
| #define HAVE_WCHAR_H 1
| #define HAVE_STDBOOL_H 1
| #define HAVE_UCHAR_H 1
| #define HAVE_SYS_PARAM_H 1
| #define HAVE_SYS_SOCKET_H 1
| #define HAVE_DIRENT_H 1
| #define HAVE_ERROR_H 1
| #define HAVE_FNMATCH_H 1
| #define HAVE_GETOPT_H 1
| #define HAVE_SYS_TIME_H 1
| #define HAVE_THREADS_H 1
| #define HAVE_LIMITS_H 1
| #define HAVE_WCTYPE_H 1
| #define HAVE_LANGINFO_H 1
| #define HAVE_SYS_MMAN_H 1
| #define HAVE_PTHREAD_H 1
| #define HAVE_MALLOC_H 1
| #define HAVE_STDBIT_H 1
| #define HAVE_SYS_RANDOM_H 1
| #define HAVE_SYS_WAIT_H 1
| #define HAVE_FEATURES_H 1
| #define HAVE_ARPA_INET_H 1
| #define HAVE_NETDB_H 1
| #define HAVE_NETINET_IN_H 1
| #define HAVE_MATH_H 1
| #define HAVE_SYS_SELECT_H 1
| #define HAVE_SEMAPHORE_H 1
| #define HAVE_SYS_IOCTL_H 1
| #define HAVE_SYS_UN_H 1
| #define HAVE_SYS_UIO_H 1
| #define STDC_HEADERS 1
| #define _ALL_SOURCE 1
| #define _COSMO_SOURCE 1
| #define _DARWIN_C_SOURCE 1
| #define _GNU_SOURCE 1
| #define _HPUX_ALT_XOPEN_SOCKET_API 1
| #define _NETBSD_SOURCE 1
| #define _OPENBSD_SOURCE 1
| #define _POSIX_PTHREAD_SEMANTICS 1
| #define __STDC_WANT_IEC_60559_ATTRIBS_EXT__ 1
| #define __STDC_WANT_IEC_60559_BFP_EXT__ 1
| #define __STDC_WANT_IEC_60559_DFP_EXT__ 1
| #define __STDC_WANT_IEC_60559_EXT__ 1
| #define __STDC_WANT_IEC_60559_FUNCS_EXT__ 1
| #define __STDC_WANT_IEC_60559_TYPES_EXT__ 1
| #define __STDC_WANT_LIB_EXT2__ 1
| #define __STDC_WANT_MATH_SPEC_FUNCS__ 1
| #define _TANDEM_SOURCE 1
| #define __EXTENSIONS__ 1
| #define _LINUX_SOURCE_COMPAT 1
| #define __USE_MINGW_ANSI_STDIO 1
| #define HAVE_ALLOCA_H 1
| #define HAVE_ALLOCA 1
| #define HAVE_WINT_T 1
| #define HAVE_BTOWC 1
| #define HAVE_MBRTOWC 1
| #define HAVE_MBSINIT 1
| #define HAVE_FCHDIR 1
| #define HAVE_FCNTL 1
| #define HAVE_SYMLINK 1
| #define HAVE_FDOPENDIR 1
| #define HAVE_FNMATCH 1
| #define HAVE_MBSRTOWCS 1
| #define HAVE_FSTATAT 1
| #define HAVE_GETDTABLESIZE 1
| #define HAVE_GETTIMEOFDAY 1
| #define HAVE_ISBLANK 1
| #define HAVE_ISWCNTRL 1
| #define HAVE_LSTAT 1
| #define HAVE_MPROTECT 1
| #define HAVE_MKSTEMP 1
| #define HAVE_OPENAT 1
| #define HAVE_PCLOSE 1
| #define HAVE_POPEN 1
| #define HAVE_READLINK 1
| #define HAVE_ISWCTYPE 1
| #define HAVE_SETENV 1
| #define HAVE_SIGACTION 1
| #define HAVE_SIGALTSTACK 1
| #define HAVE_SIGINTERRUPT 1
| #define HAVE_SETRLIMIT 1
| #define HAVE_GETRLIMIT 1
| #define HAVE___XPG_STRERROR_R 1
| #define HAVE_STRPTIME 1
| #define HAVE_STRTOIMAX 1
| #define HAVE_LOCALTIME_R 1
| #define HAVE_WCRTOMB 1
| #define HAVE_WCWIDTH 1
| #define HAVE_PIPE 1
| #define HAVE_PSELECT 1
| #define HAVE_PTHREAD_SIGMASK 1
| #define HAVE_SLEEP 1
| #define HAVE_SNPRINTF 1
| #define HAVE_SHUTDOWN 1
| #define HAVE_UNLINKAT 1
| #define HAVE_WCTOB 1
| #define HAVE_SIGPROCMASK 1
| #define HAVE_FORK 1
| #define HAVE_VFORK 1
| #define HAVE_LANGINFO_CODESET 1
| #define BITSIZEOF_WCHAR_T 32
| #define HAVE_MBSTATE_T 1
| #define HAVE_WORKING_MBRTOC32 1
| #define HAVE_WORKING_C32RTOMB 1
| #define HAVE_MALLOC_PTRDIFF 1
| #define HAVE_MALLOC_POSIX 1
| #define restrict __restrict__
| #define HAVE_ENVIRON_DECL 1
| #define HAVE_ERROR 1
| #define HAVE_DECL_STRERROR_R 1
| #define HAVE_STRERROR_R 1
| #define STRERROR_R_CHAR_P 1
| #define HAVE_DECL_FCHDIR 1
| #define HAVE_WORKING_O_NOATIME 1
| #define HAVE_WORKING_O_NOFOLLOW 1
| #define HAVE_MEMPCPY 1
| #define FUNC_FFLUSH_STDIN 0
| #define LSTAT_FOLLOWS_SLASHED_SYMLINK 1
| #define HAVE_DECL_GETDTABLESIZE 1
| #define HAVE_GETOPT_H 1
| #define HAVE_GETOPT_LONG_ONLY 1
| #define HAVE_PTHREAD_API 1
| #define SETLOCALE_NULL_ALL_MTSAFE 1
| #define SETLOCALE_NULL_ONE_MTSAFE 1
| #ifndef __x86_64__
| #define __x86_64__ 1
| #endif
| #ifndef __x86_64__
| #define __x86_64__ 1
| #endif
| #define HAVE_LONG_LONG_INT 1
| #define HAVE_UNSIGNED_LONG_LONG_INT 1
| #define HAVE_TOWLOWER 1
| #define HAVE_LC_MESSAGES 1
| #define HAVE_WEAK_SYMBOLS 1
| #define USE_POSIX_THREADS 1
| #define USE_POSIX_THREADS_FROM_LIBC 1
| #define HAVE_MALLOC_0_NONNULL 1
| #define HAVE_MAP_ANONYMOUS 1
| #define HAVE_DECL_MEMRCHR 1
| #define HAVE_MINMAX_IN_SYS_PARAM_H 1
| #define TIME_T_IS_SIGNED 1
| #define HAVE_DECL_ALARM 1
| #define HAVE_STRUCT_TM_TM_GMTOFF 1
| #define HAVE_STRUCT_TM_TM_ZONE 1
| #define HAVE_TM_GMTOFF 1
| #define PROMOTED_MODE_T mode_t
| #define HAVE_PTHREAD_T 1
| #define HAVE_PTHREAD_SPINLOCK_T 1
| #define HAVE_SIGSET_T 1
| #define HAVE_SCHED_H 1
| #define HAVE_DECL_SETENV 1
| #define HAVE_DECL__PUTENV 0
| #define HAVE_SEARCH_H 1
| #define HAVE_TSEARCH 1
| #define HAVE_DECL_FCLOSEALL 1
| #define HAVE_DECL_GETW 1
| #define HAVE_DECL_PUTW 1
| #define HAVE_DECL_ECVT 1
| #define HAVE_DECL_FCVT 1
| #define HAVE_DECL_GCVT 1
| #define HAVE_DECL_STRDUP 1
| #define HAVE_STRERROR_R 1
| #define HAVE_DECL_STRNLEN 1
| #define HAVE_DECL_STRTOIMAX 1
| #define _USE_STD_STAT 1
| #define HAVE_DECL_EXECVPE 1
| #define HAVE_DECL_CLEARERR_UNLOCKED 1
| #define HAVE_DECL_FEOF_UNLOCKED 1
| #define HAVE_DECL_FERROR_UNLOCKED 1
| #define HAVE_DECL_FFLUSH_UNLOCKED 1
| #define HAVE_DECL_FGETS_UNLOCKED 1
| #define HAVE_DECL_FPUTC_UNLOCKED 1
| #define HAVE_DECL_FPUTS_UNLOCKED 1
| #define HAVE_DECL_FREAD_UNLOCKED 1
| #define HAVE_DECL_FWRITE_UNLOCKED 1
| #define HAVE_DECL_GETC_UNLOCKED 1
| #define HAVE_DECL_GETCHAR_UNLOCKED 1
| #define HAVE_DECL_PUTC_UNLOCKED 1
| #define HAVE_DECL_PUTCHAR_UNLOCKED 1
| #define HAVE_DECL_UNSETENV 1
| #define HAVE_DECL_WCSDUP 1
| #define HAVE_SHUTDOWN 1
| #define HAVE_STRUCT_SOCKADDR_STORAGE 1
| #define HAVE_SA_FAMILY_T 1
| #define HAVE_STRUCT_SOCKADDR_STORAGE_SS_FAMILY 1
| #define HAVE_IPV4 1
| #define HAVE_IPV6 1
| #define DBL_EXPBIT0_WORD 1
| #define DBL_EXPBIT0_BIT 20
| #define FLT_EXPBIT0_WORD 0
| #define FLT_EXPBIT0_BIT 23
| #define LDBL_EXPBIT0_WORD 2
| #define LDBL_EXPBIT0_BIT 0
| #define HAVE_DECL_INITSTATE 1
| #define HAVE_DECL_SETSTATE 1
| #define HAVE_DECL_SNPRINTF 1
| #define HAVE_INTTYPES_H_WITH_UINTMAX 1
| #define HAVE_STDINT_H_WITH_UINTMAX 1
| #define HAVE_INTMAX_T 1
| #define HAVE_WCSLEN 1
| #define HAVE_SNPRINTF 1
| #define HAVE_STRNLEN 1
| #define HAVE_WCRTOMB 1
| #define HAVE_DECL__SNPRINTF 0
| #define HAVE_SNPRINTF_RETVAL_C99 1
| #define HAVE_SNPRINTF_TRUNCATION_C99 1
| #define HAVE_ALLOCA 1
| #define GNULIB_TEST_BTOC32 1
| #define GNULIB_TEST_BTOWC 1
| #define HAVE___BUILTIN_EXPECT 1
| #define GNULIB_TEST_C32_APPLY_TYPE_TEST 1
| #define GNULIB_TEST_C32_GET_TYPE_TEST 1
| #define GNULIB_TEST_C32ISALNUM 1
| #define GNULIB_TEST_C32ISALPHA 1
| #define GNULIB_TEST_C32ISBLANK 1
| #define GNULIB_TEST_C32ISCNTRL 1
| #define GNULIB_TEST_C32ISDIGIT 1
| #define GNULIB_TEST_C32ISGRAPH 1
| #define GNULIB_TEST_C32ISLOWER 1
| #define GNULIB_TEST_C32ISPRINT 1
| #define GNULIB_TEST_C32ISPUNCT 1
| #define GNULIB_TEST_C32ISSPACE 1
| #define GNULIB_TEST_C32ISUPPER 1
| #define GNULIB_TEST_C32ISXDIGIT 1
| #define GNULIB_TEST_C32TOLOWER 1
| #define GNULIB_TEST_C32WIDTH 1
| #define GNULIB_TEST_CALLOC_GNU 1
| #define GNULIB_TEST_CALLOC_POSIX 1
| #define HAVE_READLINKAT 1
| #define GNULIB_TEST_CHDIR 1
| #define HAVE_CLOCK_GETRES 1
| #define HAVE_CLOCK_GETTIME 1
| #define HAVE_CLOCK_SETTIME 1
| #define GNULIB_TEST_CLOEXEC 1
| #define GNULIB_TEST_CLOSE 1
| #define GNULIB_CLOSE 1
| #define HAVE_CLOSEDIR 1
| #define GNULIB_TEST_CLOSEDIR 1
| #define HAVE_STRUCT_DIRENT_D_TYPE 1
| #define HAVE_DIRFD 1
| #define HAVE_DECL_DIRFD 1
| #define GNULIB_TEST_DIRFD 1
| #define GNULIB_DIRNAME 1
| #define GNULIB_TEST_DUP 1
| #define GNULIB_TEST_DUP2 1
| #define GNULIB_TEST_ENVIRON 1
| #define GNULIB_TEST_FCHDIR 1
| #define GNULIB_TEST_FCNTL 1
| #define HAVE_DECL_FDOPENDIR 1
| #define GNULIB_TEST_FDOPENDIR 1
| #define GNULIB_FDOPENDIR 1
| #define HAVE_STRUCT_STAT_ST_BLOCKS 1
| #define HAVE_ST_BLOCKS 1
| #define GNULIB_FILENAMECAT 1
| #define HAVE_MEMPCPY 1
| #define FLEXIBLE_ARRAY_MEMBER /**/
| #define GNULIB_TEST_FNMATCH 1
| #define GNULIB_FNMATCH_GNU 1
| #define GNULIB_TEST_FOPEN 1
| #define GNULIB_FOPEN_GNU 1
| #define GNULIB_TEST_FOPEN_GNU 1
| #define HAVE_FREE_POSIX 1
| #define GNULIB_TEST_FREE_POSIX 1
| #define GNULIB_TEST_FREOPEN 1
| #define GNULIB_TEST_FSTAT 1
| #define GNULIB_FSTAT 1
| #define GNULIB_TEST_FSTATAT 1
| #define GNULIB_FSTATAT 1
| #define GNULIB_TEST_GETCWD 1
| #define GNULIB_TEST_GETDTABLESIZE 1
| #define GNULIB_TEST_GETOPT_POSIX 1
| #define GNULIB_TEST_GETPAGESIZE 1
| #define HAVE_DECL_PROGRAM_INVOCATION_NAME 1
| #define HAVE_DECL_PROGRAM_INVOCATION_NAME 1
| #define HAVE_DECL_PROGRAM_INVOCATION_SHORT_NAME 1
| #define HAVE_DECL___ARGV 0
| #define GNULIB_TEST_GETPROGNAME 1
| #define HAVE_GETRANDOM 1
| #define GNULIB_TEST_GETRANDOM 1
| #define HAVE_TIMESPEC_GET 1
| #define GETTIMEOFDAY_TIMEZONE void
| #define GNULIB_TEST_GETTIMEOFDAY 1
| #define GNULIB_LOCALEDIR "/usr/local/share/locale"
| #define HAVE_INLINE 1
| #define GNULIB_ISBLANK 1
| #define HAVE_ISWBLANK 1
| #define HAVE_DECL_ISWBLANK 1
| #define GNULIB_TEST_ISWBLANK 1
| #define GNULIB_TEST_ISWCTYPE 1
| #define GNULIB_TEST_ISWDIGIT 1
| #define GNULIB_TEST_ISWPUNCT 1
| #define GNULIB_TEST_ISWXDIGIT 1
| #define HAVE___INLINE 1
| #define GNULIB_TEST_LOCALECONV 1
| #define GNULIB_LOCALECONV 1
| #define HAVE_PTHREAD_RWLOCK 1
| #define HAVE_PTHREAD_MUTEX_RECURSIVE 1
| #define GNULIB_LOCK 1
| #define GNULIB_TEST_LSTAT 1
| #define GNULIB_LSTAT 1
| #define GNULIB_TEST_MALLOC_GNU 1
| #define GNULIB_TEST_MALLOC_POSIX 1
| #define MBRTOC32_IN_C_LOCALE_MAYBE_EILSEQ 1
| #define GNULIB_TEST_MBRTOC32 1
| #define MBRTOWC_IN_C_LOCALE_MAYBE_EILSEQ 1
| #define GNULIB_TEST_MBRTOWC 1
| #define GNULIB_TEST_MBSCASECMP 1
| #define GNULIB_TEST_MBSINIT 1
| #define GNULIB_TEST_MBSRTOC32S 1
| #define GNULIB_TEST_MBSRTOWCS 1
| #define GNULIB_TEST_MBSZERO 1
| #define HAVE_MBTOWC 1
| #define GNULIB_TEST_MBTOWC 1
| #define GNULIB_MCEL_PREFER 1
| #define GNULIB_TEST_MEMCHR 1
| #define HAVE_MEMPCPY 1
| #define GNULIB_TEST_MEMPCPY 1
| #define HAVE_MEMRCHR 1
| #define GNULIB_TEST_MEMRCHR 1
| #define GNULIB_TEST_MKDIR 1
| #define GNULIB_TEST_MKSTEMP 1
| #define GNULIB_TEST_MKTIME 1
| #define NEED_MKTIME_INTERNAL 1
| #define GNULIB_MSVC_NOTHROW 1
| #define HAVE_NL_LANGINFO 1
| #define FUNC_NL_LANGINFO_YESEXPR_WORKS 1
| #define NL_LANGINFO_MTSAFE 1
| #define REPLACE_NL_LANGINFO 1
| #define GNULIB_TEST_NL_LANGINFO 1
| #define GNULIB_TEST_OPEN 1
| #define GNULIB_OPENAT 1
| #define GNULIB_TEST_OPENAT 1
| #define HAVE_OPENDIR 1
| #define GNULIB_TEST_OPENDIR 1
| #define GNULIB_TEST_PCLOSE 1
| #define GNULIB_TEST_POPEN 1
| #define HAVE_DECL_PROGRAM_INVOCATION_NAME 1
| #define HAVE_DECL_PROGRAM_INVOCATION_SHORT_NAME 1
| #define GNULIB_TEST_PTHREAD_ONCE 1
| #define HAVE_RAISE 1
| #define GNULIB_TEST_RAISE 1
| #define HAVE_RAWMEMCHR 1
| #define GNULIB_TEST_RAWMEMCHR 1
| #define HAVE_READDIR 1
| #define GNULIB_TEST_READDIR 1
| #define GNULIB_TEST_READLINK 1
| #define HAVE_READLINKAT 1
| #define GNULIB_TEST_READLINKAT 1
| #define GNULIB_TEST_REALLOC_POSIX 1
| #define HAVE_REALLOCARRAY 1
| #define GNULIB_REALLOCARRAY 1
| #define GNULIB_TEST_REALLOCARRAY 1
| #define GNULIB_TEST_SETENV 1
| #define GNULIB_TEST_SETLOCALE_NULL 1
| #define HAVE_STRUCT_SIGACTION_SA_SIGACTION 1
| #define GNULIB_TEST_SIGACTION 1
| #define GNULIB_TEST_SIGPROCMASK 1
| #define STACK_DIRECTION -1
| #define HAVE_WORKING_SIGALTSTACK 1
| #define GNULIB_TEST_STAT 1
| #define GNULIB_STAT 1
| #define HAVE_STRUCT_STAT_ST_ATIM_TV_NSEC 1
| #define TYPEOF_STRUCT_STAT_ST_ATIM_IS_STRUCT_TIMESPEC 1
| #define GNULIB_TEST_FSCANF 1
| #define GNULIB_FSCANF 1
| #define GNULIB_TEST_SCANF 1
| #define GNULIB_SCANF 1
| #define GNULIB_TEST_FGETC 1
| #define GNULIB_TEST_GETC 1
| #define GNULIB_TEST_GETCHAR 1
| #define GNULIB_TEST_FGETS 1
| #define GNULIB_TEST_FREAD 1
| #define GNULIB_TEST_FPRINTF 1
| #define GNULIB_TEST_PRINTF 1
| #define GNULIB_TEST_VFPRINTF 1
| #define GNULIB_TEST_VPRINTF 1
| #define GNULIB_TEST_FPUTC 1
| #define GNULIB_TEST_PUTC 1
| #define GNULIB_TEST_PUTCHAR 1
| #define GNULIB_TEST_FPUTS 1
| #define GNULIB_TEST_PUTS 1
| #define GNULIB_TEST_FWRITE 1
| #define HAVE_STPCPY 1
| #define GNULIB_TEST_STPCPY 1
| #define HAVE_STRCASECMP 1
| #define GNULIB_TEST_STRDUP 1
| #define GNULIB_STRERROR 1
| #define GNULIB_TEST_STRERROR 1
| #define HAVE_STRNCASECMP 1
| #define HAVE_DECL_STRNCASECMP 1
| #define GNULIB_TEST_STRNLEN 1
| #define GNULIB_TEST_STRPTIME 1
| #define HAVE_STRTOLL 1
| #define GNULIB_TEST_STRTOLL 1
| #define GNULIB_TEMPNAME 1
| #define HAVE_DECL_LOCALTIME_R 1
| #define GNULIB_TEST_TIME_R 1
| #define GNULIB_TEST_TIME_RZ 1
| #define HAVE_TIMEGM 1
| #define GNULIB_TEST_TIMEGM 1
| #define GNULIB_TEST_TIMESPEC_GET 1
| #define GNULIB_TEST_TZSET 1
| #define GNULIB_STDIO_SINGLE_THREAD 1
| #define USE_UNLOCKED_IO GNULIB_STDIO_SINGLE_THREAD
| #define HAVE_UNSETENV 1
| #define GNULIB_TEST_UNSETENV 1
| #define HAVE_C_VARARRAYS 1
| #define GNULIB_TEST_WCRTOMB 1
| #define GNULIB_TEST_WCTYPE 1
| #define HAVE_DECL_WCWIDTH 1
| #define GNULIB_TEST_WCWIDTH 1
| #define GNULIB_TEST_WMEMCHR 1
| #define HAVE_WMEMPCPY 1
| #define GNULIB_TEST_WMEMPCPY 1
| #define GNULIB_XALLOC 1
| #define GNULIB_XALLOC_DIE 1
| #define GNULIB_XSTDOPEN 1
| #define GNULIB_TEST_ACCEPT 1
| #define GNULIB_ACCEPT IN_DIFFUTILS_GNULIB_TESTS
| #define HAVE_ATOLL 1
| #define GNULIB_TEST_ATOLL 1
| #define GNULIB_TEST_BIND 1
| #define GNULIB_BIND IN_DIFFUTILS_GNULIB_TESTS
| #define GNULIB_TEST_C32RTOMB 1
| #define GNULIB_TEST_C32TOB 1
| #define GNULIB_TEST_CONNECT 1
| #define GNULIB_CONNECT IN_DIFFUTILS_GNULIB_TESTS
| #define GNULIB_TEST_FDOPEN 1
| #define HAVE_FTRUNCATE 1
| #define GNULIB_TEST_FTRUNCATE 1
| #define HAVE_DUPLOCALE 1
| #define HAVE_DECL_INET_PTON 1
| #define HAVE_IOCTL 1
| #define GNULIB_TEST_IOCTL 1
| #define GNULIB_IOCTL IN_DIFFUTILS_GNULIB_TESTS
| #define HAVE_ISNAND_IN_LIBC 1
| #define HAVE_ISNANF_IN_LIBC 1
| #define HAVE_ISNANL_IN_LIBC 1
| #define GNULIB_TEST_LISTEN 1
| #define GNULIB_LISTEN IN_DIFFUTILS_GNULIB_TESTS
| #define HAVE_NEWLOCALE 1
| #define HAVE_BUG_BIG_NANOSLEEP 1
| #define GNULIB_TEST_NANOSLEEP 1
| #define HAVE_USELOCALE 1
| #define HAVE_WORKING_USELOCALE 1
| #define GNULIB_TEST_PERROR 1
| #define GNULIB_TEST_PIPE 1
| #define GNULIB_TEST_PSELECT 1
| #define GNULIB_TEST_PTHREAD_COND 1
| #define GNULIB_TEST_PTHREAD_MUTEX 1
| /* end confdefs.h.  */
| 
| /* This test is a simplified variant of tests/test-pthread-rwlock-waitqueue.c.  */
| #include <pthread.h>
| #include <stdbool.h>
| #include <stdio.h>
| #include <stdlib.h>
| #include <string.h>
| #include <time.h>
| 
| #if defined __hppa
| # define STEP_INTERVAL 20000000 /* nanoseconds */
| #else
| # define STEP_INTERVAL 10000000 /* nanoseconds */
| #endif
| 
| static pthread_rwlock_t lock;
| 
| static pthread_rwlock_t sprintf_lock;
| 
| struct locals
| {
|   const char *name;
|   unsigned int wait_before;
|   unsigned int wait_after;
|   char *result;
| };
| 
| static void *
| reader_func (void *arg)
| {
|   struct locals *l = arg;
|   int err;
| 
|   if (l->wait_before > 0)
|     {
|       struct timespec duration;
|       duration.tv_sec  = l->wait_before / 1000000000;
|       duration.tv_nsec = l->wait_before % 1000000000;
|       nanosleep (&duration, NULL);
|     }
|   err = pthread_rwlock_rdlock (&lock);
|   if (err)
|     {
|       fprintf (stderr, "pthread_rwlock_rdlock failed, error = %d\n", err);
|       abort ();
|     }
|   if (pthread_rwlock_wrlock (&sprintf_lock))
|     {
|       fprintf (stderr, "pthread_rwlock_wrlock on sprintf_lock failed\n");
|       abort ();
|     }
|   sprintf (l->result + strlen (l->result), " %s", l->name);
|   if (pthread_rwlock_unlock (&sprintf_lock))
|     {
|       fprintf (stderr, "pthread_rwlock_unlock on sprintf_lock failed\n");
|       abort ();
|     }
|   if (l->wait_after > 0)
|     {
|       struct timespec duration;
|       duration.tv_sec  = l->wait_after / 1000000000;
|       duration.tv_nsec = l->wait_after % 1000000000;
|       nanosleep (&duration, NULL);
|     }
|   err = pthread_rwlock_unlock (&lock);
|   if (err)
|     {
|       fprintf (stderr, "pthread_rwlock_unlock failed, error = %d\n", err);
|       abort ();
|     }
| 
|   return NULL;
| }
| 
| static void *
| writer_func (void *arg)
| {
|   struct locals *l = arg;
|   int err;
| 
|   if (l->wait_before > 0)
|     {
|       struct timespec duration;
|       duration.tv_sec  = l->wait_before / 1000000000;
|       duration.tv_nsec = l->wait_before % 1000000000;
|       nanosleep (&duration, NULL);
|     }
|   err = pthread_rwlock_wrlock (&lock);
|   if (err)
|     {
|       fprintf (stderr, "pthread_rwlock_rdlock failed, error = %d\n", err);
|       abort ();
|     }
|   if (pthread_rwlock_wrlock (&sprintf_lock))
|     {
|       fprintf (stderr, "pthread_rwlock_wrlock on sprintf_lock failed\n");
|       abort ();
|     }
|   sprintf (l->result + strlen (l->result), " %s", l->name);
|   if (pthread_rwlock_unlock (&sprintf_lock))
|     {
|       fprintf (stderr, "pthread_rwlock_unlock on sprintf_lock failed\n");
|       abort ();
|     }
|   if (l->wait_after > 0)
|     {
|       struct timespec duration;
|       duration.tv_sec  = l->wait_after / 1000000000;
|       duration.tv_nsec = l->wait_after % 1000000000;
|       nanosleep (&duration, NULL);
|     }
|   err = pthread_rwlock_unlock (&lock);
|   if (err)
|     {
|       fprintf (stderr, "pthread_rwlock_unlock failed, error = %d\n", err);
|       abort ();
|     }
| 
|   return NULL;
| }
| 
| static const char *
| do_test (const char *rw_string)
| {
|   size_t n = strlen (rw_string);
|   int err;
|   char resultbuf[100];
| 
|   char **names = (char **) malloc (n * sizeof (char *));
|   for (size_t i = 0; i < n; i++)
|     {
|       char name[12];
|       sprintf (name, "%c%u", rw_string[i], (unsigned int) (i+1));
|       names[i] = strdup (name);
|     }
| 
|   resultbuf[0] = '\0';
| 
|   /* Create the threads.  */
|   struct locals *locals = (struct locals *) malloc (n * sizeof (struct locals));
|   pthread_t *threads = (pthread_t *) malloc (n * sizeof (pthread_t));
|   for (size_t i = 0; i < n; i++)
|     {
|       locals[i].name = names[i];
|       locals[i].wait_before = i * STEP_INTERVAL;
|       locals[i].wait_after  = (i == 0 ? n * STEP_INTERVAL : 0);
|       locals[i].result = resultbuf;
|       err = pthread_create (&threads[i], NULL,
|                             rw_string[i] == 'R' ? reader_func :
|                             rw_string[i] == 'W' ? writer_func :
|                             (abort (), (void * (*) (void *)) NULL),
|                             &locals[i]);
|       if (err)
|         {
|           fprintf (stderr, "pthread_create failed to create thread %u, error = %d\n",
|                    (unsigned int) (i+1), err);
|           abort ();
|         }
|     }
| 
|   /* Wait until the threads are done.  */
|   for (size_t i = 0; i < n; i++)
|     {
|       void *retcode;
|       err = pthread_join (threads[i], &retcode);
|       if (err)
|         {
|           fprintf (stderr, "pthread_join failed to wait for thread %u, error = %d\n",
|                    (unsigned int) (i+1), err);
|           abort ();
|         }
|     }
| 
|   /* Clean up.  */
|   free (threads);
|   free (locals);
|   for (size_t i = 0; i < n; i++)
|     free (names[i]);
|   free (names);
| 
|   return strdup (resultbuf);
| }
| 
| static bool
| startswith (const char *str, const char *prefix)
| {
|   return strncmp (str, prefix, strlen (prefix)) == 0;
| }
| 
| static int
| find_wait_queue_handling (void)
| {
|   bool final_r_prefers_readers = true;
|   bool final_w_prefers_readers = true;
| 
|   /* Perform the test a few times, so that in case of a non-deterministic
|      behaviour that happens to look like deterministic in one round, we get
|      a higher probability of finding that it is non-deterministic.  */
|   for (int repeat = 3; repeat > 0; repeat--)
|     {
|       bool r_prefers_readers = false;
|       bool w_prefers_readers = false;
| 
|       {
|         const char * RWR = do_test ("RWR");
|         const char * RWRR = do_test ("RWRR");
|         const char * RWRW = do_test ("RWRW");
|         const char * RWWR = do_test ("RWWR");
|         const char * RWRRR = do_test ("RWRRR");
|         const char * RWRRW = do_test ("RWRRW");
|         const char * RWRWR = do_test ("RWRWR");
|         const char * RWRWW = do_test ("RWRWW");
|         const char * RWWRR = do_test ("RWWRR");
|         const char * RWWRW = do_test ("RWWRW");
|         const char * RWWWR = do_test ("RWWWR");
| 
|         if (   startswith (RWR, " R1 R")
|             && startswith (RWRR, " R1 R")
|             && startswith (RWRW, " R1 R")
|             && startswith (RWWR, " R1 R")
|             && startswith (RWRRR, " R1 R")
|             && startswith (RWRRW, " R1 R")
|             && startswith (RWRWR, " R1 R")
|             && startswith (RWRWW, " R1 R")
|             && startswith (RWWRR, " R1 R")
|             && startswith (RWWRW, " R1 R")
|             && startswith (RWWWR, " R1 R"))
|           r_prefers_readers = true;
|       }
| 
|       {
|         const char * WRR = do_test ("WRR");
|         const char * WRW = do_test ("WRW");
|         const char * WWR = do_test ("WWR");
|         const char * WRRR = do_test ("WRRR");
|         const char * WRRW = do_test ("WRRW");
|         const char * WRWR = do_test ("WRWR");
|         const char * WRWW = do_test ("WRWW");
|         const char * WWRR = do_test ("WWRR");
|         const char * WWRW = do_test ("WWRW");
|         const char * WWWR = do_test ("WWWR");
|         const char * WRRRR = do_test ("WRRRR");
|         const char * WRRRW = do_test ("WRRRW");
|         const char * WRRWR = do_test ("WRRWR");
|         const char * WRRWW = do_test ("WRRWW");
|         const char * WRWRR = do_test ("WRWRR");
|         const char * WRWRW = do_test ("WRWRW");
|         const char * WRWWR = do_test ("WRWWR");
|         const char * WRWWW = do_test ("WRWWW");
|         const char * WWRRR = do_test ("WWRRR");
|         const char * WWRRW = do_test ("WWRRW");
|         const char * WWRWR = do_test ("WWRWR");
|         const char * WWRWW = do_test ("WWRWW");
|         const char * WWWRR = do_test ("WWWRR");
|         const char * WWWRW = do_test ("WWWRW");
|         const char * WWWWR = do_test ("WWWWR");
| 
|         if (   startswith (WRR, " W1 R")
|             && startswith (WRW, " W1 R")
|             && startswith (WWR, " W1 R")
|             && startswith (WRRR, " W1 R")
|             && startswith (WRRW, " W1 R")
|             && startswith (WRWR, " W1 R")
|             && startswith (WRWW, " W1 R")
|             && startswith (WWRR, " W1 R")
|             && startswith (WWRW, " W1 R")
|             && startswith (WWWR, " W1 R")
|             && startswith (WRRRR, " W1 R")
|             && startswith (WRRRW, " W1 R")
|             && startswith (WRRWR, " W1 R")
|             && startswith (WRRWW, " W1 R")
|             && startswith (WRWRR, " W1 R")
|             && startswith (WRWRW, " W1 R")
|             && startswith (WRWWR, " W1 R")
|             && startswith (WRWWW, " W1 R")
|             && startswith (WWRRR, " W1 R")
|             && startswith (WWRRW, " W1 R")
|             && startswith (WWRWR, " W1 R")
|             && startswith (WWRWW, " W1 R")
|             && startswith (WWWRR, " W1 R")
|             && startswith (WWWRW, " W1 R")
|             && startswith (WWWWR, " W1 R"))
|           w_prefers_readers = true;
|       }
| 
|       final_r_prefers_readers &= r_prefers_readers;
|       final_w_prefers_readers &= w_prefers_readers;
|     }
| 
|   /* The wait queue handling is unsuitable if it always prefers readers,
|      because it leads to writer starvation: On machines with 8 or more CPUs,
|      test-pthread-rwlock may never terminate.  */
|   return final_r_prefers_readers && final_w_prefers_readers;
| }
| 
| int
| main ()
| {
|   /* Initialize the sprintf_lock.  */
|   if (pthread_rwlock_init (&sprintf_lock, NULL))
|     {
|       fprintf (stderr, "pthread_rwlock_init failed\n");
|       abort ();
|     }
| 
|   /* Find the wait queue handling of a default-initialized lock.  */
|   if (pthread_rwlock_init (&lock, NULL))
|     {
|       fprintf (stderr, "pthread_rwlock_init failed\n");
|       abort ();
|     }
|   {
|     int fail = find_wait_queue_handling ();
|     return fail;
|   }
| }
| 
| 
configure:53744: result: no
configure:53831: checking whether pthread_create exists as a global function
configure:53852: gcc -o conftest -g -O2   conftest.c   >&5
configure:53852: $? = 0
configure:53865: result: yes
configure:53919: checking whether pthread_mutex_timedlock is declared
configure:53919: gcc -c -g -O2   conftest.c >&5
configure:53919: $? = 0
configure:53919: result: yes
configure:53925: checking for pthread_mutex_timedlock
configure:53950: gcc -o conftest -g -O2   conftest.c   >&5
configure:53950: $? = 0
configure:53963: result: yes
configure:54019: checking whether pthread_sigmask is a macro
configure:54047: result: no
configure:54132: checking whether pthread_sigmask works without -lpthread
configure:54163: gcc -o conftest -g -O2   conftest.c  >&5
configure:54163: $? = 0
configure:54163: ./conftest
configure:54163: $? = 1
configure: program exited with status 1
configure: failed program was:
| /* confdefs.h */
| #define PACKAGE_NAME "GNU diffutils"
| #define PACKAGE_TARNAME "diffutils"
| #define PACKAGE_VERSION "3.12"
| #define PACKAGE_STRING "GNU diffutils 3.12"
| #define PACKAGE_BUGREPORT "bug-diffutils@gnu.org"
| #define PACKAGE_URL "https://www.gnu.org/software/diffutils/"
| #define PACKAGE "diffutils"
| #define VERSION "3.12"
| #define HAVE_STDIO_H 1
| #define HAVE_STDLIB_H 1
| #define HAVE_STRING_H 1
| #define HAVE_INTTYPES_H 1
| #define HAVE_STDINT_H 1
| #define HAVE_STRINGS_H 1
| #define HAVE_SYS_STAT_H 1
| #define HAVE_SYS_TYPES_H 1
| #define HAVE_UNISTD_H 1
| #define HAVE_WCHAR_H 1
| #define HAVE_STDBOOL_H 1
| #define HAVE_UCHAR_H 1
| #define HAVE_SYS_PARAM_H 1
| #define HAVE_SYS_SOCKET_H 1
| #define HAVE_DIRENT_H 1
| #define HAVE_ERROR_H 1
| #define HAVE_FNMATCH_H 1
| #define HAVE_GETOPT_H 1
| #define HAVE_SYS_TIME_H 1
| #define HAVE_THREADS_H 1
| #define HAVE_LIMITS_H 1
| #define HAVE_WCTYPE_H 1
| #define HAVE_LANGINFO_H 1
| #define HAVE_SYS_MMAN_H 1
| #define HAVE_PTHREAD_H 1
| #define HAVE_MALLOC_H 1
| #define HAVE_STDBIT_H 1
| #define HAVE_SYS_RANDOM_H 1
| #define HAVE_SYS_WAIT_H 1
| #define HAVE_FEATURES_H 1
| #define HAVE_ARPA_INET_H 1
| #define HAVE_NETDB_H 1
| #define HAVE_NETINET_IN_H 1
| #define HAVE_MATH_H 1
| #define HAVE_SYS_SELECT_H 1
| #define HAVE_SEMAPHORE_H 1
| #define HAVE_SYS_IOCTL_H 1
| #define HAVE_SYS_UN_H 1
| #define HAVE_SYS_UIO_H 1
| #define STDC_HEADERS 1
| #define _ALL_SOURCE 1
| #define _COSMO_SOURCE 1
| #define _DARWIN_C_SOURCE 1
| #define _GNU_SOURCE 1
| #define _HPUX_ALT_XOPEN_SOCKET_API 1
| #define _NETBSD_SOURCE 1
| #define _OPENBSD_SOURCE 1
| #define _POSIX_PTHREAD_SEMANTICS 1
| #define __STDC_WANT_IEC_60559_ATTRIBS_EXT__ 1
| #define __STDC_WANT_IEC_60559_BFP_EXT__ 1
| #define __STDC_WANT_IEC_60559_DFP_EXT__ 1
| #define __STDC_WANT_IEC_60559_EXT__ 1
| #define __STDC_WANT_IEC_60559_FUNCS_EXT__ 1
| #define __STDC_WANT_IEC_60559_TYPES_EXT__ 1
| #define __STDC_WANT_LIB_EXT2__ 1
| #define __STDC_WANT_MATH_SPEC_FUNCS__ 1
| #define _TANDEM_SOURCE 1
| #define __EXTENSIONS__ 1
| #define _LINUX_SOURCE_COMPAT 1
| #define __USE_MINGW_ANSI_STDIO 1
| #define HAVE_ALLOCA_H 1
| #define HAVE_ALLOCA 1
| #define HAVE_WINT_T 1
| #define HAVE_BTOWC 1
| #define HAVE_MBRTOWC 1
| #define HAVE_MBSINIT 1
| #define HAVE_FCHDIR 1
| #define HAVE_FCNTL 1
| #define HAVE_SYMLINK 1
| #define HAVE_FDOPENDIR 1
| #define HAVE_FNMATCH 1
| #define HAVE_MBSRTOWCS 1
| #define HAVE_FSTATAT 1
| #define HAVE_GETDTABLESIZE 1
| #define HAVE_GETTIMEOFDAY 1
| #define HAVE_ISBLANK 1
| #define HAVE_ISWCNTRL 1
| #define HAVE_LSTAT 1
| #define HAVE_MPROTECT 1
| #define HAVE_MKSTEMP 1
| #define HAVE_OPENAT 1
| #define HAVE_PCLOSE 1
| #define HAVE_POPEN 1
| #define HAVE_READLINK 1
| #define HAVE_ISWCTYPE 1
| #define HAVE_SETENV 1
| #define HAVE_SIGACTION 1
| #define HAVE_SIGALTSTACK 1
| #define HAVE_SIGINTERRUPT 1
| #define HAVE_SETRLIMIT 1
| #define HAVE_GETRLIMIT 1
| #define HAVE___XPG_STRERROR_R 1
| #define HAVE_STRPTIME 1
| #define HAVE_STRTOIMAX 1
| #define HAVE_LOCALTIME_R 1
| #define HAVE_WCRTOMB 1
| #define HAVE_WCWIDTH 1
| #define HAVE_PIPE 1
| #define HAVE_PSELECT 1
| #define HAVE_PTHREAD_SIGMASK 1
| #define HAVE_SLEEP 1
| #define HAVE_SNPRINTF 1
| #define HAVE_SHUTDOWN 1
| #define HAVE_UNLINKAT 1
| #define HAVE_WCTOB 1
| #define HAVE_SIGPROCMASK 1
| #define HAVE_FORK 1
| #define HAVE_VFORK 1
| #define HAVE_LANGINFO_CODESET 1
| #define BITSIZEOF_WCHAR_T 32
| #define HAVE_MBSTATE_T 1
| #define HAVE_WORKING_MBRTOC32 1
| #define HAVE_WORKING_C32RTOMB 1
| #define HAVE_MALLOC_PTRDIFF 1
| #define HAVE_MALLOC_POSIX 1
| #define restrict __restrict__
| #define HAVE_ENVIRON_DECL 1
| #define HAVE_ERROR 1
| #define HAVE_DECL_STRERROR_R 1
| #define HAVE_STRERROR_R 1
| #define STRERROR_R_CHAR_P 1
| #define HAVE_DECL_FCHDIR 1
| #define HAVE_WORKING_O_NOATIME 1
| #define HAVE_WORKING_O_NOFOLLOW 1
| #define HAVE_MEMPCPY 1
| #define FUNC_FFLUSH_STDIN 0
| #define LSTAT_FOLLOWS_SLASHED_SYMLINK 1
| #define HAVE_DECL_GETDTABLESIZE 1
| #define HAVE_GETOPT_H 1
| #define HAVE_GETOPT_LONG_ONLY 1
| #define HAVE_PTHREAD_API 1
| #define SETLOCALE_NULL_ALL_MTSAFE 1
| #define SETLOCALE_NULL_ONE_MTSAFE 1
| #ifndef __x86_64__
| #define __x86_64__ 1
| #endif
| #ifndef __x86_64__
| #define __x86_64__ 1
| #endif
| #define HAVE_LONG_LONG_INT 1
| #define HAVE_UNSIGNED_LONG_LONG_INT 1
| #define HAVE_TOWLOWER 1
| #define HAVE_LC_MESSAGES 1
| #define HAVE_WEAK_SYMBOLS 1
| #define USE_POSIX_THREADS 1
| #define USE_POSIX_THREADS_FROM_LIBC 1
| #define HAVE_MALLOC_0_NONNULL 1
| #define HAVE_MAP_ANONYMOUS 1
| #define HAVE_DECL_MEMRCHR 1
| #define HAVE_MINMAX_IN_SYS_PARAM_H 1
| #define TIME_T_IS_SIGNED 1
| #define HAVE_DECL_ALARM 1
| #define HAVE_STRUCT_TM_TM_GMTOFF 1
| #define HAVE_STRUCT_TM_TM_ZONE 1
| #define HAVE_TM_GMTOFF 1
| #define PROMOTED_MODE_T mode_t
| #define HAVE_PTHREAD_T 1
| #define HAVE_PTHREAD_SPINLOCK_T 1
| #define HAVE_SIGSET_T 1
| #define HAVE_SCHED_H 1
| #define HAVE_DECL_SETENV 1
| #define HAVE_DECL__PUTENV 0
| #define HAVE_SEARCH_H 1
| #define HAVE_TSEARCH 1
| #define HAVE_DECL_FCLOSEALL 1
| #define HAVE_DECL_GETW 1
| #define HAVE_DECL_PUTW 1
| #define HAVE_DECL_ECVT 1
| #define HAVE_DECL_FCVT 1
| #define HAVE_DECL_GCVT 1
| #define HAVE_DECL_STRDUP 1
| #define HAVE_STRERROR_R 1
| #define HAVE_DECL_STRNLEN 1
| #define HAVE_DECL_STRTOIMAX 1
| #define _USE_STD_STAT 1
| #define HAVE_DECL_EXECVPE 1
| #define HAVE_DECL_CLEARERR_UNLOCKED 1
| #define HAVE_DECL_FEOF_UNLOCKED 1
| #define HAVE_DECL_FERROR_UNLOCKED 1
| #define HAVE_DECL_FFLUSH_UNLOCKED 1
| #define HAVE_DECL_FGETS_UNLOCKED 1
| #define HAVE_DECL_FPUTC_UNLOCKED 1
| #define HAVE_DECL_FPUTS_UNLOCKED 1
| #define HAVE_DECL_FREAD_UNLOCKED 1
| #define HAVE_DECL_FWRITE_UNLOCKED 1
| #define HAVE_DECL_GETC_UNLOCKED 1
| #define HAVE_DECL_GETCHAR_UNLOCKED 1
| #define HAVE_DECL_PUTC_UNLOCKED 1
| #define HAVE_DECL_PUTCHAR_UNLOCKED 1
| #define HAVE_DECL_UNSETENV 1
| #define HAVE_DECL_WCSDUP 1
| #define HAVE_SHUTDOWN 1
| #define HAVE_STRUCT_SOCKADDR_STORAGE 1
| #define HAVE_SA_FAMILY_T 1
| #define HAVE_STRUCT_SOCKADDR_STORAGE_SS_FAMILY 1
| #define HAVE_IPV4 1
| #define HAVE_IPV6 1
| #define DBL_EXPBIT0_WORD 1
| #define DBL_EXPBIT0_BIT 20
| #define FLT_EXPBIT0_WORD 0
| #define FLT_EXPBIT0_BIT 23
| #define LDBL_EXPBIT0_WORD 2
| #define LDBL_EXPBIT0_BIT 0
| #define HAVE_DECL_INITSTATE 1
| #define HAVE_DECL_SETSTATE 1
| #define HAVE_DECL_SNPRINTF 1
| #define HAVE_INTTYPES_H_WITH_UINTMAX 1
| #define HAVE_STDINT_H_WITH_UINTMAX 1
| #define HAVE_INTMAX_T 1
| #define HAVE_WCSLEN 1
| #define HAVE_SNPRINTF 1
| #define HAVE_STRNLEN 1
| #define HAVE_WCRTOMB 1
| #define HAVE_DECL__SNPRINTF 0
| #define HAVE_SNPRINTF_RETVAL_C99 1
| #define HAVE_SNPRINTF_TRUNCATION_C99 1
| #define HAVE_ALLOCA 1
| #define GNULIB_TEST_BTOC32 1
| #define GNULIB_TEST_BTOWC 1
| #define HAVE___BUILTIN_EXPECT 1
| #define GNULIB_TEST_C32_APPLY_TYPE_TEST 1
| #define GNULIB_TEST_C32_GET_TYPE_TEST 1
| #define GNULIB_TEST_C32ISALNUM 1
| #define GNULIB_TEST_C32ISALPHA 1
| #define GNULIB_TEST_C32ISBLANK 1
| #define GNULIB_TEST_C32ISCNTRL 1
| #define GNULIB_TEST_C32ISDIGIT 1
| #define GNULIB_TEST_C32ISGRAPH 1
| #define GNULIB_TEST_C32ISLOWER 1
| #define GNULIB_TEST_C32ISPRINT 1
| #define GNULIB_TEST_C32ISPUNCT 1
| #define GNULIB_TEST_C32ISSPACE 1
| #define GNULIB_TEST_C32ISUPPER 1
| #define GNULIB_TEST_C32ISXDIGIT 1
| #define GNULIB_TEST_C32TOLOWER 1
| #define GNULIB_TEST_C32WIDTH 1
| #define GNULIB_TEST_CALLOC_GNU 1
| #define GNULIB_TEST_CALLOC_POSIX 1
| #define HAVE_READLINKAT 1
| #define GNULIB_TEST_CHDIR 1
| #define HAVE_CLOCK_GETRES 1
| #define HAVE_CLOCK_GETTIME 1
| #define HAVE_CLOCK_SETTIME 1
| #define GNULIB_TEST_CLOEXEC 1
| #define GNULIB_TEST_CLOSE 1
| #define GNULIB_CLOSE 1
| #define HAVE_CLOSEDIR 1
| #define GNULIB_TEST_CLOSEDIR 1
| #define HAVE_STRUCT_DIRENT_D_TYPE 1
| #define HAVE_DIRFD 1
| #define HAVE_DECL_DIRFD 1
| #define GNULIB_TEST_DIRFD 1
| #define GNULIB_DIRNAME 1
| #define GNULIB_TEST_DUP 1
| #define GNULIB_TEST_DUP2 1
| #define GNULIB_TEST_ENVIRON 1
| #define GNULIB_TEST_FCHDIR 1
| #define GNULIB_TEST_FCNTL 1
| #define HAVE_DECL_FDOPENDIR 1
| #define GNULIB_TEST_FDOPENDIR 1
| #define GNULIB_FDOPENDIR 1
| #define HAVE_STRUCT_STAT_ST_BLOCKS 1
| #define HAVE_ST_BLOCKS 1
| #define GNULIB_FILENAMECAT 1
| #define HAVE_MEMPCPY 1
| #define FLEXIBLE_ARRAY_MEMBER /**/
| #define GNULIB_TEST_FNMATCH 1
| #define GNULIB_FNMATCH_GNU 1
| #define GNULIB_TEST_FOPEN 1
| #define GNULIB_FOPEN_GNU 1
| #define GNULIB_TEST_FOPEN_GNU 1
| #define HAVE_FREE_POSIX 1
| #define GNULIB_TEST_FREE_POSIX 1
| #define GNULIB_TEST_FREOPEN 1
| #define GNULIB_TEST_FSTAT 1
| #define GNULIB_FSTAT 1
| #define GNULIB_TEST_FSTATAT 1
| #define GNULIB_FSTATAT 1
| #define GNULIB_TEST_GETCWD 1
| #define GNULIB_TEST_GETDTABLESIZE 1
| #define GNULIB_TEST_GETOPT_POSIX 1
| #define GNULIB_TEST_GETPAGESIZE 1
| #define HAVE_DECL_PROGRAM_INVOCATION_NAME 1
| #define HAVE_DECL_PROGRAM_INVOCATION_NAME 1
| #define HAVE_DECL_PROGRAM_INVOCATION_SHORT_NAME 1
| #define HAVE_DECL___ARGV 0
| #define GNULIB_TEST_GETPROGNAME 1
| #define HAVE_GETRANDOM 1
| #define GNULIB_TEST_GETRANDOM 1
| #define HAVE_TIMESPEC_GET 1
| #define GETTIMEOFDAY_TIMEZONE void
| #define GNULIB_TEST_GETTIMEOFDAY 1
| #define GNULIB_LOCALEDIR "/usr/local/share/locale"
| #define HAVE_INLINE 1
| #define GNULIB_ISBLANK 1
| #define HAVE_ISWBLANK 1
| #define HAVE_DECL_ISWBLANK 1
| #define GNULIB_TEST_ISWBLANK 1
| #define GNULIB_TEST_ISWCTYPE 1
| #define GNULIB_TEST_ISWDIGIT 1
| #define GNULIB_TEST_ISWPUNCT 1
| #define GNULIB_TEST_ISWXDIGIT 1
| #define HAVE___INLINE 1
| #define GNULIB_TEST_LOCALECONV 1
| #define GNULIB_LOCALECONV 1
| #define HAVE_PTHREAD_RWLOCK 1
| #define HAVE_PTHREAD_MUTEX_RECURSIVE 1
| #define GNULIB_LOCK 1
| #define GNULIB_TEST_LSTAT 1
| #define GNULIB_LSTAT 1
| #define GNULIB_TEST_MALLOC_GNU 1
| #define GNULIB_TEST_MALLOC_POSIX 1
| #define MBRTOC32_IN_C_LOCALE_MAYBE_EILSEQ 1
| #define GNULIB_TEST_MBRTOC32 1
| #define MBRTOWC_IN_C_LOCALE_MAYBE_EILSEQ 1
| #define GNULIB_TEST_MBRTOWC 1
| #define GNULIB_TEST_MBSCASECMP 1
| #define GNULIB_TEST_MBSINIT 1
| #define GNULIB_TEST_MBSRTOC32S 1
| #define GNULIB_TEST_MBSRTOWCS 1
| #define GNULIB_TEST_MBSZERO 1
| #define HAVE_MBTOWC 1
| #define GNULIB_TEST_MBTOWC 1
| #define GNULIB_MCEL_PREFER 1
| #define GNULIB_TEST_MEMCHR 1
| #define HAVE_MEMPCPY 1
| #define GNULIB_TEST_MEMPCPY 1
| #define HAVE_MEMRCHR 1
| #define GNULIB_TEST_MEMRCHR 1
| #define GNULIB_TEST_MKDIR 1
| #define GNULIB_TEST_MKSTEMP 1
| #define GNULIB_TEST_MKTIME 1
| #define NEED_MKTIME_INTERNAL 1
| #define GNULIB_MSVC_NOTHROW 1
| #define HAVE_NL_LANGINFO 1
| #define FUNC_NL_LANGINFO_YESEXPR_WORKS 1
| #define NL_LANGINFO_MTSAFE 1
| #define REPLACE_NL_LANGINFO 1
| #define GNULIB_TEST_NL_LANGINFO 1
| #define GNULIB_TEST_OPEN 1
| #define GNULIB_OPENAT 1
| #define GNULIB_TEST_OPENAT 1
| #define HAVE_OPENDIR 1
| #define GNULIB_TEST_OPENDIR 1
| #define GNULIB_TEST_PCLOSE 1
| #define GNULIB_TEST_POPEN 1
| #define HAVE_DECL_PROGRAM_INVOCATION_NAME 1
| #define HAVE_DECL_PROGRAM_INVOCATION_SHORT_NAME 1
| #define GNULIB_TEST_PTHREAD_ONCE 1
| #define HAVE_RAISE 1
| #define GNULIB_TEST_RAISE 1
| #define HAVE_RAWMEMCHR 1
| #define GNULIB_TEST_RAWMEMCHR 1
| #define HAVE_READDIR 1
| #define GNULIB_TEST_READDIR 1
| #define GNULIB_TEST_READLINK 1
| #define HAVE_READLINKAT 1
| #define GNULIB_TEST_READLINKAT 1
| #define GNULIB_TEST_REALLOC_POSIX 1
| #define HAVE_REALLOCARRAY 1
| #define GNULIB_REALLOCARRAY 1
| #define GNULIB_TEST_REALLOCARRAY 1
| #define GNULIB_TEST_SETENV 1
| #define GNULIB_TEST_SETLOCALE_NULL 1
| #define HAVE_STRUCT_SIGACTION_SA_SIGACTION 1
| #define GNULIB_TEST_SIGACTION 1
| #define GNULIB_TEST_SIGPROCMASK 1
| #define STACK_DIRECTION -1
| #define HAVE_WORKING_SIGALTSTACK 1
| #define GNULIB_TEST_STAT 1
| #define GNULIB_STAT 1
| #define HAVE_STRUCT_STAT_ST_ATIM_TV_NSEC 1
| #define TYPEOF_STRUCT_STAT_ST_ATIM_IS_STRUCT_TIMESPEC 1
| #define GNULIB_TEST_FSCANF 1
| #define GNULIB_FSCANF 1
| #define GNULIB_TEST_SCANF 1
| #define GNULIB_SCANF 1
| #define GNULIB_TEST_FGETC 1
| #define GNULIB_TEST_GETC 1
| #define GNULIB_TEST_GETCHAR 1
| #define GNULIB_TEST_FGETS 1
| #define GNULIB_TEST_FREAD 1
| #define GNULIB_TEST_FPRINTF 1
| #define GNULIB_TEST_PRINTF 1
| #define GNULIB_TEST_VFPRINTF 1
| #define GNULIB_TEST_VPRINTF 1
| #define GNULIB_TEST_FPUTC 1
| #define GNULIB_TEST_PUTC 1
| #define GNULIB_TEST_PUTCHAR 1
| #define GNULIB_TEST_FPUTS 1
| #define GNULIB_TEST_PUTS 1
| #define GNULIB_TEST_FWRITE 1
| #define HAVE_STPCPY 1
| #define GNULIB_TEST_STPCPY 1
| #define HAVE_STRCASECMP 1
| #define GNULIB_TEST_STRDUP 1
| #define GNULIB_STRERROR 1
| #define GNULIB_TEST_STRERROR 1
| #define HAVE_STRNCASECMP 1
| #define HAVE_DECL_STRNCASECMP 1
| #define GNULIB_TEST_STRNLEN 1
| #define GNULIB_TEST_STRPTIME 1
| #define HAVE_STRTOLL 1
| #define GNULIB_TEST_STRTOLL 1
| #define GNULIB_TEMPNAME 1
| #define HAVE_DECL_LOCALTIME_R 1
| #define GNULIB_TEST_TIME_R 1
| #define GNULIB_TEST_TIME_RZ 1
| #define HAVE_TIMEGM 1
| #define GNULIB_TEST_TIMEGM 1
| #define GNULIB_TEST_TIMESPEC_GET 1
| #define GNULIB_TEST_TZSET 1
| #define GNULIB_STDIO_SINGLE_THREAD 1
| #define USE_UNLOCKED_IO GNULIB_STDIO_SINGLE_THREAD
| #define HAVE_UNSETENV 1
| #define GNULIB_TEST_UNSETENV 1
| #define HAVE_C_VARARRAYS 1
| #define GNULIB_TEST_WCRTOMB 1
| #define GNULIB_TEST_WCTYPE 1
| #define HAVE_DECL_WCWIDTH 1
| #define GNULIB_TEST_WCWIDTH 1
| #define GNULIB_TEST_WMEMCHR 1
| #define HAVE_WMEMPCPY 1
| #define GNULIB_TEST_WMEMPCPY 1
| #define GNULIB_XALLOC 1
| #define GNULIB_XALLOC_DIE 1
| #define GNULIB_XSTDOPEN 1
| #define GNULIB_TEST_ACCEPT 1
| #define GNULIB_ACCEPT IN_DIFFUTILS_GNULIB_TESTS
| #define HAVE_ATOLL 1
| #define GNULIB_TEST_ATOLL 1
| #define GNULIB_TEST_BIND 1
| #define GNULIB_BIND IN_DIFFUTILS_GNULIB_TESTS
| #define GNULIB_TEST_C32RTOMB 1
| #define GNULIB_TEST_C32TOB 1
| #define GNULIB_TEST_CONNECT 1
| #define GNULIB_CONNECT IN_DIFFUTILS_GNULIB_TESTS
| #define GNULIB_TEST_FDOPEN 1
| #define HAVE_FTRUNCATE 1
| #define GNULIB_TEST_FTRUNCATE 1
| #define HAVE_DUPLOCALE 1
| #define HAVE_DECL_INET_PTON 1
| #define HAVE_IOCTL 1
| #define GNULIB_TEST_IOCTL 1
| #define GNULIB_IOCTL IN_DIFFUTILS_GNULIB_TESTS
| #define HAVE_ISNAND_IN_LIBC 1
| #define HAVE_ISNANF_IN_LIBC 1
| #define HAVE_ISNANL_IN_LIBC 1
| #define GNULIB_TEST_LISTEN 1
| #define GNULIB_LISTEN IN_DIFFUTILS_GNULIB_TESTS
| #define HAVE_NEWLOCALE 1
| #define HAVE_BUG_BIG_NANOSLEEP 1
| #define GNULIB_TEST_NANOSLEEP 1
| #define HAVE_USELOCALE 1
| #define HAVE_WORKING_USELOCALE 1
| #define GNULIB_TEST_PERROR 1
| #define GNULIB_TEST_PIPE 1
| #define GNULIB_TEST_PSELECT 1
| #define GNULIB_TEST_PTHREAD_COND 1
| #define GNULIB_TEST_PTHREAD_MUTEX 1
| #define PTHREAD_RWLOCK_BAD_WAITQUEUE 1
| #define GNULIB_TEST_PTHREAD_RWLOCK 1
| #define GNULIB_TEST_PTHREAD_THREAD 1
| #define GNULIB_TEST_PTHREAD_MUTEX_TIMEDLOCK 1
| /* end confdefs.h.  */
| 
|                    #include <pthread.h>
|                    #include <signal.h>
|                    #include <stddef.h>
|                    int main ()
|                    {
|                      sigset_t set;
|                      sigemptyset (&set);
|                      return pthread_sigmask (1729, &set, NULL) != 0;
|                    }
configure:54178: result: yes
configure:54191: checking whether pthread_sigmask returns error numbers
configure:54225: gcc -o conftest -g -O2   conftest.c   >&5
configure:54225: $? = 0
configure:54225: ./conftest
configure:54225: $? = 0
configure:54241: result: yes
configure:54252: checking whether pthread_sigmask unblocks signals correctly
configure:54315: gcc -o conftest -g -O2   conftest.c   >&5
configure:54315: $? = 0
configure:54315: ./conftest
configure:54315: $? = 0
configure:54331: result: guessing yes
configure:54395: checking for putenv compatible with GNU and SVID
configure:54444: gcc -o conftest -g -O2   conftest.c  >&5
configure:54444: $? = 0
configure:54444: ./conftest
configure:54444: $? = 0
configure:54459: result: yes
configure:54521: checking for random
configure:54539: gcc -o conftest -g -O2   conftest.c  >&5
configure:54539: $? = 0
configure:54551: result: yes
configure:54555: checking for initstate
configure:54592: checking for initstate
configure:54592: gcc -o conftest -g -O2   conftest.c  >&5
configure:54592: $? = 0
configure:54592: result: yes
configure:54608: result: yes
configure:54624: checking for setstate
configure:54661: checking for setstate
configure:54661: gcc -o conftest -g -O2   conftest.c  >&5
configure:54661: $? = 0
configure:54661: result: yes
configure:54677: result: yes
configure:54788: checking for random.h
configure:54788: gcc -c -g -O2  conftest.c >&5
conftest.c:509:10: fatal error: random.h: No such file or directory
  509 | #include <random.h>
      |          ^~~~~~~~~~
compilation terminated.
configure:54788: $? = 1
configure: failed program was:
| /* confdefs.h */
| #define PACKAGE_NAME "GNU diffutils"
| #define PACKAGE_TARNAME "diffutils"
| #define PACKAGE_VERSION "3.12"
| #define PACKAGE_STRING "GNU diffutils 3.12"
| #define PACKAGE_BUGREPORT "bug-diffutils@gnu.org"
| #define PACKAGE_URL "https://www.gnu.org/software/diffutils/"
| #define PACKAGE "diffutils"
| #define VERSION "3.12"
| #define HAVE_STDIO_H 1
| #define HAVE_STDLIB_H 1
| #define HAVE_STRING_H 1
| #define HAVE_INTTYPES_H 1
| #define HAVE_STDINT_H 1
| #define HAVE_STRINGS_H 1
| #define HAVE_SYS_STAT_H 1
| #define HAVE_SYS_TYPES_H 1
| #define HAVE_UNISTD_H 1
| #define HAVE_WCHAR_H 1
| #define HAVE_STDBOOL_H 1
| #define HAVE_UCHAR_H 1
| #define HAVE_SYS_PARAM_H 1
| #define HAVE_SYS_SOCKET_H 1
| #define HAVE_DIRENT_H 1
| #define HAVE_ERROR_H 1
| #define HAVE_FNMATCH_H 1
| #define HAVE_GETOPT_H 1
| #define HAVE_SYS_TIME_H 1
| #define HAVE_THREADS_H 1
| #define HAVE_LIMITS_H 1
| #define HAVE_WCTYPE_H 1
| #define HAVE_LANGINFO_H 1
| #define HAVE_SYS_MMAN_H 1
| #define HAVE_PTHREAD_H 1
| #define HAVE_MALLOC_H 1
| #define HAVE_STDBIT_H 1
| #define HAVE_SYS_RANDOM_H 1
| #define HAVE_SYS_WAIT_H 1
| #define HAVE_FEATURES_H 1
| #define HAVE_ARPA_INET_H 1
| #define HAVE_NETDB_H 1
| #define HAVE_NETINET_IN_H 1
| #define HAVE_MATH_H 1
| #define HAVE_SYS_SELECT_H 1
| #define HAVE_SEMAPHORE_H 1
| #define HAVE_SYS_IOCTL_H 1
| #define HAVE_SYS_UN_H 1
| #define HAVE_SYS_UIO_H 1
| #define STDC_HEADERS 1
| #define _ALL_SOURCE 1
| #define _COSMO_SOURCE 1
| #define _DARWIN_C_SOURCE 1
| #define _GNU_SOURCE 1
| #define _HPUX_ALT_XOPEN_SOCKET_API 1
| #define _NETBSD_SOURCE 1
| #define _OPENBSD_SOURCE 1
| #define _POSIX_PTHREAD_SEMANTICS 1
| #define __STDC_WANT_IEC_60559_ATTRIBS_EXT__ 1
| #define __STDC_WANT_IEC_60559_BFP_EXT__ 1
| #define __STDC_WANT_IEC_60559_DFP_EXT__ 1
| #define __STDC_WANT_IEC_60559_EXT__ 1
| #define __STDC_WANT_IEC_60559_FUNCS_EXT__ 1
| #define __STDC_WANT_IEC_60559_TYPES_EXT__ 1
| #define __STDC_WANT_LIB_EXT2__ 1
| #define __STDC_WANT_MATH_SPEC_FUNCS__ 1
| #define _TANDEM_SOURCE 1
| #define __EXTENSIONS__ 1
| #define _LINUX_SOURCE_COMPAT 1
| #define __USE_MINGW_ANSI_STDIO 1
| #define HAVE_ALLOCA_H 1
| #define HAVE_ALLOCA 1
| #define HAVE_WINT_T 1
| #define HAVE_BTOWC 1
| #define HAVE_MBRTOWC 1
| #define HAVE_MBSINIT 1
| #define HAVE_FCHDIR 1
| #define HAVE_FCNTL 1
| #define HAVE_SYMLINK 1
| #define HAVE_FDOPENDIR 1
| #define HAVE_FNMATCH 1
| #define HAVE_MBSRTOWCS 1
| #define HAVE_FSTATAT 1
| #define HAVE_GETDTABLESIZE 1
| #define HAVE_GETTIMEOFDAY 1
| #define HAVE_ISBLANK 1
| #define HAVE_ISWCNTRL 1
| #define HAVE_LSTAT 1
| #define HAVE_MPROTECT 1
| #define HAVE_MKSTEMP 1
| #define HAVE_OPENAT 1
| #define HAVE_PCLOSE 1
| #define HAVE_POPEN 1
| #define HAVE_READLINK 1
| #define HAVE_ISWCTYPE 1
| #define HAVE_SETENV 1
| #define HAVE_SIGACTION 1
| #define HAVE_SIGALTSTACK 1
| #define HAVE_SIGINTERRUPT 1
| #define HAVE_SETRLIMIT 1
| #define HAVE_GETRLIMIT 1
| #define HAVE___XPG_STRERROR_R 1
| #define HAVE_STRPTIME 1
| #define HAVE_STRTOIMAX 1
| #define HAVE_LOCALTIME_R 1
| #define HAVE_WCRTOMB 1
| #define HAVE_WCWIDTH 1
| #define HAVE_PIPE 1
| #define HAVE_PSELECT 1
| #define HAVE_PTHREAD_SIGMASK 1
| #define HAVE_SLEEP 1
| #define HAVE_SNPRINTF 1
| #define HAVE_SHUTDOWN 1
| #define HAVE_UNLINKAT 1
| #define HAVE_WCTOB 1
| #define HAVE_SIGPROCMASK 1
| #define HAVE_FORK 1
| #define HAVE_VFORK 1
| #define HAVE_LANGINFO_CODESET 1
| #define BITSIZEOF_WCHAR_T 32
| #define HAVE_MBSTATE_T 1
| #define HAVE_WORKING_MBRTOC32 1
| #define HAVE_WORKING_C32RTOMB 1
| #define HAVE_MALLOC_PTRDIFF 1
| #define HAVE_MALLOC_POSIX 1
| #define restrict __restrict__
| #define HAVE_ENVIRON_DECL 1
| #define HAVE_ERROR 1
| #define HAVE_DECL_STRERROR_R 1
| #define HAVE_STRERROR_R 1
| #define STRERROR_R_CHAR_P 1
| #define HAVE_DECL_FCHDIR 1
| #define HAVE_WORKING_O_NOATIME 1
| #define HAVE_WORKING_O_NOFOLLOW 1
| #define HAVE_MEMPCPY 1
| #define FUNC_FFLUSH_STDIN 0
| #define LSTAT_FOLLOWS_SLASHED_SYMLINK 1
| #define HAVE_DECL_GETDTABLESIZE 1
| #define HAVE_GETOPT_H 1
| #define HAVE_GETOPT_LONG_ONLY 1
| #define HAVE_PTHREAD_API 1
| #define SETLOCALE_NULL_ALL_MTSAFE 1
| #define SETLOCALE_NULL_ONE_MTSAFE 1
| #ifndef __x86_64__
| #define __x86_64__ 1
| #endif
| #ifndef __x86_64__
| #define __x86_64__ 1
| #endif
| #define HAVE_LONG_LONG_INT 1
| #define HAVE_UNSIGNED_LONG_LONG_INT 1
| #define HAVE_TOWLOWER 1
| #define HAVE_LC_MESSAGES 1
| #define HAVE_WEAK_SYMBOLS 1
| #define USE_POSIX_THREADS 1
| #define USE_POSIX_THREADS_FROM_LIBC 1
| #define HAVE_MALLOC_0_NONNULL 1
| #define HAVE_MAP_ANONYMOUS 1
| #define HAVE_DECL_MEMRCHR 1
| #define HAVE_MINMAX_IN_SYS_PARAM_H 1
| #define TIME_T_IS_SIGNED 1
| #define HAVE_DECL_ALARM 1
| #define HAVE_STRUCT_TM_TM_GMTOFF 1
| #define HAVE_STRUCT_TM_TM_ZONE 1
| #define HAVE_TM_GMTOFF 1
| #define PROMOTED_MODE_T mode_t
| #define HAVE_PTHREAD_T 1
| #define HAVE_PTHREAD_SPINLOCK_T 1
| #define HAVE_SIGSET_T 1
| #define HAVE_SCHED_H 1
| #define HAVE_DECL_SETENV 1
| #define HAVE_DECL__PUTENV 0
| #define HAVE_SEARCH_H 1
| #define HAVE_TSEARCH 1
| #define HAVE_DECL_FCLOSEALL 1
| #define HAVE_DECL_GETW 1
| #define HAVE_DECL_PUTW 1
| #define HAVE_DECL_ECVT 1
| #define HAVE_DECL_FCVT 1
| #define HAVE_DECL_GCVT 1
| #define HAVE_DECL_STRDUP 1
| #define HAVE_STRERROR_R 1
| #define HAVE_DECL_STRNLEN 1
| #define HAVE_DECL_STRTOIMAX 1
| #define _USE_STD_STAT 1
| #define HAVE_DECL_EXECVPE 1
| #define HAVE_DECL_CLEARERR_UNLOCKED 1
| #define HAVE_DECL_FEOF_UNLOCKED 1
| #define HAVE_DECL_FERROR_UNLOCKED 1
| #define HAVE_DECL_FFLUSH_UNLOCKED 1
| #define HAVE_DECL_FGETS_UNLOCKED 1
| #define HAVE_DECL_FPUTC_UNLOCKED 1
| #define HAVE_DECL_FPUTS_UNLOCKED 1
| #define HAVE_DECL_FREAD_UNLOCKED 1
| #define HAVE_DECL_FWRITE_UNLOCKED 1
| #define HAVE_DECL_GETC_UNLOCKED 1
| #define HAVE_DECL_GETCHAR_UNLOCKED 1
| #define HAVE_DECL_PUTC_UNLOCKED 1
| #define HAVE_DECL_PUTCHAR_UNLOCKED 1
| #define HAVE_DECL_UNSETENV 1
| #define HAVE_DECL_WCSDUP 1
| #define HAVE_SHUTDOWN 1
| #define HAVE_STRUCT_SOCKADDR_STORAGE 1
| #define HAVE_SA_FAMILY_T 1
| #define HAVE_STRUCT_SOCKADDR_STORAGE_SS_FAMILY 1
| #define HAVE_IPV4 1
| #define HAVE_IPV6 1
| #define DBL_EXPBIT0_WORD 1
| #define DBL_EXPBIT0_BIT 20
| #define FLT_EXPBIT0_WORD 0
| #define FLT_EXPBIT0_BIT 23
| #define LDBL_EXPBIT0_WORD 2
| #define LDBL_EXPBIT0_BIT 0
| #define HAVE_DECL_INITSTATE 1
| #define HAVE_DECL_SETSTATE 1
| #define HAVE_DECL_SNPRINTF 1
| #define HAVE_INTTYPES_H_WITH_UINTMAX 1
| #define HAVE_STDINT_H_WITH_UINTMAX 1
| #define HAVE_INTMAX_T 1
| #define HAVE_WCSLEN 1
| #define HAVE_SNPRINTF 1
| #define HAVE_STRNLEN 1
| #define HAVE_WCRTOMB 1
| #define HAVE_DECL__SNPRINTF 0
| #define HAVE_SNPRINTF_RETVAL_C99 1
| #define HAVE_SNPRINTF_TRUNCATION_C99 1
| #define HAVE_ALLOCA 1
| #define GNULIB_TEST_BTOC32 1
| #define GNULIB_TEST_BTOWC 1
| #define HAVE___BUILTIN_EXPECT 1
| #define GNULIB_TEST_C32_APPLY_TYPE_TEST 1
| #define GNULIB_TEST_C32_GET_TYPE_TEST 1
| #define GNULIB_TEST_C32ISALNUM 1
| #define GNULIB_TEST_C32ISALPHA 1
| #define GNULIB_TEST_C32ISBLANK 1
| #define GNULIB_TEST_C32ISCNTRL 1
| #define GNULIB_TEST_C32ISDIGIT 1
| #define GNULIB_TEST_C32ISGRAPH 1
| #define GNULIB_TEST_C32ISLOWER 1
| #define GNULIB_TEST_C32ISPRINT 1
| #define GNULIB_TEST_C32ISPUNCT 1
| #define GNULIB_TEST_C32ISSPACE 1
| #define GNULIB_TEST_C32ISUPPER 1
| #define GNULIB_TEST_C32ISXDIGIT 1
| #define GNULIB_TEST_C32TOLOWER 1
| #define GNULIB_TEST_C32WIDTH 1
| #define GNULIB_TEST_CALLOC_GNU 1
| #define GNULIB_TEST_CALLOC_POSIX 1
| #define HAVE_READLINKAT 1
| #define GNULIB_TEST_CHDIR 1
| #define HAVE_CLOCK_GETRES 1
| #define HAVE_CLOCK_GETTIME 1
| #define HAVE_CLOCK_SETTIME 1
| #define GNULIB_TEST_CLOEXEC 1
| #define GNULIB_TEST_CLOSE 1
| #define GNULIB_CLOSE 1
| #define HAVE_CLOSEDIR 1
| #define GNULIB_TEST_CLOSEDIR 1
| #define HAVE_STRUCT_DIRENT_D_TYPE 1
| #define HAVE_DIRFD 1
| #define HAVE_DECL_DIRFD 1
| #define GNULIB_TEST_DIRFD 1
| #define GNULIB_DIRNAME 1
| #define GNULIB_TEST_DUP 1
| #define GNULIB_TEST_DUP2 1
| #define GNULIB_TEST_ENVIRON 1
| #define GNULIB_TEST_FCHDIR 1
| #define GNULIB_TEST_FCNTL 1
| #define HAVE_DECL_FDOPENDIR 1
| #define GNULIB_TEST_FDOPENDIR 1
| #define GNULIB_FDOPENDIR 1
| #define HAVE_STRUCT_STAT_ST_BLOCKS 1
| #define HAVE_ST_BLOCKS 1
| #define GNULIB_FILENAMECAT 1
| #define HAVE_MEMPCPY 1
| #define FLEXIBLE_ARRAY_MEMBER /**/
| #define GNULIB_TEST_FNMATCH 1
| #define GNULIB_FNMATCH_GNU 1
| #define GNULIB_TEST_FOPEN 1
| #define GNULIB_FOPEN_GNU 1
| #define GNULIB_TEST_FOPEN_GNU 1
| #define HAVE_FREE_POSIX 1
| #define GNULIB_TEST_FREE_POSIX 1
| #define GNULIB_TEST_FREOPEN 1
| #define GNULIB_TEST_FSTAT 1
| #define GNULIB_FSTAT 1
| #define GNULIB_TEST_FSTATAT 1
| #define GNULIB_FSTATAT 1
| #define GNULIB_TEST_GETCWD 1
| #define GNULIB_TEST_GETDTABLESIZE 1
| #define GNULIB_TEST_GETOPT_POSIX 1
| #define GNULIB_TEST_GETPAGESIZE 1
| #define HAVE_DECL_PROGRAM_INVOCATION_NAME 1
| #define HAVE_DECL_PROGRAM_INVOCATION_NAME 1
| #define HAVE_DECL_PROGRAM_INVOCATION_SHORT_NAME 1
| #define HAVE_DECL___ARGV 0
| #define GNULIB_TEST_GETPROGNAME 1
| #define HAVE_GETRANDOM 1
| #define GNULIB_TEST_GETRANDOM 1
| #define HAVE_TIMESPEC_GET 1
| #define GETTIMEOFDAY_TIMEZONE void
| #define GNULIB_TEST_GETTIMEOFDAY 1
| #define GNULIB_LOCALEDIR "/usr/local/share/locale"
| #define HAVE_INLINE 1
| #define GNULIB_ISBLANK 1
| #define HAVE_ISWBLANK 1
| #define HAVE_DECL_ISWBLANK 1
| #define GNULIB_TEST_ISWBLANK 1
| #define GNULIB_TEST_ISWCTYPE 1
| #define GNULIB_TEST_ISWDIGIT 1
| #define GNULIB_TEST_ISWPUNCT 1
| #define GNULIB_TEST_ISWXDIGIT 1
| #define HAVE___INLINE 1
| #define GNULIB_TEST_LOCALECONV 1
| #define GNULIB_LOCALECONV 1
| #define HAVE_PTHREAD_RWLOCK 1
| #define HAVE_PTHREAD_MUTEX_RECURSIVE 1
| #define GNULIB_LOCK 1
| #define GNULIB_TEST_LSTAT 1
| #define GNULIB_LSTAT 1
| #define GNULIB_TEST_MALLOC_GNU 1
| #define GNULIB_TEST_MALLOC_POSIX 1
| #define MBRTOC32_IN_C_LOCALE_MAYBE_EILSEQ 1
| #define GNULIB_TEST_MBRTOC32 1
| #define MBRTOWC_IN_C_LOCALE_MAYBE_EILSEQ 1
| #define GNULIB_TEST_MBRTOWC 1
| #define GNULIB_TEST_MBSCASECMP 1
| #define GNULIB_TEST_MBSINIT 1
| #define GNULIB_TEST_MBSRTOC32S 1
| #define GNULIB_TEST_MBSRTOWCS 1
| #define GNULIB_TEST_MBSZERO 1
| #define HAVE_MBTOWC 1
| #define GNULIB_TEST_MBTOWC 1
| #define GNULIB_MCEL_PREFER 1
| #define GNULIB_TEST_MEMCHR 1
| #define HAVE_MEMPCPY 1
| #define GNULIB_TEST_MEMPCPY 1
| #define HAVE_MEMRCHR 1
| #define GNULIB_TEST_MEMRCHR 1
| #define GNULIB_TEST_MKDIR 1
| #define GNULIB_TEST_MKSTEMP 1
| #define GNULIB_TEST_MKTIME 1
| #define NEED_MKTIME_INTERNAL 1
| #define GNULIB_MSVC_NOTHROW 1
| #define HAVE_NL_LANGINFO 1
| #define FUNC_NL_LANGINFO_YESEXPR_WORKS 1
| #define NL_LANGINFO_MTSAFE 1
| #define REPLACE_NL_LANGINFO 1
| #define GNULIB_TEST_NL_LANGINFO 1
| #define GNULIB_TEST_OPEN 1
| #define GNULIB_OPENAT 1
| #define GNULIB_TEST_OPENAT 1
| #define HAVE_OPENDIR 1
| #define GNULIB_TEST_OPENDIR 1
| #define GNULIB_TEST_PCLOSE 1
| #define GNULIB_TEST_POPEN 1
| #define HAVE_DECL_PROGRAM_INVOCATION_NAME 1
| #define HAVE_DECL_PROGRAM_INVOCATION_SHORT_NAME 1
| #define GNULIB_TEST_PTHREAD_ONCE 1
| #define HAVE_RAISE 1
| #define GNULIB_TEST_RAISE 1
| #define HAVE_RAWMEMCHR 1
| #define GNULIB_TEST_RAWMEMCHR 1
| #define HAVE_READDIR 1
| #define GNULIB_TEST_READDIR 1
| #define GNULIB_TEST_READLINK 1
| #define HAVE_READLINKAT 1
| #define GNULIB_TEST_READLINKAT 1
| #define GNULIB_TEST_REALLOC_POSIX 1
| #define HAVE_REALLOCARRAY 1
| #define GNULIB_REALLOCARRAY 1
| #define GNULIB_TEST_REALLOCARRAY 1
| #define GNULIB_TEST_SETENV 1
| #define GNULIB_TEST_SETLOCALE_NULL 1
| #define HAVE_STRUCT_SIGACTION_SA_SIGACTION 1
| #define GNULIB_TEST_SIGACTION 1
| #define GNULIB_TEST_SIGPROCMASK 1
| #define STACK_DIRECTION -1
| #define HAVE_WORKING_SIGALTSTACK 1
| #define GNULIB_TEST_STAT 1
| #define GNULIB_STAT 1
| #define HAVE_STRUCT_STAT_ST_ATIM_TV_NSEC 1
| #define TYPEOF_STRUCT_STAT_ST_ATIM_IS_STRUCT_TIMESPEC 1
| #define GNULIB_TEST_FSCANF 1
| #define GNULIB_FSCANF 1
| #define GNULIB_TEST_SCANF 1
| #define GNULIB_SCANF 1
| #define GNULIB_TEST_FGETC 1
| #define GNULIB_TEST_GETC 1
| #define GNULIB_TEST_GETCHAR 1
| #define GNULIB_TEST_FGETS 1
| #define GNULIB_TEST_FREAD 1
| #define GNULIB_TEST_FPRINTF 1
| #define GNULIB_TEST_PRINTF 1
| #define GNULIB_TEST_VFPRINTF 1
| #define GNULIB_TEST_VPRINTF 1
| #define GNULIB_TEST_FPUTC 1
| #define GNULIB_TEST_PUTC 1
| #define GNULIB_TEST_PUTCHAR 1
| #define GNULIB_TEST_FPUTS 1
| #define GNULIB_TEST_PUTS 1
| #define GNULIB_TEST_FWRITE 1
| #define HAVE_STPCPY 1
| #define GNULIB_TEST_STPCPY 1
| #define HAVE_STRCASECMP 1
| #define GNULIB_TEST_STRDUP 1
| #define GNULIB_STRERROR 1
| #define GNULIB_TEST_STRERROR 1
| #define HAVE_STRNCASECMP 1
| #define HAVE_DECL_STRNCASECMP 1
| #define GNULIB_TEST_STRNLEN 1
| #define GNULIB_TEST_STRPTIME 1
| #define HAVE_STRTOLL 1
| #define GNULIB_TEST_STRTOLL 1
| #define GNULIB_TEMPNAME 1
| #define HAVE_DECL_LOCALTIME_R 1
| #define GNULIB_TEST_TIME_R 1
| #define GNULIB_TEST_TIME_RZ 1
| #define HAVE_TIMEGM 1
| #define GNULIB_TEST_TIMEGM 1
| #define GNULIB_TEST_TIMESPEC_GET 1
| #define GNULIB_TEST_TZSET 1
| #define GNULIB_STDIO_SINGLE_THREAD 1
| #define USE_UNLOCKED_IO GNULIB_STDIO_SINGLE_THREAD
| #define HAVE_UNSETENV 1
| #define GNULIB_TEST_UNSETENV 1
| #define HAVE_C_VARARRAYS 1
| #define GNULIB_TEST_WCRTOMB 1
| #define GNULIB_TEST_WCTYPE 1
| #define HAVE_DECL_WCWIDTH 1
| #define GNULIB_TEST_WCWIDTH 1
| #define GNULIB_TEST_WMEMCHR 1
| #define HAVE_WMEMPCPY 1
| #define GNULIB_TEST_WMEMPCPY 1
| #define GNULIB_XALLOC 1
| #define GNULIB_XALLOC_DIE 1
| #define GNULIB_XSTDOPEN 1
| #define GNULIB_TEST_ACCEPT 1
| #define GNULIB_ACCEPT IN_DIFFUTILS_GNULIB_TESTS
| #define HAVE_ATOLL 1
| #define GNULIB_TEST_ATOLL 1
| #define GNULIB_TEST_BIND 1
| #define GNULIB_BIND IN_DIFFUTILS_GNULIB_TESTS
| #define GNULIB_TEST_C32RTOMB 1
| #define GNULIB_TEST_C32TOB 1
| #define GNULIB_TEST_CONNECT 1
| #define GNULIB_CONNECT IN_DIFFUTILS_GNULIB_TESTS
| #define GNULIB_TEST_FDOPEN 1
| #define HAVE_FTRUNCATE 1
| #define GNULIB_TEST_FTRUNCATE 1
| #define HAVE_DUPLOCALE 1
| #define HAVE_DECL_INET_PTON 1
| #define HAVE_IOCTL 1
| #define GNULIB_TEST_IOCTL 1
| #define GNULIB_IOCTL IN_DIFFUTILS_GNULIB_TESTS
| #define HAVE_ISNAND_IN_LIBC 1
| #define HAVE_ISNANF_IN_LIBC 1
| #define HAVE_ISNANL_IN_LIBC 1
| #define GNULIB_TEST_LISTEN 1
| #define GNULIB_LISTEN IN_DIFFUTILS_GNULIB_TESTS
| #define HAVE_NEWLOCALE 1
| #define HAVE_BUG_BIG_NANOSLEEP 1
| #define GNULIB_TEST_NANOSLEEP 1
| #define HAVE_USELOCALE 1
| #define HAVE_WORKING_USELOCALE 1
| #define GNULIB_TEST_PERROR 1
| #define GNULIB_TEST_PIPE 1
| #define GNULIB_TEST_PSELECT 1
| #define GNULIB_TEST_PTHREAD_COND 1
| #define GNULIB_TEST_PTHREAD_MUTEX 1
| #define PTHREAD_RWLOCK_BAD_WAITQUEUE 1
| #define GNULIB_TEST_PTHREAD_RWLOCK 1
| #define GNULIB_TEST_PTHREAD_THREAD 1
| #define GNULIB_TEST_PTHREAD_MUTEX_TIMEDLOCK 1
| #define GNULIB_TEST_PTHREAD_SIGMASK 1
| #define GNULIB_TEST_PUTENV 1
| #define HAVE_INITSTATE 1
| #define HAVE_SETSTATE 1
| #define GNULIB_TEST_RANDOM 1
| /* end confdefs.h.  */
| #include <stddef.h>
| #ifdef HAVE_STDIO_H
| # include <stdio.h>
| #endif
| #ifdef HAVE_STDLIB_H
| # include <stdlib.h>
| #endif
| #ifdef HAVE_STRING_H
| # include <string.h>
| #endif
| #ifdef HAVE_INTTYPES_H
| # include <inttypes.h>
| #endif
| #ifdef HAVE_STDINT_H
| # include <stdint.h>
| #endif
| #ifdef HAVE_STRINGS_H
| # include <strings.h>
| #endif
| #ifdef HAVE_SYS_TYPES_H
| # include <sys/types.h>
| #endif
| #ifdef HAVE_SYS_STAT_H
| # include <sys/stat.h>
| #endif
| #ifdef HAVE_UNISTD_H
| # include <unistd.h>
| #endif
| 
| #include <random.h>
configure:54788: result: no
configure:54800: checking for struct random_data
configure:54800: gcc -c -g -O2  conftest.c >&5
configure:54800: $? = 0
configure:54800: gcc -c -g -O2  conftest.c >&5
conftest.c: In function 'main':
conftest.c:489:33: error: expected expression before ')' token
  489 | if (sizeof ((struct random_data)))
      |                                 ^
configure:54800: $? = 1
configure: failed program was:
| /* confdefs.h */
| #define PACKAGE_NAME "GNU diffutils"
| #define PACKAGE_TARNAME "diffutils"
| #define PACKAGE_VERSION "3.12"
| #define PACKAGE_STRING "GNU diffutils 3.12"
| #define PACKAGE_BUGREPORT "bug-diffutils@gnu.org"
| #define PACKAGE_URL "https://www.gnu.org/software/diffutils/"
| #define PACKAGE "diffutils"
| #define VERSION "3.12"
| #define HAVE_STDIO_H 1
| #define HAVE_STDLIB_H 1
| #define HAVE_STRING_H 1
| #define HAVE_INTTYPES_H 1
| #define HAVE_STDINT_H 1
| #define HAVE_STRINGS_H 1
| #define HAVE_SYS_STAT_H 1
| #define HAVE_SYS_TYPES_H 1
| #define HAVE_UNISTD_H 1
| #define HAVE_WCHAR_H 1
| #define HAVE_STDBOOL_H 1
| #define HAVE_UCHAR_H 1
| #define HAVE_SYS_PARAM_H 1
| #define HAVE_SYS_SOCKET_H 1
| #define HAVE_DIRENT_H 1
| #define HAVE_ERROR_H 1
| #define HAVE_FNMATCH_H 1
| #define HAVE_GETOPT_H 1
| #define HAVE_SYS_TIME_H 1
| #define HAVE_THREADS_H 1
| #define HAVE_LIMITS_H 1
| #define HAVE_WCTYPE_H 1
| #define HAVE_LANGINFO_H 1
| #define HAVE_SYS_MMAN_H 1
| #define HAVE_PTHREAD_H 1
| #define HAVE_MALLOC_H 1
| #define HAVE_STDBIT_H 1
| #define HAVE_SYS_RANDOM_H 1
| #define HAVE_SYS_WAIT_H 1
| #define HAVE_FEATURES_H 1
| #define HAVE_ARPA_INET_H 1
| #define HAVE_NETDB_H 1
| #define HAVE_NETINET_IN_H 1
| #define HAVE_MATH_H 1
| #define HAVE_SYS_SELECT_H 1
| #define HAVE_SEMAPHORE_H 1
| #define HAVE_SYS_IOCTL_H 1
| #define HAVE_SYS_UN_H 1
| #define HAVE_SYS_UIO_H 1
| #define STDC_HEADERS 1
| #define _ALL_SOURCE 1
| #define _COSMO_SOURCE 1
| #define _DARWIN_C_SOURCE 1
| #define _GNU_SOURCE 1
| #define _HPUX_ALT_XOPEN_SOCKET_API 1
| #define _NETBSD_SOURCE 1
| #define _OPENBSD_SOURCE 1
| #define _POSIX_PTHREAD_SEMANTICS 1
| #define __STDC_WANT_IEC_60559_ATTRIBS_EXT__ 1
| #define __STDC_WANT_IEC_60559_BFP_EXT__ 1
| #define __STDC_WANT_IEC_60559_DFP_EXT__ 1
| #define __STDC_WANT_IEC_60559_EXT__ 1
| #define __STDC_WANT_IEC_60559_FUNCS_EXT__ 1
| #define __STDC_WANT_IEC_60559_TYPES_EXT__ 1
| #define __STDC_WANT_LIB_EXT2__ 1
| #define __STDC_WANT_MATH_SPEC_FUNCS__ 1
| #define _TANDEM_SOURCE 1
| #define __EXTENSIONS__ 1
| #define _LINUX_SOURCE_COMPAT 1
| #define __USE_MINGW_ANSI_STDIO 1
| #define HAVE_ALLOCA_H 1
| #define HAVE_ALLOCA 1
| #define HAVE_WINT_T 1
| #define HAVE_BTOWC 1
| #define HAVE_MBRTOWC 1
| #define HAVE_MBSINIT 1
| #define HAVE_FCHDIR 1
| #define HAVE_FCNTL 1
| #define HAVE_SYMLINK 1
| #define HAVE_FDOPENDIR 1
| #define HAVE_FNMATCH 1
| #define HAVE_MBSRTOWCS 1
| #define HAVE_FSTATAT 1
| #define HAVE_GETDTABLESIZE 1
| #define HAVE_GETTIMEOFDAY 1
| #define HAVE_ISBLANK 1
| #define HAVE_ISWCNTRL 1
| #define HAVE_LSTAT 1
| #define HAVE_MPROTECT 1
| #define HAVE_MKSTEMP 1
| #define HAVE_OPENAT 1
| #define HAVE_PCLOSE 1
| #define HAVE_POPEN 1
| #define HAVE_READLINK 1
| #define HAVE_ISWCTYPE 1
| #define HAVE_SETENV 1
| #define HAVE_SIGACTION 1
| #define HAVE_SIGALTSTACK 1
| #define HAVE_SIGINTERRUPT 1
| #define HAVE_SETRLIMIT 1
| #define HAVE_GETRLIMIT 1
| #define HAVE___XPG_STRERROR_R 1
| #define HAVE_STRPTIME 1
| #define HAVE_STRTOIMAX 1
| #define HAVE_LOCALTIME_R 1
| #define HAVE_WCRTOMB 1
| #define HAVE_WCWIDTH 1
| #define HAVE_PIPE 1
| #define HAVE_PSELECT 1
| #define HAVE_PTHREAD_SIGMASK 1
| #define HAVE_SLEEP 1
| #define HAVE_SNPRINTF 1
| #define HAVE_SHUTDOWN 1
| #define HAVE_UNLINKAT 1
| #define HAVE_WCTOB 1
| #define HAVE_SIGPROCMASK 1
| #define HAVE_FORK 1
| #define HAVE_VFORK 1
| #define HAVE_LANGINFO_CODESET 1
| #define BITSIZEOF_WCHAR_T 32
| #define HAVE_MBSTATE_T 1
| #define HAVE_WORKING_MBRTOC32 1
| #define HAVE_WORKING_C32RTOMB 1
| #define HAVE_MALLOC_PTRDIFF 1
| #define HAVE_MALLOC_POSIX 1
| #define restrict __restrict__
| #define HAVE_ENVIRON_DECL 1
| #define HAVE_ERROR 1
| #define HAVE_DECL_STRERROR_R 1
| #define HAVE_STRERROR_R 1
| #define STRERROR_R_CHAR_P 1
| #define HAVE_DECL_FCHDIR 1
| #define HAVE_WORKING_O_NOATIME 1
| #define HAVE_WORKING_O_NOFOLLOW 1
| #define HAVE_MEMPCPY 1
| #define FUNC_FFLUSH_STDIN 0
| #define LSTAT_FOLLOWS_SLASHED_SYMLINK 1
| #define HAVE_DECL_GETDTABLESIZE 1
| #define HAVE_GETOPT_H 1
| #define HAVE_GETOPT_LONG_ONLY 1
| #define HAVE_PTHREAD_API 1
| #define SETLOCALE_NULL_ALL_MTSAFE 1
| #define SETLOCALE_NULL_ONE_MTSAFE 1
| #ifndef __x86_64__
| #define __x86_64__ 1
| #endif
| #ifndef __x86_64__
| #define __x86_64__ 1
| #endif
| #define HAVE_LONG_LONG_INT 1
| #define HAVE_UNSIGNED_LONG_LONG_INT 1
| #define HAVE_TOWLOWER 1
| #define HAVE_LC_MESSAGES 1
| #define HAVE_WEAK_SYMBOLS 1
| #define USE_POSIX_THREADS 1
| #define USE_POSIX_THREADS_FROM_LIBC 1
| #define HAVE_MALLOC_0_NONNULL 1
| #define HAVE_MAP_ANONYMOUS 1
| #define HAVE_DECL_MEMRCHR 1
| #define HAVE_MINMAX_IN_SYS_PARAM_H 1
| #define TIME_T_IS_SIGNED 1
| #define HAVE_DECL_ALARM 1
| #define HAVE_STRUCT_TM_TM_GMTOFF 1
| #define HAVE_STRUCT_TM_TM_ZONE 1
| #define HAVE_TM_GMTOFF 1
| #define PROMOTED_MODE_T mode_t
| #define HAVE_PTHREAD_T 1
| #define HAVE_PTHREAD_SPINLOCK_T 1
| #define HAVE_SIGSET_T 1
| #define HAVE_SCHED_H 1
| #define HAVE_DECL_SETENV 1
| #define HAVE_DECL__PUTENV 0
| #define HAVE_SEARCH_H 1
| #define HAVE_TSEARCH 1
| #define HAVE_DECL_FCLOSEALL 1
| #define HAVE_DECL_GETW 1
| #define HAVE_DECL_PUTW 1
| #define HAVE_DECL_ECVT 1
| #define HAVE_DECL_FCVT 1
| #define HAVE_DECL_GCVT 1
| #define HAVE_DECL_STRDUP 1
| #define HAVE_STRERROR_R 1
| #define HAVE_DECL_STRNLEN 1
| #define HAVE_DECL_STRTOIMAX 1
| #define _USE_STD_STAT 1
| #define HAVE_DECL_EXECVPE 1
| #define HAVE_DECL_CLEARERR_UNLOCKED 1
| #define HAVE_DECL_FEOF_UNLOCKED 1
| #define HAVE_DECL_FERROR_UNLOCKED 1
| #define HAVE_DECL_FFLUSH_UNLOCKED 1
| #define HAVE_DECL_FGETS_UNLOCKED 1
| #define HAVE_DECL_FPUTC_UNLOCKED 1
| #define HAVE_DECL_FPUTS_UNLOCKED 1
| #define HAVE_DECL_FREAD_UNLOCKED 1
| #define HAVE_DECL_FWRITE_UNLOCKED 1
| #define HAVE_DECL_GETC_UNLOCKED 1
| #define HAVE_DECL_GETCHAR_UNLOCKED 1
| #define HAVE_DECL_PUTC_UNLOCKED 1
| #define HAVE_DECL_PUTCHAR_UNLOCKED 1
| #define HAVE_DECL_UNSETENV 1
| #define HAVE_DECL_WCSDUP 1
| #define HAVE_SHUTDOWN 1
| #define HAVE_STRUCT_SOCKADDR_STORAGE 1
| #define HAVE_SA_FAMILY_T 1
| #define HAVE_STRUCT_SOCKADDR_STORAGE_SS_FAMILY 1
| #define HAVE_IPV4 1
| #define HAVE_IPV6 1
| #define DBL_EXPBIT0_WORD 1
| #define DBL_EXPBIT0_BIT 20
| #define FLT_EXPBIT0_WORD 0
| #define FLT_EXPBIT0_BIT 23
| #define LDBL_EXPBIT0_WORD 2
| #define LDBL_EXPBIT0_BIT 0
| #define HAVE_DECL_INITSTATE 1
| #define HAVE_DECL_SETSTATE 1
| #define HAVE_DECL_SNPRINTF 1
| #define HAVE_INTTYPES_H_WITH_UINTMAX 1
| #define HAVE_STDINT_H_WITH_UINTMAX 1
| #define HAVE_INTMAX_T 1
| #define HAVE_WCSLEN 1
| #define HAVE_SNPRINTF 1
| #define HAVE_STRNLEN 1
| #define HAVE_WCRTOMB 1
| #define HAVE_DECL__SNPRINTF 0
| #define HAVE_SNPRINTF_RETVAL_C99 1
| #define HAVE_SNPRINTF_TRUNCATION_C99 1
| #define HAVE_ALLOCA 1
| #define GNULIB_TEST_BTOC32 1
| #define GNULIB_TEST_BTOWC 1
| #define HAVE___BUILTIN_EXPECT 1
| #define GNULIB_TEST_C32_APPLY_TYPE_TEST 1
| #define GNULIB_TEST_C32_GET_TYPE_TEST 1
| #define GNULIB_TEST_C32ISALNUM 1
| #define GNULIB_TEST_C32ISALPHA 1
| #define GNULIB_TEST_C32ISBLANK 1
| #define GNULIB_TEST_C32ISCNTRL 1
| #define GNULIB_TEST_C32ISDIGIT 1
| #define GNULIB_TEST_C32ISGRAPH 1
| #define GNULIB_TEST_C32ISLOWER 1
| #define GNULIB_TEST_C32ISPRINT 1
| #define GNULIB_TEST_C32ISPUNCT 1
| #define GNULIB_TEST_C32ISSPACE 1
| #define GNULIB_TEST_C32ISUPPER 1
| #define GNULIB_TEST_C32ISXDIGIT 1
| #define GNULIB_TEST_C32TOLOWER 1
| #define GNULIB_TEST_C32WIDTH 1
| #define GNULIB_TEST_CALLOC_GNU 1
| #define GNULIB_TEST_CALLOC_POSIX 1
| #define HAVE_READLINKAT 1
| #define GNULIB_TEST_CHDIR 1
| #define HAVE_CLOCK_GETRES 1
| #define HAVE_CLOCK_GETTIME 1
| #define HAVE_CLOCK_SETTIME 1
| #define GNULIB_TEST_CLOEXEC 1
| #define GNULIB_TEST_CLOSE 1
| #define GNULIB_CLOSE 1
| #define HAVE_CLOSEDIR 1
| #define GNULIB_TEST_CLOSEDIR 1
| #define HAVE_STRUCT_DIRENT_D_TYPE 1
| #define HAVE_DIRFD 1
| #define HAVE_DECL_DIRFD 1
| #define GNULIB_TEST_DIRFD 1
| #define GNULIB_DIRNAME 1
| #define GNULIB_TEST_DUP 1
| #define GNULIB_TEST_DUP2 1
| #define GNULIB_TEST_ENVIRON 1
| #define GNULIB_TEST_FCHDIR 1
| #define GNULIB_TEST_FCNTL 1
| #define HAVE_DECL_FDOPENDIR 1
| #define GNULIB_TEST_FDOPENDIR 1
| #define GNULIB_FDOPENDIR 1
| #define HAVE_STRUCT_STAT_ST_BLOCKS 1
| #define HAVE_ST_BLOCKS 1
| #define GNULIB_FILENAMECAT 1
| #define HAVE_MEMPCPY 1
| #define FLEXIBLE_ARRAY_MEMBER /**/
| #define GNULIB_TEST_FNMATCH 1
| #define GNULIB_FNMATCH_GNU 1
| #define GNULIB_TEST_FOPEN 1
| #define GNULIB_FOPEN_GNU 1
| #define GNULIB_TEST_FOPEN_GNU 1
| #define HAVE_FREE_POSIX 1
| #define GNULIB_TEST_FREE_POSIX 1
| #define GNULIB_TEST_FREOPEN 1
| #define GNULIB_TEST_FSTAT 1
| #define GNULIB_FSTAT 1
| #define GNULIB_TEST_FSTATAT 1
| #define GNULIB_FSTATAT 1
| #define GNULIB_TEST_GETCWD 1
| #define GNULIB_TEST_GETDTABLESIZE 1
| #define GNULIB_TEST_GETOPT_POSIX 1
| #define GNULIB_TEST_GETPAGESIZE 1
| #define HAVE_DECL_PROGRAM_INVOCATION_NAME 1
| #define HAVE_DECL_PROGRAM_INVOCATION_NAME 1
| #define HAVE_DECL_PROGRAM_INVOCATION_SHORT_NAME 1
| #define HAVE_DECL___ARGV 0
| #define GNULIB_TEST_GETPROGNAME 1
| #define HAVE_GETRANDOM 1
| #define GNULIB_TEST_GETRANDOM 1
| #define HAVE_TIMESPEC_GET 1
| #define GETTIMEOFDAY_TIMEZONE void
| #define GNULIB_TEST_GETTIMEOFDAY 1
| #define GNULIB_LOCALEDIR "/usr/local/share/locale"
| #define HAVE_INLINE 1
| #define GNULIB_ISBLANK 1
| #define HAVE_ISWBLANK 1
| #define HAVE_DECL_ISWBLANK 1
| #define GNULIB_TEST_ISWBLANK 1
| #define GNULIB_TEST_ISWCTYPE 1
| #define GNULIB_TEST_ISWDIGIT 1
| #define GNULIB_TEST_ISWPUNCT 1
| #define GNULIB_TEST_ISWXDIGIT 1
| #define HAVE___INLINE 1
| #define GNULIB_TEST_LOCALECONV 1
| #define GNULIB_LOCALECONV 1
| #define HAVE_PTHREAD_RWLOCK 1
| #define HAVE_PTHREAD_MUTEX_RECURSIVE 1
| #define GNULIB_LOCK 1
| #define GNULIB_TEST_LSTAT 1
| #define GNULIB_LSTAT 1
| #define GNULIB_TEST_MALLOC_GNU 1
| #define GNULIB_TEST_MALLOC_POSIX 1
| #define MBRTOC32_IN_C_LOCALE_MAYBE_EILSEQ 1
| #define GNULIB_TEST_MBRTOC32 1
| #define MBRTOWC_IN_C_LOCALE_MAYBE_EILSEQ 1
| #define GNULIB_TEST_MBRTOWC 1
| #define GNULIB_TEST_MBSCASECMP 1
| #define GNULIB_TEST_MBSINIT 1
| #define GNULIB_TEST_MBSRTOC32S 1
| #define GNULIB_TEST_MBSRTOWCS 1
| #define GNULIB_TEST_MBSZERO 1
| #define HAVE_MBTOWC 1
| #define GNULIB_TEST_MBTOWC 1
| #define GNULIB_MCEL_PREFER 1
| #define GNULIB_TEST_MEMCHR 1
| #define HAVE_MEMPCPY 1
| #define GNULIB_TEST_MEMPCPY 1
| #define HAVE_MEMRCHR 1
| #define GNULIB_TEST_MEMRCHR 1
| #define GNULIB_TEST_MKDIR 1
| #define GNULIB_TEST_MKSTEMP 1
| #define GNULIB_TEST_MKTIME 1
| #define NEED_MKTIME_INTERNAL 1
| #define GNULIB_MSVC_NOTHROW 1
| #define HAVE_NL_LANGINFO 1
| #define FUNC_NL_LANGINFO_YESEXPR_WORKS 1
| #define NL_LANGINFO_MTSAFE 1
| #define REPLACE_NL_LANGINFO 1
| #define GNULIB_TEST_NL_LANGINFO 1
| #define GNULIB_TEST_OPEN 1
| #define GNULIB_OPENAT 1
| #define GNULIB_TEST_OPENAT 1
| #define HAVE_OPENDIR 1
| #define GNULIB_TEST_OPENDIR 1
| #define GNULIB_TEST_PCLOSE 1
| #define GNULIB_TEST_POPEN 1
| #define HAVE_DECL_PROGRAM_INVOCATION_NAME 1
| #define HAVE_DECL_PROGRAM_INVOCATION_SHORT_NAME 1
| #define GNULIB_TEST_PTHREAD_ONCE 1
| #define HAVE_RAISE 1
| #define GNULIB_TEST_RAISE 1
| #define HAVE_RAWMEMCHR 1
| #define GNULIB_TEST_RAWMEMCHR 1
| #define HAVE_READDIR 1
| #define GNULIB_TEST_READDIR 1
| #define GNULIB_TEST_READLINK 1
| #define HAVE_READLINKAT 1
| #define GNULIB_TEST_READLINKAT 1
| #define GNULIB_TEST_REALLOC_POSIX 1
| #define HAVE_REALLOCARRAY 1
| #define GNULIB_REALLOCARRAY 1
| #define GNULIB_TEST_REALLOCARRAY 1
| #define GNULIB_TEST_SETENV 1
| #define GNULIB_TEST_SETLOCALE_NULL 1
| #define HAVE_STRUCT_SIGACTION_SA_SIGACTION 1
| #define GNULIB_TEST_SIGACTION 1
| #define GNULIB_TEST_SIGPROCMASK 1
| #define STACK_DIRECTION -1
| #define HAVE_WORKING_SIGALTSTACK 1
| #define GNULIB_TEST_STAT 1
| #define GNULIB_STAT 1
| #define HAVE_STRUCT_STAT_ST_ATIM_TV_NSEC 1
| #define TYPEOF_STRUCT_STAT_ST_ATIM_IS_STRUCT_TIMESPEC 1
| #define GNULIB_TEST_FSCANF 1
| #define GNULIB_FSCANF 1
| #define GNULIB_TEST_SCANF 1
| #define GNULIB_SCANF 1
| #define GNULIB_TEST_FGETC 1
| #define GNULIB_TEST_GETC 1
| #define GNULIB_TEST_GETCHAR 1
| #define GNULIB_TEST_FGETS 1
| #define GNULIB_TEST_FREAD 1
| #define GNULIB_TEST_FPRINTF 1
| #define GNULIB_TEST_PRINTF 1
| #define GNULIB_TEST_VFPRINTF 1
| #define GNULIB_TEST_VPRINTF 1
| #define GNULIB_TEST_FPUTC 1
| #define GNULIB_TEST_PUTC 1
| #define GNULIB_TEST_PUTCHAR 1
| #define GNULIB_TEST_FPUTS 1
| #define GNULIB_TEST_PUTS 1
| #define GNULIB_TEST_FWRITE 1
| #define HAVE_STPCPY 1
| #define GNULIB_TEST_STPCPY 1
| #define HAVE_STRCASECMP 1
| #define GNULIB_TEST_STRDUP 1
| #define GNULIB_STRERROR 1
| #define GNULIB_TEST_STRERROR 1
| #define HAVE_STRNCASECMP 1
| #define HAVE_DECL_STRNCASECMP 1
| #define GNULIB_TEST_STRNLEN 1
| #define GNULIB_TEST_STRPTIME 1
| #define HAVE_STRTOLL 1
| #define GNULIB_TEST_STRTOLL 1
| #define GNULIB_TEMPNAME 1
| #define HAVE_DECL_LOCALTIME_R 1
| #define GNULIB_TEST_TIME_R 1
| #define GNULIB_TEST_TIME_RZ 1
| #define HAVE_TIMEGM 1
| #define GNULIB_TEST_TIMEGM 1
| #define GNULIB_TEST_TIMESPEC_GET 1
| #define GNULIB_TEST_TZSET 1
| #define GNULIB_STDIO_SINGLE_THREAD 1
| #define USE_UNLOCKED_IO GNULIB_STDIO_SINGLE_THREAD
| #define HAVE_UNSETENV 1
| #define GNULIB_TEST_UNSETENV 1
| #define HAVE_C_VARARRAYS 1
| #define GNULIB_TEST_WCRTOMB 1
| #define GNULIB_TEST_WCTYPE 1
| #define HAVE_DECL_WCWIDTH 1
| #define GNULIB_TEST_WCWIDTH 1
| #define GNULIB_TEST_WMEMCHR 1
| #define HAVE_WMEMPCPY 1
| #define GNULIB_TEST_WMEMPCPY 1
| #define GNULIB_XALLOC 1
| #define GNULIB_XALLOC_DIE 1
| #define GNULIB_XSTDOPEN 1
| #define GNULIB_TEST_ACCEPT 1
| #define GNULIB_ACCEPT IN_DIFFUTILS_GNULIB_TESTS
| #define HAVE_ATOLL 1
| #define GNULIB_TEST_ATOLL 1
| #define GNULIB_TEST_BIND 1
| #define GNULIB_BIND IN_DIFFUTILS_GNULIB_TESTS
| #define GNULIB_TEST_C32RTOMB 1
| #define GNULIB_TEST_C32TOB 1
| #define GNULIB_TEST_CONNECT 1
| #define GNULIB_CONNECT IN_DIFFUTILS_GNULIB_TESTS
| #define GNULIB_TEST_FDOPEN 1
| #define HAVE_FTRUNCATE 1
| #define GNULIB_TEST_FTRUNCATE 1
| #define HAVE_DUPLOCALE 1
| #define HAVE_DECL_INET_PTON 1
| #define HAVE_IOCTL 1
| #define GNULIB_TEST_IOCTL 1
| #define GNULIB_IOCTL IN_DIFFUTILS_GNULIB_TESTS
| #define HAVE_ISNAND_IN_LIBC 1
| #define HAVE_ISNANF_IN_LIBC 1
| #define HAVE_ISNANL_IN_LIBC 1
| #define GNULIB_TEST_LISTEN 1
| #define GNULIB_LISTEN IN_DIFFUTILS_GNULIB_TESTS
| #define HAVE_NEWLOCALE 1
| #define HAVE_BUG_BIG_NANOSLEEP 1
| #define GNULIB_TEST_NANOSLEEP 1
| #define HAVE_USELOCALE 1
| #define HAVE_WORKING_USELOCALE 1
| #define GNULIB_TEST_PERROR 1
| #define GNULIB_TEST_PIPE 1
| #define GNULIB_TEST_PSELECT 1
| #define GNULIB_TEST_PTHREAD_COND 1
| #define GNULIB_TEST_PTHREAD_MUTEX 1
| #define PTHREAD_RWLOCK_BAD_WAITQUEUE 1
| #define GNULIB_TEST_PTHREAD_RWLOCK 1
| #define GNULIB_TEST_PTHREAD_THREAD 1
| #define GNULIB_TEST_PTHREAD_MUTEX_TIMEDLOCK 1
| #define GNULIB_TEST_PTHREAD_SIGMASK 1
| #define GNULIB_TEST_PUTENV 1
| #define HAVE_INITSTATE 1
| #define HAVE_SETSTATE 1
| #define GNULIB_TEST_RANDOM 1
| /* end confdefs.h.  */
| #include <stdlib.h>
|       #if HAVE_RANDOM_H
|       # include <random.h>
|       #endif
| 
| 
| int
| main (void)
| {
| if (sizeof ((struct random_data)))
| 	    return 0;
|   ;
|   return 0;
| }
configure:54800: result: yes
configure:54823: checking for random_r
configure:54823: gcc -o conftest -g -O2   conftest.c  >&5
configure:54823: $? = 0
configure:54823: result: yes
configure:54889: checking whether rmdir works
configure:54942: gcc -o conftest -g -O2   conftest.c  >&5
configure:54942: $? = 0
configure:54942: ./conftest
configure:54942: $? = 0
configure:54957: result: yes
configure:55014: checking whether sched_yield is declared
configure:55014: gcc -c -g -O2   conftest.c >&5
configure:55014: $? = 0
configure:55014: result: yes
configure:55072: checking whether select supports a 0 argument
configure:55106: gcc -o conftest -g -O2   conftest.c  >&5
configure:55106: $? = 0
configure:55106: ./conftest
configure:55106: $? = 0
configure:55121: result: yes
configure:55128: checking whether select detects invalid fds
configure:55182: gcc -o conftest -g -O2   conftest.c  >&5
configure:55182: $? = 0
configure:55182: ./conftest
configure:55182: $? = 0
configure:55197: result: yes
configure:55330: checking for signbit macro
configure:55441: gcc -o conftest -g -O2   conftest.c  >&5
configure:55441: $? = 0
configure:55441: ./conftest
configure:55441: $? = 0
configure:55456: result: yes
configure:55458: checking for signbit compiler built-ins
configure:55571: gcc -o conftest -g -O2   conftest.c  >&5
configure:55571: $? = 0
configure:55571: ./conftest
configure:55571: $? = 0
configure:55586: result: yes
configure:56137: checking for stdint.h
configure:56137: result: yes
configure:56144: checking for SIZE_MAX
configure:56223: result: yes
configure:56234: checking whether sleep is declared
configure:56234: gcc -c -g -O2   conftest.c >&5
configure:56234: $? = 0
configure:56234: result: yes
configure:56249: checking for working sleep
configure:56305: gcc -o conftest -g -O2   conftest.c  >&5
configure:56305: $? = 0
configure:56305: ./conftest
configure:56305: $? = 0
configure:56319: result: yes
configure:56374: checking for snprintf
configure:56374: result: yes
configure:56385: checking whether snprintf respects a size of 1
configure:56428: gcc -o conftest -g -O2   conftest.c  >&5
conftest.c: In function 'main':
conftest.c:513:25: warning: '%d' directive output truncated writing 5 bytes into a region of size 1 [-Wformat-truncation=]
  513 |   my_snprintf (buf, 1, "%d", 12345);
      |                         ^~
In file included from /usr/include/stdio.h:980,
                 from conftest.c:495:
In function 'snprintf',
    inlined from 'main' at conftest.c:513:3:
/usr/include/x86_64-linux-gnu/bits/stdio2.h:54:10: note: '__builtin___snprintf_chk' output 6 bytes into a destination of size 1
   54 |   return __builtin___snprintf_chk (__s, __n, __USE_FORTIFY_LEVEL - 1,
      |          ^~~~~~~~~~~~~~~~~~~~~~~~~~~~~~~~~~~~~~~~~~~~~~~~~~~~~~~~~~~~
   55 |                                    __glibc_objsize (__s), __fmt,
      |                                    ~~~~~~~~~~~~~~~~~~~~~~~~~~~~~
   56 |                                    __va_arg_pack ());
      |                                    ~~~~~~~~~~~~~~~~~
configure:56428: $? = 0
configure:56428: ./conftest
configure:56428: $? = 0
configure:56443: result: yes
configure:56585: checking for socklen_t
configure:56585: gcc -c -g -O2  conftest.c >&5
configure:56585: $? = 0
configure:56585: gcc -c -g -O2  conftest.c >&5
conftest.c: In function 'main':
conftest.c:513:24: error: expected expression before ')' token
  513 | if (sizeof ((socklen_t)))
      |                        ^
configure:56585: $? = 1
configure: failed program was:
| /* confdefs.h */
| #define PACKAGE_NAME "GNU diffutils"
| #define PACKAGE_TARNAME "diffutils"
| #define PACKAGE_VERSION "3.12"
| #define PACKAGE_STRING "GNU diffutils 3.12"
| #define PACKAGE_BUGREPORT "bug-diffutils@gnu.org"
| #define PACKAGE_URL "https://www.gnu.org/software/diffutils/"
| #define PACKAGE "diffutils"
| #define VERSION "3.12"
| #define HAVE_STDIO_H 1
| #define HAVE_STDLIB_H 1
| #define HAVE_STRING_H 1
| #define HAVE_INTTYPES_H 1
| #define HAVE_STDINT_H 1
| #define HAVE_STRINGS_H 1
| #define HAVE_SYS_STAT_H 1
| #define HAVE_SYS_TYPES_H 1
| #define HAVE_UNISTD_H 1
| #define HAVE_WCHAR_H 1
| #define HAVE_STDBOOL_H 1
| #define HAVE_UCHAR_H 1
| #define HAVE_SYS_PARAM_H 1
| #define HAVE_SYS_SOCKET_H 1
| #define HAVE_DIRENT_H 1
| #define HAVE_ERROR_H 1
| #define HAVE_FNMATCH_H 1
| #define HAVE_GETOPT_H 1
| #define HAVE_SYS_TIME_H 1
| #define HAVE_THREADS_H 1
| #define HAVE_LIMITS_H 1
| #define HAVE_WCTYPE_H 1
| #define HAVE_LANGINFO_H 1
| #define HAVE_SYS_MMAN_H 1
| #define HAVE_PTHREAD_H 1
| #define HAVE_MALLOC_H 1
| #define HAVE_STDBIT_H 1
| #define HAVE_SYS_RANDOM_H 1
| #define HAVE_SYS_WAIT_H 1
| #define HAVE_FEATURES_H 1
| #define HAVE_ARPA_INET_H 1
| #define HAVE_NETDB_H 1
| #define HAVE_NETINET_IN_H 1
| #define HAVE_MATH_H 1
| #define HAVE_SYS_SELECT_H 1
| #define HAVE_SEMAPHORE_H 1
| #define HAVE_SYS_IOCTL_H 1
| #define HAVE_SYS_UN_H 1
| #define HAVE_SYS_UIO_H 1
| #define STDC_HEADERS 1
| #define _ALL_SOURCE 1
| #define _COSMO_SOURCE 1
| #define _DARWIN_C_SOURCE 1
| #define _GNU_SOURCE 1
| #define _HPUX_ALT_XOPEN_SOCKET_API 1
| #define _NETBSD_SOURCE 1
| #define _OPENBSD_SOURCE 1
| #define _POSIX_PTHREAD_SEMANTICS 1
| #define __STDC_WANT_IEC_60559_ATTRIBS_EXT__ 1
| #define __STDC_WANT_IEC_60559_BFP_EXT__ 1
| #define __STDC_WANT_IEC_60559_DFP_EXT__ 1
| #define __STDC_WANT_IEC_60559_EXT__ 1
| #define __STDC_WANT_IEC_60559_FUNCS_EXT__ 1
| #define __STDC_WANT_IEC_60559_TYPES_EXT__ 1
| #define __STDC_WANT_LIB_EXT2__ 1
| #define __STDC_WANT_MATH_SPEC_FUNCS__ 1
| #define _TANDEM_SOURCE 1
| #define __EXTENSIONS__ 1
| #define _LINUX_SOURCE_COMPAT 1
| #define __USE_MINGW_ANSI_STDIO 1
| #define HAVE_ALLOCA_H 1
| #define HAVE_ALLOCA 1
| #define HAVE_WINT_T 1
| #define HAVE_BTOWC 1
| #define HAVE_MBRTOWC 1
| #define HAVE_MBSINIT 1
| #define HAVE_FCHDIR 1
| #define HAVE_FCNTL 1
| #define HAVE_SYMLINK 1
| #define HAVE_FDOPENDIR 1
| #define HAVE_FNMATCH 1
| #define HAVE_MBSRTOWCS 1
| #define HAVE_FSTATAT 1
| #define HAVE_GETDTABLESIZE 1
| #define HAVE_GETTIMEOFDAY 1
| #define HAVE_ISBLANK 1
| #define HAVE_ISWCNTRL 1
| #define HAVE_LSTAT 1
| #define HAVE_MPROTECT 1
| #define HAVE_MKSTEMP 1
| #define HAVE_OPENAT 1
| #define HAVE_PCLOSE 1
| #define HAVE_POPEN 1
| #define HAVE_READLINK 1
| #define HAVE_ISWCTYPE 1
| #define HAVE_SETENV 1
| #define HAVE_SIGACTION 1
| #define HAVE_SIGALTSTACK 1
| #define HAVE_SIGINTERRUPT 1
| #define HAVE_SETRLIMIT 1
| #define HAVE_GETRLIMIT 1
| #define HAVE___XPG_STRERROR_R 1
| #define HAVE_STRPTIME 1
| #define HAVE_STRTOIMAX 1
| #define HAVE_LOCALTIME_R 1
| #define HAVE_WCRTOMB 1
| #define HAVE_WCWIDTH 1
| #define HAVE_PIPE 1
| #define HAVE_PSELECT 1
| #define HAVE_PTHREAD_SIGMASK 1
| #define HAVE_SLEEP 1
| #define HAVE_SNPRINTF 1
| #define HAVE_SHUTDOWN 1
| #define HAVE_UNLINKAT 1
| #define HAVE_WCTOB 1
| #define HAVE_SIGPROCMASK 1
| #define HAVE_FORK 1
| #define HAVE_VFORK 1
| #define HAVE_LANGINFO_CODESET 1
| #define BITSIZEOF_WCHAR_T 32
| #define HAVE_MBSTATE_T 1
| #define HAVE_WORKING_MBRTOC32 1
| #define HAVE_WORKING_C32RTOMB 1
| #define HAVE_MALLOC_PTRDIFF 1
| #define HAVE_MALLOC_POSIX 1
| #define restrict __restrict__
| #define HAVE_ENVIRON_DECL 1
| #define HAVE_ERROR 1
| #define HAVE_DECL_STRERROR_R 1
| #define HAVE_STRERROR_R 1
| #define STRERROR_R_CHAR_P 1
| #define HAVE_DECL_FCHDIR 1
| #define HAVE_WORKING_O_NOATIME 1
| #define HAVE_WORKING_O_NOFOLLOW 1
| #define HAVE_MEMPCPY 1
| #define FUNC_FFLUSH_STDIN 0
| #define LSTAT_FOLLOWS_SLASHED_SYMLINK 1
| #define HAVE_DECL_GETDTABLESIZE 1
| #define HAVE_GETOPT_H 1
| #define HAVE_GETOPT_LONG_ONLY 1
| #define HAVE_PTHREAD_API 1
| #define SETLOCALE_NULL_ALL_MTSAFE 1
| #define SETLOCALE_NULL_ONE_MTSAFE 1
| #ifndef __x86_64__
| #define __x86_64__ 1
| #endif
| #ifndef __x86_64__
| #define __x86_64__ 1
| #endif
| #define HAVE_LONG_LONG_INT 1
| #define HAVE_UNSIGNED_LONG_LONG_INT 1
| #define HAVE_TOWLOWER 1
| #define HAVE_LC_MESSAGES 1
| #define HAVE_WEAK_SYMBOLS 1
| #define USE_POSIX_THREADS 1
| #define USE_POSIX_THREADS_FROM_LIBC 1
| #define HAVE_MALLOC_0_NONNULL 1
| #define HAVE_MAP_ANONYMOUS 1
| #define HAVE_DECL_MEMRCHR 1
| #define HAVE_MINMAX_IN_SYS_PARAM_H 1
| #define TIME_T_IS_SIGNED 1
| #define HAVE_DECL_ALARM 1
| #define HAVE_STRUCT_TM_TM_GMTOFF 1
| #define HAVE_STRUCT_TM_TM_ZONE 1
| #define HAVE_TM_GMTOFF 1
| #define PROMOTED_MODE_T mode_t
| #define HAVE_PTHREAD_T 1
| #define HAVE_PTHREAD_SPINLOCK_T 1
| #define HAVE_SIGSET_T 1
| #define HAVE_SCHED_H 1
| #define HAVE_DECL_SETENV 1
| #define HAVE_DECL__PUTENV 0
| #define HAVE_SEARCH_H 1
| #define HAVE_TSEARCH 1
| #define HAVE_DECL_FCLOSEALL 1
| #define HAVE_DECL_GETW 1
| #define HAVE_DECL_PUTW 1
| #define HAVE_DECL_ECVT 1
| #define HAVE_DECL_FCVT 1
| #define HAVE_DECL_GCVT 1
| #define HAVE_DECL_STRDUP 1
| #define HAVE_STRERROR_R 1
| #define HAVE_DECL_STRNLEN 1
| #define HAVE_DECL_STRTOIMAX 1
| #define _USE_STD_STAT 1
| #define HAVE_DECL_EXECVPE 1
| #define HAVE_DECL_CLEARERR_UNLOCKED 1
| #define HAVE_DECL_FEOF_UNLOCKED 1
| #define HAVE_DECL_FERROR_UNLOCKED 1
| #define HAVE_DECL_FFLUSH_UNLOCKED 1
| #define HAVE_DECL_FGETS_UNLOCKED 1
| #define HAVE_DECL_FPUTC_UNLOCKED 1
| #define HAVE_DECL_FPUTS_UNLOCKED 1
| #define HAVE_DECL_FREAD_UNLOCKED 1
| #define HAVE_DECL_FWRITE_UNLOCKED 1
| #define HAVE_DECL_GETC_UNLOCKED 1
| #define HAVE_DECL_GETCHAR_UNLOCKED 1
| #define HAVE_DECL_PUTC_UNLOCKED 1
| #define HAVE_DECL_PUTCHAR_UNLOCKED 1
| #define HAVE_DECL_UNSETENV 1
| #define HAVE_DECL_WCSDUP 1
| #define HAVE_SHUTDOWN 1
| #define HAVE_STRUCT_SOCKADDR_STORAGE 1
| #define HAVE_SA_FAMILY_T 1
| #define HAVE_STRUCT_SOCKADDR_STORAGE_SS_FAMILY 1
| #define HAVE_IPV4 1
| #define HAVE_IPV6 1
| #define DBL_EXPBIT0_WORD 1
| #define DBL_EXPBIT0_BIT 20
| #define FLT_EXPBIT0_WORD 0
| #define FLT_EXPBIT0_BIT 23
| #define LDBL_EXPBIT0_WORD 2
| #define LDBL_EXPBIT0_BIT 0
| #define HAVE_DECL_INITSTATE 1
| #define HAVE_DECL_SETSTATE 1
| #define HAVE_DECL_SNPRINTF 1
| #define HAVE_INTTYPES_H_WITH_UINTMAX 1
| #define HAVE_STDINT_H_WITH_UINTMAX 1
| #define HAVE_INTMAX_T 1
| #define HAVE_WCSLEN 1
| #define HAVE_SNPRINTF 1
| #define HAVE_STRNLEN 1
| #define HAVE_WCRTOMB 1
| #define HAVE_DECL__SNPRINTF 0
| #define HAVE_SNPRINTF_RETVAL_C99 1
| #define HAVE_SNPRINTF_TRUNCATION_C99 1
| #define HAVE_ALLOCA 1
| #define GNULIB_TEST_BTOC32 1
| #define GNULIB_TEST_BTOWC 1
| #define HAVE___BUILTIN_EXPECT 1
| #define GNULIB_TEST_C32_APPLY_TYPE_TEST 1
| #define GNULIB_TEST_C32_GET_TYPE_TEST 1
| #define GNULIB_TEST_C32ISALNUM 1
| #define GNULIB_TEST_C32ISALPHA 1
| #define GNULIB_TEST_C32ISBLANK 1
| #define GNULIB_TEST_C32ISCNTRL 1
| #define GNULIB_TEST_C32ISDIGIT 1
| #define GNULIB_TEST_C32ISGRAPH 1
| #define GNULIB_TEST_C32ISLOWER 1
| #define GNULIB_TEST_C32ISPRINT 1
| #define GNULIB_TEST_C32ISPUNCT 1
| #define GNULIB_TEST_C32ISSPACE 1
| #define GNULIB_TEST_C32ISUPPER 1
| #define GNULIB_TEST_C32ISXDIGIT 1
| #define GNULIB_TEST_C32TOLOWER 1
| #define GNULIB_TEST_C32WIDTH 1
| #define GNULIB_TEST_CALLOC_GNU 1
| #define GNULIB_TEST_CALLOC_POSIX 1
| #define HAVE_READLINKAT 1
| #define GNULIB_TEST_CHDIR 1
| #define HAVE_CLOCK_GETRES 1
| #define HAVE_CLOCK_GETTIME 1
| #define HAVE_CLOCK_SETTIME 1
| #define GNULIB_TEST_CLOEXEC 1
| #define GNULIB_TEST_CLOSE 1
| #define GNULIB_CLOSE 1
| #define HAVE_CLOSEDIR 1
| #define GNULIB_TEST_CLOSEDIR 1
| #define HAVE_STRUCT_DIRENT_D_TYPE 1
| #define HAVE_DIRFD 1
| #define HAVE_DECL_DIRFD 1
| #define GNULIB_TEST_DIRFD 1
| #define GNULIB_DIRNAME 1
| #define GNULIB_TEST_DUP 1
| #define GNULIB_TEST_DUP2 1
| #define GNULIB_TEST_ENVIRON 1
| #define GNULIB_TEST_FCHDIR 1
| #define GNULIB_TEST_FCNTL 1
| #define HAVE_DECL_FDOPENDIR 1
| #define GNULIB_TEST_FDOPENDIR 1
| #define GNULIB_FDOPENDIR 1
| #define HAVE_STRUCT_STAT_ST_BLOCKS 1
| #define HAVE_ST_BLOCKS 1
| #define GNULIB_FILENAMECAT 1
| #define HAVE_MEMPCPY 1
| #define FLEXIBLE_ARRAY_MEMBER /**/
| #define GNULIB_TEST_FNMATCH 1
| #define GNULIB_FNMATCH_GNU 1
| #define GNULIB_TEST_FOPEN 1
| #define GNULIB_FOPEN_GNU 1
| #define GNULIB_TEST_FOPEN_GNU 1
| #define HAVE_FREE_POSIX 1
| #define GNULIB_TEST_FREE_POSIX 1
| #define GNULIB_TEST_FREOPEN 1
| #define GNULIB_TEST_FSTAT 1
| #define GNULIB_FSTAT 1
| #define GNULIB_TEST_FSTATAT 1
| #define GNULIB_FSTATAT 1
| #define GNULIB_TEST_GETCWD 1
| #define GNULIB_TEST_GETDTABLESIZE 1
| #define GNULIB_TEST_GETOPT_POSIX 1
| #define GNULIB_TEST_GETPAGESIZE 1
| #define HAVE_DECL_PROGRAM_INVOCATION_NAME 1
| #define HAVE_DECL_PROGRAM_INVOCATION_NAME 1
| #define HAVE_DECL_PROGRAM_INVOCATION_SHORT_NAME 1
| #define HAVE_DECL___ARGV 0
| #define GNULIB_TEST_GETPROGNAME 1
| #define HAVE_GETRANDOM 1
| #define GNULIB_TEST_GETRANDOM 1
| #define HAVE_TIMESPEC_GET 1
| #define GETTIMEOFDAY_TIMEZONE void
| #define GNULIB_TEST_GETTIMEOFDAY 1
| #define GNULIB_LOCALEDIR "/usr/local/share/locale"
| #define HAVE_INLINE 1
| #define GNULIB_ISBLANK 1
| #define HAVE_ISWBLANK 1
| #define HAVE_DECL_ISWBLANK 1
| #define GNULIB_TEST_ISWBLANK 1
| #define GNULIB_TEST_ISWCTYPE 1
| #define GNULIB_TEST_ISWDIGIT 1
| #define GNULIB_TEST_ISWPUNCT 1
| #define GNULIB_TEST_ISWXDIGIT 1
| #define HAVE___INLINE 1
| #define GNULIB_TEST_LOCALECONV 1
| #define GNULIB_LOCALECONV 1
| #define HAVE_PTHREAD_RWLOCK 1
| #define HAVE_PTHREAD_MUTEX_RECURSIVE 1
| #define GNULIB_LOCK 1
| #define GNULIB_TEST_LSTAT 1
| #define GNULIB_LSTAT 1
| #define GNULIB_TEST_MALLOC_GNU 1
| #define GNULIB_TEST_MALLOC_POSIX 1
| #define MBRTOC32_IN_C_LOCALE_MAYBE_EILSEQ 1
| #define GNULIB_TEST_MBRTOC32 1
| #define MBRTOWC_IN_C_LOCALE_MAYBE_EILSEQ 1
| #define GNULIB_TEST_MBRTOWC 1
| #define GNULIB_TEST_MBSCASECMP 1
| #define GNULIB_TEST_MBSINIT 1
| #define GNULIB_TEST_MBSRTOC32S 1
| #define GNULIB_TEST_MBSRTOWCS 1
| #define GNULIB_TEST_MBSZERO 1
| #define HAVE_MBTOWC 1
| #define GNULIB_TEST_MBTOWC 1
| #define GNULIB_MCEL_PREFER 1
| #define GNULIB_TEST_MEMCHR 1
| #define HAVE_MEMPCPY 1
| #define GNULIB_TEST_MEMPCPY 1
| #define HAVE_MEMRCHR 1
| #define GNULIB_TEST_MEMRCHR 1
| #define GNULIB_TEST_MKDIR 1
| #define GNULIB_TEST_MKSTEMP 1
| #define GNULIB_TEST_MKTIME 1
| #define NEED_MKTIME_INTERNAL 1
| #define GNULIB_MSVC_NOTHROW 1
| #define HAVE_NL_LANGINFO 1
| #define FUNC_NL_LANGINFO_YESEXPR_WORKS 1
| #define NL_LANGINFO_MTSAFE 1
| #define REPLACE_NL_LANGINFO 1
| #define GNULIB_TEST_NL_LANGINFO 1
| #define GNULIB_TEST_OPEN 1
| #define GNULIB_OPENAT 1
| #define GNULIB_TEST_OPENAT 1
| #define HAVE_OPENDIR 1
| #define GNULIB_TEST_OPENDIR 1
| #define GNULIB_TEST_PCLOSE 1
| #define GNULIB_TEST_POPEN 1
| #define HAVE_DECL_PROGRAM_INVOCATION_NAME 1
| #define HAVE_DECL_PROGRAM_INVOCATION_SHORT_NAME 1
| #define GNULIB_TEST_PTHREAD_ONCE 1
| #define HAVE_RAISE 1
| #define GNULIB_TEST_RAISE 1
| #define HAVE_RAWMEMCHR 1
| #define GNULIB_TEST_RAWMEMCHR 1
| #define HAVE_READDIR 1
| #define GNULIB_TEST_READDIR 1
| #define GNULIB_TEST_READLINK 1
| #define HAVE_READLINKAT 1
| #define GNULIB_TEST_READLINKAT 1
| #define GNULIB_TEST_REALLOC_POSIX 1
| #define HAVE_REALLOCARRAY 1
| #define GNULIB_REALLOCARRAY 1
| #define GNULIB_TEST_REALLOCARRAY 1
| #define GNULIB_TEST_SETENV 1
| #define GNULIB_TEST_SETLOCALE_NULL 1
| #define HAVE_STRUCT_SIGACTION_SA_SIGACTION 1
| #define GNULIB_TEST_SIGACTION 1
| #define GNULIB_TEST_SIGPROCMASK 1
| #define STACK_DIRECTION -1
| #define HAVE_WORKING_SIGALTSTACK 1
| #define GNULIB_TEST_STAT 1
| #define GNULIB_STAT 1
| #define HAVE_STRUCT_STAT_ST_ATIM_TV_NSEC 1
| #define TYPEOF_STRUCT_STAT_ST_ATIM_IS_STRUCT_TIMESPEC 1
| #define GNULIB_TEST_FSCANF 1
| #define GNULIB_FSCANF 1
| #define GNULIB_TEST_SCANF 1
| #define GNULIB_SCANF 1
| #define GNULIB_TEST_FGETC 1
| #define GNULIB_TEST_GETC 1
| #define GNULIB_TEST_GETCHAR 1
| #define GNULIB_TEST_FGETS 1
| #define GNULIB_TEST_FREAD 1
| #define GNULIB_TEST_FPRINTF 1
| #define GNULIB_TEST_PRINTF 1
| #define GNULIB_TEST_VFPRINTF 1
| #define GNULIB_TEST_VPRINTF 1
| #define GNULIB_TEST_FPUTC 1
| #define GNULIB_TEST_PUTC 1
| #define GNULIB_TEST_PUTCHAR 1
| #define GNULIB_TEST_FPUTS 1
| #define GNULIB_TEST_PUTS 1
| #define GNULIB_TEST_FWRITE 1
| #define HAVE_STPCPY 1
| #define GNULIB_TEST_STPCPY 1
| #define HAVE_STRCASECMP 1
| #define GNULIB_TEST_STRDUP 1
| #define GNULIB_STRERROR 1
| #define GNULIB_TEST_STRERROR 1
| #define HAVE_STRNCASECMP 1
| #define HAVE_DECL_STRNCASECMP 1
| #define GNULIB_TEST_STRNLEN 1
| #define GNULIB_TEST_STRPTIME 1
| #define HAVE_STRTOLL 1
| #define GNULIB_TEST_STRTOLL 1
| #define GNULIB_TEMPNAME 1
| #define HAVE_DECL_LOCALTIME_R 1
| #define GNULIB_TEST_TIME_R 1
| #define GNULIB_TEST_TIME_RZ 1
| #define HAVE_TIMEGM 1
| #define GNULIB_TEST_TIMEGM 1
| #define GNULIB_TEST_TIMESPEC_GET 1
| #define GNULIB_TEST_TZSET 1
| #define GNULIB_STDIO_SINGLE_THREAD 1
| #define USE_UNLOCKED_IO GNULIB_STDIO_SINGLE_THREAD
| #define HAVE_UNSETENV 1
| #define GNULIB_TEST_UNSETENV 1
| #define HAVE_C_VARARRAYS 1
| #define GNULIB_TEST_WCRTOMB 1
| #define GNULIB_TEST_WCTYPE 1
| #define HAVE_DECL_WCWIDTH 1
| #define GNULIB_TEST_WCWIDTH 1
| #define GNULIB_TEST_WMEMCHR 1
| #define HAVE_WMEMPCPY 1
| #define GNULIB_TEST_WMEMPCPY 1
| #define GNULIB_XALLOC 1
| #define GNULIB_XALLOC_DIE 1
| #define GNULIB_XSTDOPEN 1
| #define GNULIB_TEST_ACCEPT 1
| #define GNULIB_ACCEPT IN_DIFFUTILS_GNULIB_TESTS
| #define HAVE_ATOLL 1
| #define GNULIB_TEST_ATOLL 1
| #define GNULIB_TEST_BIND 1
| #define GNULIB_BIND IN_DIFFUTILS_GNULIB_TESTS
| #define GNULIB_TEST_C32RTOMB 1
| #define GNULIB_TEST_C32TOB 1
| #define GNULIB_TEST_CONNECT 1
| #define GNULIB_CONNECT IN_DIFFUTILS_GNULIB_TESTS
| #define GNULIB_TEST_FDOPEN 1
| #define HAVE_FTRUNCATE 1
| #define GNULIB_TEST_FTRUNCATE 1
| #define HAVE_DUPLOCALE 1
| #define HAVE_DECL_INET_PTON 1
| #define HAVE_IOCTL 1
| #define GNULIB_TEST_IOCTL 1
| #define GNULIB_IOCTL IN_DIFFUTILS_GNULIB_TESTS
| #define HAVE_ISNAND_IN_LIBC 1
| #define HAVE_ISNANF_IN_LIBC 1
| #define HAVE_ISNANL_IN_LIBC 1
| #define GNULIB_TEST_LISTEN 1
| #define GNULIB_LISTEN IN_DIFFUTILS_GNULIB_TESTS
| #define HAVE_NEWLOCALE 1
| #define HAVE_BUG_BIG_NANOSLEEP 1
| #define GNULIB_TEST_NANOSLEEP 1
| #define HAVE_USELOCALE 1
| #define HAVE_WORKING_USELOCALE 1
| #define GNULIB_TEST_PERROR 1
| #define GNULIB_TEST_PIPE 1
| #define GNULIB_TEST_PSELECT 1
| #define GNULIB_TEST_PTHREAD_COND 1
| #define GNULIB_TEST_PTHREAD_MUTEX 1
| #define PTHREAD_RWLOCK_BAD_WAITQUEUE 1
| #define GNULIB_TEST_PTHREAD_RWLOCK 1
| #define GNULIB_TEST_PTHREAD_THREAD 1
| #define GNULIB_TEST_PTHREAD_MUTEX_TIMEDLOCK 1
| #define GNULIB_TEST_PTHREAD_SIGMASK 1
| #define GNULIB_TEST_PUTENV 1
| #define HAVE_INITSTATE 1
| #define HAVE_SETSTATE 1
| #define GNULIB_TEST_RANDOM 1
| #define HAVE_STRUCT_RANDOM_DATA 1
| #define HAVE_RANDOM_R 1
| #define GNULIB_TEST_RANDOM_R 1
| #define GNULIB_TEST_RMDIR 1
| #define GNULIB_TEST_SCHED_YIELD 1
| #define GNULIB_TEST_SELECT 1
| #define GNULIB_SELECT IN_DIFFUTILS_GNULIB_TESTS
| #define GNULIB_TEST_SETSOCKOPT 1
| #define GNULIB_SETSOCKOPT IN_DIFFUTILS_GNULIB_TESTS
| #define GNULIB_TEST_SIGNBIT 1
| #define HAVE_STDINT_H 1
| #define HAVE_DECL_SLEEP 1
| #define GNULIB_TEST_SLEEP 1
| #define HAVE_SNPRINTF 1
| #define GNULIB_TEST_SNPRINTF 1
| #define GNULIB_SNPRINTF IN_DIFFUTILS_GNULIB_TESTS
| #define GNULIB_TEST_SOCKET 1
| #define GNULIB_SOCKET IN_DIFFUTILS_GNULIB_TESTS
| /* end confdefs.h.  */
| 
| /* <sys/types.h> is not needed according to POSIX, but the
|    <sys/socket.h> in i386-unknown-freebsd4.10 and
|    powerpc-apple-darwin5.5 required it. */
| #include <sys/types.h>
| #if HAVE_SYS_SOCKET_H
| # include <sys/socket.h>
| #elif HAVE_WS2TCPIP_H
| # include <ws2tcpip.h>
| #endif
| 
| 
| int
| main (void)
| {
| if (sizeof ((socklen_t)))
| 	    return 0;
|   ;
|   return 0;
| }
configure:56585: result: yes
configure:56724: checking for catgets
configure:56761: checking for catgets
configure:56761: gcc -o conftest -g -O2   conftest.c  >&5
configure:56761: $? = 0
configure:56761: result: yes
configure:56777: result: yes
configure:56840: checking whether symlink handles trailing slash correctly
configure:56880: gcc -o conftest -g -O2   conftest.c  >&5
configure:56880: $? = 0
configure:56880: ./conftest
configure:56880: $? = 0
configure:56895: result: yes
configure:56950: checking for symlinkat
configure:56987: checking for symlinkat
configure:56987: gcc -o conftest -g -O2   conftest.c  >&5
configure:56987: $? = 0
configure:56987: result: yes
configure:57003: result: yes
configure:57023: checking whether symlinkat handles trailing slash correctly
configure:57064: gcc -o conftest -g -O2   conftest.c  >&5
configure:57064: $? = 0
configure:57064: ./conftest
configure:57064: $? = 0
configure:57079: result: yes
configure:57154: checking for IPv4 sockets
configure:57191: result: yes
configure:57199: checking for IPv6 sockets
configure:57239: result: yes
configure:57262: checking for UNIX domain sockets
configure:57292: gcc -c -g -O2  conftest.c >&5
configure:57292: $? = 0
configure:57302: result: yes
configure:57602: checking for pthread_atfork
configure:57639: checking for pthread_atfork
configure:57639: gcc -o conftest -g -O2   conftest.c   >&5
configure:57639: $? = 0
configure:57639: result: yes
configure:57655: result: yes
configure:57674: checking whether time() works
configure:57712: result: guessing no
configure:57765: checking for struct tm.tm_gmtoff
configure:57765: result: yes
configure:57775: checking for struct tm.tm_zone
configure:57775: result: yes
configure:57837: checking whether unlink honors trailing slashes
configure:57896: gcc -o conftest -g -O2   conftest.c  >&5
configure:57896: $? = 0
configure:57896: ./conftest
configure:57896: $? = 0
configure:57911: result: yes
configure:57919: checking whether unlink of a parent directory fails as it should
configure:58001: result: guessing yes
configure:58243: checking for ptrdiff_t
configure:58243: gcc -c -g -O2  conftest.c >&5
configure:58243: $? = 0
configure:58243: gcc -c -g -O2  conftest.c >&5
conftest.c: In function 'main':
conftest.c:547:24: error: expected expression before ')' token
  547 | if (sizeof ((ptrdiff_t)))
      |                        ^
configure:58243: $? = 1
configure: failed program was:
| /* confdefs.h */
| #define PACKAGE_NAME "GNU diffutils"
| #define PACKAGE_TARNAME "diffutils"
| #define PACKAGE_VERSION "3.12"
| #define PACKAGE_STRING "GNU diffutils 3.12"
| #define PACKAGE_BUGREPORT "bug-diffutils@gnu.org"
| #define PACKAGE_URL "https://www.gnu.org/software/diffutils/"
| #define PACKAGE "diffutils"
| #define VERSION "3.12"
| #define HAVE_STDIO_H 1
| #define HAVE_STDLIB_H 1
| #define HAVE_STRING_H 1
| #define HAVE_INTTYPES_H 1
| #define HAVE_STDINT_H 1
| #define HAVE_STRINGS_H 1
| #define HAVE_SYS_STAT_H 1
| #define HAVE_SYS_TYPES_H 1
| #define HAVE_UNISTD_H 1
| #define HAVE_WCHAR_H 1
| #define HAVE_STDBOOL_H 1
| #define HAVE_UCHAR_H 1
| #define HAVE_SYS_PARAM_H 1
| #define HAVE_SYS_SOCKET_H 1
| #define HAVE_DIRENT_H 1
| #define HAVE_ERROR_H 1
| #define HAVE_FNMATCH_H 1
| #define HAVE_GETOPT_H 1
| #define HAVE_SYS_TIME_H 1
| #define HAVE_THREADS_H 1
| #define HAVE_LIMITS_H 1
| #define HAVE_WCTYPE_H 1
| #define HAVE_LANGINFO_H 1
| #define HAVE_SYS_MMAN_H 1
| #define HAVE_PTHREAD_H 1
| #define HAVE_MALLOC_H 1
| #define HAVE_STDBIT_H 1
| #define HAVE_SYS_RANDOM_H 1
| #define HAVE_SYS_WAIT_H 1
| #define HAVE_FEATURES_H 1
| #define HAVE_ARPA_INET_H 1
| #define HAVE_NETDB_H 1
| #define HAVE_NETINET_IN_H 1
| #define HAVE_MATH_H 1
| #define HAVE_SYS_SELECT_H 1
| #define HAVE_SEMAPHORE_H 1
| #define HAVE_SYS_IOCTL_H 1
| #define HAVE_SYS_UN_H 1
| #define HAVE_SYS_UIO_H 1
| #define STDC_HEADERS 1
| #define _ALL_SOURCE 1
| #define _COSMO_SOURCE 1
| #define _DARWIN_C_SOURCE 1
| #define _GNU_SOURCE 1
| #define _HPUX_ALT_XOPEN_SOCKET_API 1
| #define _NETBSD_SOURCE 1
| #define _OPENBSD_SOURCE 1
| #define _POSIX_PTHREAD_SEMANTICS 1
| #define __STDC_WANT_IEC_60559_ATTRIBS_EXT__ 1
| #define __STDC_WANT_IEC_60559_BFP_EXT__ 1
| #define __STDC_WANT_IEC_60559_DFP_EXT__ 1
| #define __STDC_WANT_IEC_60559_EXT__ 1
| #define __STDC_WANT_IEC_60559_FUNCS_EXT__ 1
| #define __STDC_WANT_IEC_60559_TYPES_EXT__ 1
| #define __STDC_WANT_LIB_EXT2__ 1
| #define __STDC_WANT_MATH_SPEC_FUNCS__ 1
| #define _TANDEM_SOURCE 1
| #define __EXTENSIONS__ 1
| #define _LINUX_SOURCE_COMPAT 1
| #define __USE_MINGW_ANSI_STDIO 1
| #define HAVE_ALLOCA_H 1
| #define HAVE_ALLOCA 1
| #define HAVE_WINT_T 1
| #define HAVE_BTOWC 1
| #define HAVE_MBRTOWC 1
| #define HAVE_MBSINIT 1
| #define HAVE_FCHDIR 1
| #define HAVE_FCNTL 1
| #define HAVE_SYMLINK 1
| #define HAVE_FDOPENDIR 1
| #define HAVE_FNMATCH 1
| #define HAVE_MBSRTOWCS 1
| #define HAVE_FSTATAT 1
| #define HAVE_GETDTABLESIZE 1
| #define HAVE_GETTIMEOFDAY 1
| #define HAVE_ISBLANK 1
| #define HAVE_ISWCNTRL 1
| #define HAVE_LSTAT 1
| #define HAVE_MPROTECT 1
| #define HAVE_MKSTEMP 1
| #define HAVE_OPENAT 1
| #define HAVE_PCLOSE 1
| #define HAVE_POPEN 1
| #define HAVE_READLINK 1
| #define HAVE_ISWCTYPE 1
| #define HAVE_SETENV 1
| #define HAVE_SIGACTION 1
| #define HAVE_SIGALTSTACK 1
| #define HAVE_SIGINTERRUPT 1
| #define HAVE_SETRLIMIT 1
| #define HAVE_GETRLIMIT 1
| #define HAVE___XPG_STRERROR_R 1
| #define HAVE_STRPTIME 1
| #define HAVE_STRTOIMAX 1
| #define HAVE_LOCALTIME_R 1
| #define HAVE_WCRTOMB 1
| #define HAVE_WCWIDTH 1
| #define HAVE_PIPE 1
| #define HAVE_PSELECT 1
| #define HAVE_PTHREAD_SIGMASK 1
| #define HAVE_SLEEP 1
| #define HAVE_SNPRINTF 1
| #define HAVE_SHUTDOWN 1
| #define HAVE_UNLINKAT 1
| #define HAVE_WCTOB 1
| #define HAVE_SIGPROCMASK 1
| #define HAVE_FORK 1
| #define HAVE_VFORK 1
| #define HAVE_LANGINFO_CODESET 1
| #define BITSIZEOF_WCHAR_T 32
| #define HAVE_MBSTATE_T 1
| #define HAVE_WORKING_MBRTOC32 1
| #define HAVE_WORKING_C32RTOMB 1
| #define HAVE_MALLOC_PTRDIFF 1
| #define HAVE_MALLOC_POSIX 1
| #define restrict __restrict__
| #define HAVE_ENVIRON_DECL 1
| #define HAVE_ERROR 1
| #define HAVE_DECL_STRERROR_R 1
| #define HAVE_STRERROR_R 1
| #define STRERROR_R_CHAR_P 1
| #define HAVE_DECL_FCHDIR 1
| #define HAVE_WORKING_O_NOATIME 1
| #define HAVE_WORKING_O_NOFOLLOW 1
| #define HAVE_MEMPCPY 1
| #define FUNC_FFLUSH_STDIN 0
| #define LSTAT_FOLLOWS_SLASHED_SYMLINK 1
| #define HAVE_DECL_GETDTABLESIZE 1
| #define HAVE_GETOPT_H 1
| #define HAVE_GETOPT_LONG_ONLY 1
| #define HAVE_PTHREAD_API 1
| #define SETLOCALE_NULL_ALL_MTSAFE 1
| #define SETLOCALE_NULL_ONE_MTSAFE 1
| #ifndef __x86_64__
| #define __x86_64__ 1
| #endif
| #ifndef __x86_64__
| #define __x86_64__ 1
| #endif
| #define HAVE_LONG_LONG_INT 1
| #define HAVE_UNSIGNED_LONG_LONG_INT 1
| #define HAVE_TOWLOWER 1
| #define HAVE_LC_MESSAGES 1
| #define HAVE_WEAK_SYMBOLS 1
| #define USE_POSIX_THREADS 1
| #define USE_POSIX_THREADS_FROM_LIBC 1
| #define HAVE_MALLOC_0_NONNULL 1
| #define HAVE_MAP_ANONYMOUS 1
| #define HAVE_DECL_MEMRCHR 1
| #define HAVE_MINMAX_IN_SYS_PARAM_H 1
| #define TIME_T_IS_SIGNED 1
| #define HAVE_DECL_ALARM 1
| #define HAVE_STRUCT_TM_TM_GMTOFF 1
| #define HAVE_STRUCT_TM_TM_ZONE 1
| #define HAVE_TM_GMTOFF 1
| #define PROMOTED_MODE_T mode_t
| #define HAVE_PTHREAD_T 1
| #define HAVE_PTHREAD_SPINLOCK_T 1
| #define HAVE_SIGSET_T 1
| #define HAVE_SCHED_H 1
| #define HAVE_DECL_SETENV 1
| #define HAVE_DECL__PUTENV 0
| #define HAVE_SEARCH_H 1
| #define HAVE_TSEARCH 1
| #define HAVE_DECL_FCLOSEALL 1
| #define HAVE_DECL_GETW 1
| #define HAVE_DECL_PUTW 1
| #define HAVE_DECL_ECVT 1
| #define HAVE_DECL_FCVT 1
| #define HAVE_DECL_GCVT 1
| #define HAVE_DECL_STRDUP 1
| #define HAVE_STRERROR_R 1
| #define HAVE_DECL_STRNLEN 1
| #define HAVE_DECL_STRTOIMAX 1
| #define _USE_STD_STAT 1
| #define HAVE_DECL_EXECVPE 1
| #define HAVE_DECL_CLEARERR_UNLOCKED 1
| #define HAVE_DECL_FEOF_UNLOCKED 1
| #define HAVE_DECL_FERROR_UNLOCKED 1
| #define HAVE_DECL_FFLUSH_UNLOCKED 1
| #define HAVE_DECL_FGETS_UNLOCKED 1
| #define HAVE_DECL_FPUTC_UNLOCKED 1
| #define HAVE_DECL_FPUTS_UNLOCKED 1
| #define HAVE_DECL_FREAD_UNLOCKED 1
| #define HAVE_DECL_FWRITE_UNLOCKED 1
| #define HAVE_DECL_GETC_UNLOCKED 1
| #define HAVE_DECL_GETCHAR_UNLOCKED 1
| #define HAVE_DECL_PUTC_UNLOCKED 1
| #define HAVE_DECL_PUTCHAR_UNLOCKED 1
| #define HAVE_DECL_UNSETENV 1
| #define HAVE_DECL_WCSDUP 1
| #define HAVE_SHUTDOWN 1
| #define HAVE_STRUCT_SOCKADDR_STORAGE 1
| #define HAVE_SA_FAMILY_T 1
| #define HAVE_STRUCT_SOCKADDR_STORAGE_SS_FAMILY 1
| #define HAVE_IPV4 1
| #define HAVE_IPV6 1
| #define DBL_EXPBIT0_WORD 1
| #define DBL_EXPBIT0_BIT 20
| #define FLT_EXPBIT0_WORD 0
| #define FLT_EXPBIT0_BIT 23
| #define LDBL_EXPBIT0_WORD 2
| #define LDBL_EXPBIT0_BIT 0
| #define HAVE_DECL_INITSTATE 1
| #define HAVE_DECL_SETSTATE 1
| #define HAVE_DECL_SNPRINTF 1
| #define HAVE_INTTYPES_H_WITH_UINTMAX 1
| #define HAVE_STDINT_H_WITH_UINTMAX 1
| #define HAVE_INTMAX_T 1
| #define HAVE_WCSLEN 1
| #define HAVE_SNPRINTF 1
| #define HAVE_STRNLEN 1
| #define HAVE_WCRTOMB 1
| #define HAVE_DECL__SNPRINTF 0
| #define HAVE_SNPRINTF_RETVAL_C99 1
| #define HAVE_SNPRINTF_TRUNCATION_C99 1
| #define HAVE_ALLOCA 1
| #define GNULIB_TEST_BTOC32 1
| #define GNULIB_TEST_BTOWC 1
| #define HAVE___BUILTIN_EXPECT 1
| #define GNULIB_TEST_C32_APPLY_TYPE_TEST 1
| #define GNULIB_TEST_C32_GET_TYPE_TEST 1
| #define GNULIB_TEST_C32ISALNUM 1
| #define GNULIB_TEST_C32ISALPHA 1
| #define GNULIB_TEST_C32ISBLANK 1
| #define GNULIB_TEST_C32ISCNTRL 1
| #define GNULIB_TEST_C32ISDIGIT 1
| #define GNULIB_TEST_C32ISGRAPH 1
| #define GNULIB_TEST_C32ISLOWER 1
| #define GNULIB_TEST_C32ISPRINT 1
| #define GNULIB_TEST_C32ISPUNCT 1
| #define GNULIB_TEST_C32ISSPACE 1
| #define GNULIB_TEST_C32ISUPPER 1
| #define GNULIB_TEST_C32ISXDIGIT 1
| #define GNULIB_TEST_C32TOLOWER 1
| #define GNULIB_TEST_C32WIDTH 1
| #define GNULIB_TEST_CALLOC_GNU 1
| #define GNULIB_TEST_CALLOC_POSIX 1
| #define HAVE_READLINKAT 1
| #define GNULIB_TEST_CHDIR 1
| #define HAVE_CLOCK_GETRES 1
| #define HAVE_CLOCK_GETTIME 1
| #define HAVE_CLOCK_SETTIME 1
| #define GNULIB_TEST_CLOEXEC 1
| #define GNULIB_TEST_CLOSE 1
| #define GNULIB_CLOSE 1
| #define HAVE_CLOSEDIR 1
| #define GNULIB_TEST_CLOSEDIR 1
| #define HAVE_STRUCT_DIRENT_D_TYPE 1
| #define HAVE_DIRFD 1
| #define HAVE_DECL_DIRFD 1
| #define GNULIB_TEST_DIRFD 1
| #define GNULIB_DIRNAME 1
| #define GNULIB_TEST_DUP 1
| #define GNULIB_TEST_DUP2 1
| #define GNULIB_TEST_ENVIRON 1
| #define GNULIB_TEST_FCHDIR 1
| #define GNULIB_TEST_FCNTL 1
| #define HAVE_DECL_FDOPENDIR 1
| #define GNULIB_TEST_FDOPENDIR 1
| #define GNULIB_FDOPENDIR 1
| #define HAVE_STRUCT_STAT_ST_BLOCKS 1
| #define HAVE_ST_BLOCKS 1
| #define GNULIB_FILENAMECAT 1
| #define HAVE_MEMPCPY 1
| #define FLEXIBLE_ARRAY_MEMBER /**/
| #define GNULIB_TEST_FNMATCH 1
| #define GNULIB_FNMATCH_GNU 1
| #define GNULIB_TEST_FOPEN 1
| #define GNULIB_FOPEN_GNU 1
| #define GNULIB_TEST_FOPEN_GNU 1
| #define HAVE_FREE_POSIX 1
| #define GNULIB_TEST_FREE_POSIX 1
| #define GNULIB_TEST_FREOPEN 1
| #define GNULIB_TEST_FSTAT 1
| #define GNULIB_FSTAT 1
| #define GNULIB_TEST_FSTATAT 1
| #define GNULIB_FSTATAT 1
| #define GNULIB_TEST_GETCWD 1
| #define GNULIB_TEST_GETDTABLESIZE 1
| #define GNULIB_TEST_GETOPT_POSIX 1
| #define GNULIB_TEST_GETPAGESIZE 1
| #define HAVE_DECL_PROGRAM_INVOCATION_NAME 1
| #define HAVE_DECL_PROGRAM_INVOCATION_NAME 1
| #define HAVE_DECL_PROGRAM_INVOCATION_SHORT_NAME 1
| #define HAVE_DECL___ARGV 0
| #define GNULIB_TEST_GETPROGNAME 1
| #define HAVE_GETRANDOM 1
| #define GNULIB_TEST_GETRANDOM 1
| #define HAVE_TIMESPEC_GET 1
| #define GETTIMEOFDAY_TIMEZONE void
| #define GNULIB_TEST_GETTIMEOFDAY 1
| #define GNULIB_LOCALEDIR "/usr/local/share/locale"
| #define HAVE_INLINE 1
| #define GNULIB_ISBLANK 1
| #define HAVE_ISWBLANK 1
| #define HAVE_DECL_ISWBLANK 1
| #define GNULIB_TEST_ISWBLANK 1
| #define GNULIB_TEST_ISWCTYPE 1
| #define GNULIB_TEST_ISWDIGIT 1
| #define GNULIB_TEST_ISWPUNCT 1
| #define GNULIB_TEST_ISWXDIGIT 1
| #define HAVE___INLINE 1
| #define GNULIB_TEST_LOCALECONV 1
| #define GNULIB_LOCALECONV 1
| #define HAVE_PTHREAD_RWLOCK 1
| #define HAVE_PTHREAD_MUTEX_RECURSIVE 1
| #define GNULIB_LOCK 1
| #define GNULIB_TEST_LSTAT 1
| #define GNULIB_LSTAT 1
| #define GNULIB_TEST_MALLOC_GNU 1
| #define GNULIB_TEST_MALLOC_POSIX 1
| #define MBRTOC32_IN_C_LOCALE_MAYBE_EILSEQ 1
| #define GNULIB_TEST_MBRTOC32 1
| #define MBRTOWC_IN_C_LOCALE_MAYBE_EILSEQ 1
| #define GNULIB_TEST_MBRTOWC 1
| #define GNULIB_TEST_MBSCASECMP 1
| #define GNULIB_TEST_MBSINIT 1
| #define GNULIB_TEST_MBSRTOC32S 1
| #define GNULIB_TEST_MBSRTOWCS 1
| #define GNULIB_TEST_MBSZERO 1
| #define HAVE_MBTOWC 1
| #define GNULIB_TEST_MBTOWC 1
| #define GNULIB_MCEL_PREFER 1
| #define GNULIB_TEST_MEMCHR 1
| #define HAVE_MEMPCPY 1
| #define GNULIB_TEST_MEMPCPY 1
| #define HAVE_MEMRCHR 1
| #define GNULIB_TEST_MEMRCHR 1
| #define GNULIB_TEST_MKDIR 1
| #define GNULIB_TEST_MKSTEMP 1
| #define GNULIB_TEST_MKTIME 1
| #define NEED_MKTIME_INTERNAL 1
| #define GNULIB_MSVC_NOTHROW 1
| #define HAVE_NL_LANGINFO 1
| #define FUNC_NL_LANGINFO_YESEXPR_WORKS 1
| #define NL_LANGINFO_MTSAFE 1
| #define REPLACE_NL_LANGINFO 1
| #define GNULIB_TEST_NL_LANGINFO 1
| #define GNULIB_TEST_OPEN 1
| #define GNULIB_OPENAT 1
| #define GNULIB_TEST_OPENAT 1
| #define HAVE_OPENDIR 1
| #define GNULIB_TEST_OPENDIR 1
| #define GNULIB_TEST_PCLOSE 1
| #define GNULIB_TEST_POPEN 1
| #define HAVE_DECL_PROGRAM_INVOCATION_NAME 1
| #define HAVE_DECL_PROGRAM_INVOCATION_SHORT_NAME 1
| #define GNULIB_TEST_PTHREAD_ONCE 1
| #define HAVE_RAISE 1
| #define GNULIB_TEST_RAISE 1
| #define HAVE_RAWMEMCHR 1
| #define GNULIB_TEST_RAWMEMCHR 1
| #define HAVE_READDIR 1
| #define GNULIB_TEST_READDIR 1
| #define GNULIB_TEST_READLINK 1
| #define HAVE_READLINKAT 1
| #define GNULIB_TEST_READLINKAT 1
| #define GNULIB_TEST_REALLOC_POSIX 1
| #define HAVE_REALLOCARRAY 1
| #define GNULIB_REALLOCARRAY 1
| #define GNULIB_TEST_REALLOCARRAY 1
| #define GNULIB_TEST_SETENV 1
| #define GNULIB_TEST_SETLOCALE_NULL 1
| #define HAVE_STRUCT_SIGACTION_SA_SIGACTION 1
| #define GNULIB_TEST_SIGACTION 1
| #define GNULIB_TEST_SIGPROCMASK 1
| #define STACK_DIRECTION -1
| #define HAVE_WORKING_SIGALTSTACK 1
| #define GNULIB_TEST_STAT 1
| #define GNULIB_STAT 1
| #define HAVE_STRUCT_STAT_ST_ATIM_TV_NSEC 1
| #define TYPEOF_STRUCT_STAT_ST_ATIM_IS_STRUCT_TIMESPEC 1
| #define GNULIB_TEST_FSCANF 1
| #define GNULIB_FSCANF 1
| #define GNULIB_TEST_SCANF 1
| #define GNULIB_SCANF 1
| #define GNULIB_TEST_FGETC 1
| #define GNULIB_TEST_GETC 1
| #define GNULIB_TEST_GETCHAR 1
| #define GNULIB_TEST_FGETS 1
| #define GNULIB_TEST_FREAD 1
| #define GNULIB_TEST_FPRINTF 1
| #define GNULIB_TEST_PRINTF 1
| #define GNULIB_TEST_VFPRINTF 1
| #define GNULIB_TEST_VPRINTF 1
| #define GNULIB_TEST_FPUTC 1
| #define GNULIB_TEST_PUTC 1
| #define GNULIB_TEST_PUTCHAR 1
| #define GNULIB_TEST_FPUTS 1
| #define GNULIB_TEST_PUTS 1
| #define GNULIB_TEST_FWRITE 1
| #define HAVE_STPCPY 1
| #define GNULIB_TEST_STPCPY 1
| #define HAVE_STRCASECMP 1
| #define GNULIB_TEST_STRDUP 1
| #define GNULIB_STRERROR 1
| #define GNULIB_TEST_STRERROR 1
| #define HAVE_STRNCASECMP 1
| #define HAVE_DECL_STRNCASECMP 1
| #define GNULIB_TEST_STRNLEN 1
| #define GNULIB_TEST_STRPTIME 1
| #define HAVE_STRTOLL 1
| #define GNULIB_TEST_STRTOLL 1
| #define GNULIB_TEMPNAME 1
| #define HAVE_DECL_LOCALTIME_R 1
| #define GNULIB_TEST_TIME_R 1
| #define GNULIB_TEST_TIME_RZ 1
| #define HAVE_TIMEGM 1
| #define GNULIB_TEST_TIMEGM 1
| #define GNULIB_TEST_TIMESPEC_GET 1
| #define GNULIB_TEST_TZSET 1
| #define GNULIB_STDIO_SINGLE_THREAD 1
| #define USE_UNLOCKED_IO GNULIB_STDIO_SINGLE_THREAD
| #define HAVE_UNSETENV 1
| #define GNULIB_TEST_UNSETENV 1
| #define HAVE_C_VARARRAYS 1
| #define GNULIB_TEST_WCRTOMB 1
| #define GNULIB_TEST_WCTYPE 1
| #define HAVE_DECL_WCWIDTH 1
| #define GNULIB_TEST_WCWIDTH 1
| #define GNULIB_TEST_WMEMCHR 1
| #define HAVE_WMEMPCPY 1
| #define GNULIB_TEST_WMEMPCPY 1
| #define GNULIB_XALLOC 1
| #define GNULIB_XALLOC_DIE 1
| #define GNULIB_XSTDOPEN 1
| #define GNULIB_TEST_ACCEPT 1
| #define GNULIB_ACCEPT IN_DIFFUTILS_GNULIB_TESTS
| #define HAVE_ATOLL 1
| #define GNULIB_TEST_ATOLL 1
| #define GNULIB_TEST_BIND 1
| #define GNULIB_BIND IN_DIFFUTILS_GNULIB_TESTS
| #define GNULIB_TEST_C32RTOMB 1
| #define GNULIB_TEST_C32TOB 1
| #define GNULIB_TEST_CONNECT 1
| #define GNULIB_CONNECT IN_DIFFUTILS_GNULIB_TESTS
| #define GNULIB_TEST_FDOPEN 1
| #define HAVE_FTRUNCATE 1
| #define GNULIB_TEST_FTRUNCATE 1
| #define HAVE_DUPLOCALE 1
| #define HAVE_DECL_INET_PTON 1
| #define HAVE_IOCTL 1
| #define GNULIB_TEST_IOCTL 1
| #define GNULIB_IOCTL IN_DIFFUTILS_GNULIB_TESTS
| #define HAVE_ISNAND_IN_LIBC 1
| #define HAVE_ISNANF_IN_LIBC 1
| #define HAVE_ISNANL_IN_LIBC 1
| #define GNULIB_TEST_LISTEN 1
| #define GNULIB_LISTEN IN_DIFFUTILS_GNULIB_TESTS
| #define HAVE_NEWLOCALE 1
| #define HAVE_BUG_BIG_NANOSLEEP 1
| #define GNULIB_TEST_NANOSLEEP 1
| #define HAVE_USELOCALE 1
| #define HAVE_WORKING_USELOCALE 1
| #define GNULIB_TEST_PERROR 1
| #define GNULIB_TEST_PIPE 1
| #define GNULIB_TEST_PSELECT 1
| #define GNULIB_TEST_PTHREAD_COND 1
| #define GNULIB_TEST_PTHREAD_MUTEX 1
| #define PTHREAD_RWLOCK_BAD_WAITQUEUE 1
| #define GNULIB_TEST_PTHREAD_RWLOCK 1
| #define GNULIB_TEST_PTHREAD_THREAD 1
| #define GNULIB_TEST_PTHREAD_MUTEX_TIMEDLOCK 1
| #define GNULIB_TEST_PTHREAD_SIGMASK 1
| #define GNULIB_TEST_PUTENV 1
| #define HAVE_INITSTATE 1
| #define HAVE_SETSTATE 1
| #define GNULIB_TEST_RANDOM 1
| #define HAVE_STRUCT_RANDOM_DATA 1
| #define HAVE_RANDOM_R 1
| #define GNULIB_TEST_RANDOM_R 1
| #define GNULIB_TEST_RMDIR 1
| #define GNULIB_TEST_SCHED_YIELD 1
| #define GNULIB_TEST_SELECT 1
| #define GNULIB_SELECT IN_DIFFUTILS_GNULIB_TESTS
| #define GNULIB_TEST_SETSOCKOPT 1
| #define GNULIB_SETSOCKOPT IN_DIFFUTILS_GNULIB_TESTS
| #define GNULIB_TEST_SIGNBIT 1
| #define HAVE_STDINT_H 1
| #define HAVE_DECL_SLEEP 1
| #define GNULIB_TEST_SLEEP 1
| #define HAVE_SNPRINTF 1
| #define GNULIB_TEST_SNPRINTF 1
| #define GNULIB_SNPRINTF IN_DIFFUTILS_GNULIB_TESTS
| #define GNULIB_TEST_SOCKET 1
| #define GNULIB_SOCKET IN_DIFFUTILS_GNULIB_TESTS
| #define GNULIB_TEST_STR_STARTSWITH 1
| #define HAVE_CATGETS 1
| #define GNULIB_TEST_STRERROR_R 1
| #define GNULIB_STRERROR_R_POSIX IN_DIFFUTILS_GNULIB_TESTS
| #define GNULIB_TEST_SYMLINK 1
| #define HAVE_SYMLINKAT 1
| #define GNULIB_TEST_SYMLINKAT 1
| #define HAVE_IPV4 1
| #define HAVE_IPV6 1
| #define HAVE_UNIXSOCKET 1
| #define HAVE_PTHREAD_ATFORK 1
| #define GNULIB_TEST_TIME 1
| #define HAVE_STRUCT_TM_TM_GMTOFF 1
| #define HAVE_STRUCT_TM_TM_ZONE 1
| #define HAVE_TM_GMTOFF 1
| #define GNULIB_TEST_UNLINK 1
| #define GNULIB_TEST_UNLINKAT 1
| #define UNLINK_CANNOT_UNLINK_DIR 1
| /* end confdefs.h.  */
| #include <stddef.h>
| #ifdef HAVE_STDIO_H
| # include <stdio.h>
| #endif
| #ifdef HAVE_STDLIB_H
| # include <stdlib.h>
| #endif
| #ifdef HAVE_STRING_H
| # include <string.h>
| #endif
| #ifdef HAVE_INTTYPES_H
| # include <inttypes.h>
| #endif
| #ifdef HAVE_STDINT_H
| # include <stdint.h>
| #endif
| #ifdef HAVE_STRINGS_H
| # include <strings.h>
| #endif
| #ifdef HAVE_SYS_TYPES_H
| # include <sys/types.h>
| #endif
| #ifdef HAVE_SYS_STAT_H
| # include <sys/stat.h>
| #endif
| #ifdef HAVE_UNISTD_H
| # include <unistd.h>
| #endif
| int
| main (void)
| {
| if (sizeof ((ptrdiff_t)))
| 	    return 0;
|   ;
|   return 0;
| }
configure:58243: result: yes
configure:58307: checking whether wctob works
configure:58404: result: guessing yes
configure:58412: checking whether wctob is declared
configure:58412: gcc -c -g -O2   conftest.c >&5
configure:58412: $? = 0
configure:58412: result: yes
configure:58630: checking for stdint.h
configure:58630: result: yes
configure:58684: checking for inline
configure:58711: result: inline
configure:58730: checking for struct stat.st_rdev
configure:58730: gcc -c -g -O2  conftest.c >&5
configure:58730: $? = 0
configure:58730: result: yes
configure:58742: checking for dirent.h that defines DIR
configure:58762: gcc -c -g -O2  conftest.c >&5
configure:58762: $? = 0
configure:58773: result: yes
configure:58787: checking for library containing opendir
configure:58823: gcc -o conftest -g -O2   conftest.c  >&5
configure:58823: $? = 0
configure:58845: result: none required
configure:58924: checking for sys/wait.h that is POSIX.1 compatible
configure:58961: result: yes
configure:58970: checking for pid_t
configure:58970: result: yes
configure:59026: checking for working fork
configure:59050: gcc -o conftest -g -O2   conftest.c  >&5
configure:59050: $? = 0
configure:59050: ./conftest
configure:59050: $? = 0
configure:59064: result: yes
configure:59085: checking for working vfork
configure:59217: result: yes
configure:59243: checking whether O_PATH supports fstat
configure:59273: gcc -o conftest -g -O2   conftest.c  >&5
configure:59273: $? = 0
configure:59273: ./conftest
configure:59273: $? = 0
configure:59288: result: yes
configure:59337: gcc -E  conftest.c
configure:59337: $? = 0
configure:59849: checking for pr
configure:59872: found /usr/bin/pr
configure:59886: result: /usr/bin/pr
configure:59912: checking whether NLS is requested
configure:59923: result: yes
configure:59963: checking for msgfmt
configure: trying /usr/bin/msgfmt...
0 translated messages.
configure:59997: result: /usr/bin/msgfmt
configure:60006: checking for gmsgfmt
configure:60043: result: /usr/bin/msgfmt
configure:60093: checking for xgettext
configure: trying /usr/bin/xgettext...
/usr/bin/xgettext: warning: file '/dev/null' extension '' is unknown; will try C
configure:60127: result: /usr/bin/xgettext
configure:60172: checking for msgmerge
configure: trying /usr/bin/msgmerge...
configure:60205: result: /usr/bin/msgmerge
configure:60742: checking for CFPreferencesCopyAppValue
configure:60761: gcc -o conftest -g -O2   conftest.c  -Wl,-framework -Wl,CoreFoundation >&5
conftest.c:535:10: fatal error: CoreFoundation/CFPreferences.h: No such file or directory
  535 | #include <CoreFoundation/CFPreferences.h>
      |          ^~~~~~~~~~~~~~~~~~~~~~~~~~~~~~~~
compilation terminated.
configure:60761: $? = 1
configure: failed program was:
| /* confdefs.h */
| #define PACKAGE_NAME "GNU diffutils"
| #define PACKAGE_TARNAME "diffutils"
| #define PACKAGE_VERSION "3.12"
| #define PACKAGE_STRING "GNU diffutils 3.12"
| #define PACKAGE_BUGREPORT "bug-diffutils@gnu.org"
| #define PACKAGE_URL "https://www.gnu.org/software/diffutils/"
| #define PACKAGE "diffutils"
| #define VERSION "3.12"
| #define HAVE_STDIO_H 1
| #define HAVE_STDLIB_H 1
| #define HAVE_STRING_H 1
| #define HAVE_INTTYPES_H 1
| #define HAVE_STDINT_H 1
| #define HAVE_STRINGS_H 1
| #define HAVE_SYS_STAT_H 1
| #define HAVE_SYS_TYPES_H 1
| #define HAVE_UNISTD_H 1
| #define HAVE_WCHAR_H 1
| #define HAVE_STDBOOL_H 1
| #define HAVE_UCHAR_H 1
| #define HAVE_SYS_PARAM_H 1
| #define HAVE_SYS_SOCKET_H 1
| #define HAVE_DIRENT_H 1
| #define HAVE_ERROR_H 1
| #define HAVE_FNMATCH_H 1
| #define HAVE_GETOPT_H 1
| #define HAVE_SYS_TIME_H 1
| #define HAVE_THREADS_H 1
| #define HAVE_LIMITS_H 1
| #define HAVE_WCTYPE_H 1
| #define HAVE_LANGINFO_H 1
| #define HAVE_SYS_MMAN_H 1
| #define HAVE_PTHREAD_H 1
| #define HAVE_MALLOC_H 1
| #define HAVE_STDBIT_H 1
| #define HAVE_SYS_RANDOM_H 1
| #define HAVE_SYS_WAIT_H 1
| #define HAVE_FEATURES_H 1
| #define HAVE_ARPA_INET_H 1
| #define HAVE_NETDB_H 1
| #define HAVE_NETINET_IN_H 1
| #define HAVE_MATH_H 1
| #define HAVE_SYS_SELECT_H 1
| #define HAVE_SEMAPHORE_H 1
| #define HAVE_SYS_IOCTL_H 1
| #define HAVE_SYS_UN_H 1
| #define HAVE_SYS_UIO_H 1
| #define STDC_HEADERS 1
| #define _ALL_SOURCE 1
| #define _COSMO_SOURCE 1
| #define _DARWIN_C_SOURCE 1
| #define _GNU_SOURCE 1
| #define _HPUX_ALT_XOPEN_SOCKET_API 1
| #define _NETBSD_SOURCE 1
| #define _OPENBSD_SOURCE 1
| #define _POSIX_PTHREAD_SEMANTICS 1
| #define __STDC_WANT_IEC_60559_ATTRIBS_EXT__ 1
| #define __STDC_WANT_IEC_60559_BFP_EXT__ 1
| #define __STDC_WANT_IEC_60559_DFP_EXT__ 1
| #define __STDC_WANT_IEC_60559_EXT__ 1
| #define __STDC_WANT_IEC_60559_FUNCS_EXT__ 1
| #define __STDC_WANT_IEC_60559_TYPES_EXT__ 1
| #define __STDC_WANT_LIB_EXT2__ 1
| #define __STDC_WANT_MATH_SPEC_FUNCS__ 1
| #define _TANDEM_SOURCE 1
| #define __EXTENSIONS__ 1
| #define _LINUX_SOURCE_COMPAT 1
| #define __USE_MINGW_ANSI_STDIO 1
| #define HAVE_ALLOCA_H 1
| #define HAVE_ALLOCA 1
| #define HAVE_WINT_T 1
| #define HAVE_BTOWC 1
| #define HAVE_MBRTOWC 1
| #define HAVE_MBSINIT 1
| #define HAVE_FCHDIR 1
| #define HAVE_FCNTL 1
| #define HAVE_SYMLINK 1
| #define HAVE_FDOPENDIR 1
| #define HAVE_FNMATCH 1
| #define HAVE_MBSRTOWCS 1
| #define HAVE_FSTATAT 1
| #define HAVE_GETDTABLESIZE 1
| #define HAVE_GETTIMEOFDAY 1
| #define HAVE_ISBLANK 1
| #define HAVE_ISWCNTRL 1
| #define HAVE_LSTAT 1
| #define HAVE_MPROTECT 1
| #define HAVE_MKSTEMP 1
| #define HAVE_OPENAT 1
| #define HAVE_PCLOSE 1
| #define HAVE_POPEN 1
| #define HAVE_READLINK 1
| #define HAVE_ISWCTYPE 1
| #define HAVE_SETENV 1
| #define HAVE_SIGACTION 1
| #define HAVE_SIGALTSTACK 1
| #define HAVE_SIGINTERRUPT 1
| #define HAVE_SETRLIMIT 1
| #define HAVE_GETRLIMIT 1
| #define HAVE___XPG_STRERROR_R 1
| #define HAVE_STRPTIME 1
| #define HAVE_STRTOIMAX 1
| #define HAVE_LOCALTIME_R 1
| #define HAVE_WCRTOMB 1
| #define HAVE_WCWIDTH 1
| #define HAVE_PIPE 1
| #define HAVE_PSELECT 1
| #define HAVE_PTHREAD_SIGMASK 1
| #define HAVE_SLEEP 1
| #define HAVE_SNPRINTF 1
| #define HAVE_SHUTDOWN 1
| #define HAVE_UNLINKAT 1
| #define HAVE_WCTOB 1
| #define HAVE_SIGPROCMASK 1
| #define HAVE_FORK 1
| #define HAVE_VFORK 1
| #define HAVE_LANGINFO_CODESET 1
| #define BITSIZEOF_WCHAR_T 32
| #define HAVE_MBSTATE_T 1
| #define HAVE_WORKING_MBRTOC32 1
| #define HAVE_WORKING_C32RTOMB 1
| #define HAVE_MALLOC_PTRDIFF 1
| #define HAVE_MALLOC_POSIX 1
| #define restrict __restrict__
| #define HAVE_ENVIRON_DECL 1
| #define HAVE_ERROR 1
| #define HAVE_DECL_STRERROR_R 1
| #define HAVE_STRERROR_R 1
| #define STRERROR_R_CHAR_P 1
| #define HAVE_DECL_FCHDIR 1
| #define HAVE_WORKING_O_NOATIME 1
| #define HAVE_WORKING_O_NOFOLLOW 1
| #define HAVE_MEMPCPY 1
| #define FUNC_FFLUSH_STDIN 0
| #define LSTAT_FOLLOWS_SLASHED_SYMLINK 1
| #define HAVE_DECL_GETDTABLESIZE 1
| #define HAVE_GETOPT_H 1
| #define HAVE_GETOPT_LONG_ONLY 1
| #define HAVE_PTHREAD_API 1
| #define SETLOCALE_NULL_ALL_MTSAFE 1
| #define SETLOCALE_NULL_ONE_MTSAFE 1
| #ifndef __x86_64__
| #define __x86_64__ 1
| #endif
| #ifndef __x86_64__
| #define __x86_64__ 1
| #endif
| #define HAVE_LONG_LONG_INT 1
| #define HAVE_UNSIGNED_LONG_LONG_INT 1
| #define HAVE_TOWLOWER 1
| #define HAVE_LC_MESSAGES 1
| #define HAVE_WEAK_SYMBOLS 1
| #define USE_POSIX_THREADS 1
| #define USE_POSIX_THREADS_FROM_LIBC 1
| #define HAVE_MALLOC_0_NONNULL 1
| #define HAVE_MAP_ANONYMOUS 1
| #define HAVE_DECL_MEMRCHR 1
| #define HAVE_MINMAX_IN_SYS_PARAM_H 1
| #define TIME_T_IS_SIGNED 1
| #define HAVE_DECL_ALARM 1
| #define HAVE_STRUCT_TM_TM_GMTOFF 1
| #define HAVE_STRUCT_TM_TM_ZONE 1
| #define HAVE_TM_GMTOFF 1
| #define PROMOTED_MODE_T mode_t
| #define HAVE_PTHREAD_T 1
| #define HAVE_PTHREAD_SPINLOCK_T 1
| #define HAVE_SIGSET_T 1
| #define HAVE_SCHED_H 1
| #define HAVE_DECL_SETENV 1
| #define HAVE_DECL__PUTENV 0
| #define HAVE_SEARCH_H 1
| #define HAVE_TSEARCH 1
| #define HAVE_DECL_FCLOSEALL 1
| #define HAVE_DECL_GETW 1
| #define HAVE_DECL_PUTW 1
| #define HAVE_DECL_ECVT 1
| #define HAVE_DECL_FCVT 1
| #define HAVE_DECL_GCVT 1
| #define HAVE_DECL_STRDUP 1
| #define HAVE_STRERROR_R 1
| #define HAVE_DECL_STRNLEN 1
| #define HAVE_DECL_STRTOIMAX 1
| #define _USE_STD_STAT 1
| #define HAVE_DECL_EXECVPE 1
| #define HAVE_DECL_CLEARERR_UNLOCKED 1
| #define HAVE_DECL_FEOF_UNLOCKED 1
| #define HAVE_DECL_FERROR_UNLOCKED 1
| #define HAVE_DECL_FFLUSH_UNLOCKED 1
| #define HAVE_DECL_FGETS_UNLOCKED 1
| #define HAVE_DECL_FPUTC_UNLOCKED 1
| #define HAVE_DECL_FPUTS_UNLOCKED 1
| #define HAVE_DECL_FREAD_UNLOCKED 1
| #define HAVE_DECL_FWRITE_UNLOCKED 1
| #define HAVE_DECL_GETC_UNLOCKED 1
| #define HAVE_DECL_GETCHAR_UNLOCKED 1
| #define HAVE_DECL_PUTC_UNLOCKED 1
| #define HAVE_DECL_PUTCHAR_UNLOCKED 1
| #define HAVE_DECL_UNSETENV 1
| #define HAVE_DECL_WCSDUP 1
| #define HAVE_SHUTDOWN 1
| #define HAVE_STRUCT_SOCKADDR_STORAGE 1
| #define HAVE_SA_FAMILY_T 1
| #define HAVE_STRUCT_SOCKADDR_STORAGE_SS_FAMILY 1
| #define HAVE_IPV4 1
| #define HAVE_IPV6 1
| #define DBL_EXPBIT0_WORD 1
| #define DBL_EXPBIT0_BIT 20
| #define FLT_EXPBIT0_WORD 0
| #define FLT_EXPBIT0_BIT 23
| #define LDBL_EXPBIT0_WORD 2
| #define LDBL_EXPBIT0_BIT 0
| #define HAVE_DECL_INITSTATE 1
| #define HAVE_DECL_SETSTATE 1
| #define HAVE_DECL_SNPRINTF 1
| #define HAVE_INTTYPES_H_WITH_UINTMAX 1
| #define HAVE_STDINT_H_WITH_UINTMAX 1
| #define HAVE_INTMAX_T 1
| #define HAVE_WCSLEN 1
| #define HAVE_SNPRINTF 1
| #define HAVE_STRNLEN 1
| #define HAVE_WCRTOMB 1
| #define HAVE_DECL__SNPRINTF 0
| #define HAVE_SNPRINTF_RETVAL_C99 1
| #define HAVE_SNPRINTF_TRUNCATION_C99 1
| #define HAVE_ALLOCA 1
| #define GNULIB_TEST_BTOC32 1
| #define GNULIB_TEST_BTOWC 1
| #define HAVE___BUILTIN_EXPECT 1
| #define GNULIB_TEST_C32_APPLY_TYPE_TEST 1
| #define GNULIB_TEST_C32_GET_TYPE_TEST 1
| #define GNULIB_TEST_C32ISALNUM 1
| #define GNULIB_TEST_C32ISALPHA 1
| #define GNULIB_TEST_C32ISBLANK 1
| #define GNULIB_TEST_C32ISCNTRL 1
| #define GNULIB_TEST_C32ISDIGIT 1
| #define GNULIB_TEST_C32ISGRAPH 1
| #define GNULIB_TEST_C32ISLOWER 1
| #define GNULIB_TEST_C32ISPRINT 1
| #define GNULIB_TEST_C32ISPUNCT 1
| #define GNULIB_TEST_C32ISSPACE 1
| #define GNULIB_TEST_C32ISUPPER 1
| #define GNULIB_TEST_C32ISXDIGIT 1
| #define GNULIB_TEST_C32TOLOWER 1
| #define GNULIB_TEST_C32WIDTH 1
| #define GNULIB_TEST_CALLOC_GNU 1
| #define GNULIB_TEST_CALLOC_POSIX 1
| #define HAVE_READLINKAT 1
| #define GNULIB_TEST_CHDIR 1
| #define HAVE_CLOCK_GETRES 1
| #define HAVE_CLOCK_GETTIME 1
| #define HAVE_CLOCK_SETTIME 1
| #define GNULIB_TEST_CLOEXEC 1
| #define GNULIB_TEST_CLOSE 1
| #define GNULIB_CLOSE 1
| #define HAVE_CLOSEDIR 1
| #define GNULIB_TEST_CLOSEDIR 1
| #define HAVE_STRUCT_DIRENT_D_TYPE 1
| #define HAVE_DIRFD 1
| #define HAVE_DECL_DIRFD 1
| #define GNULIB_TEST_DIRFD 1
| #define GNULIB_DIRNAME 1
| #define GNULIB_TEST_DUP 1
| #define GNULIB_TEST_DUP2 1
| #define GNULIB_TEST_ENVIRON 1
| #define GNULIB_TEST_FCHDIR 1
| #define GNULIB_TEST_FCNTL 1
| #define HAVE_DECL_FDOPENDIR 1
| #define GNULIB_TEST_FDOPENDIR 1
| #define GNULIB_FDOPENDIR 1
| #define HAVE_STRUCT_STAT_ST_BLOCKS 1
| #define HAVE_ST_BLOCKS 1
| #define GNULIB_FILENAMECAT 1
| #define HAVE_MEMPCPY 1
| #define FLEXIBLE_ARRAY_MEMBER /**/
| #define GNULIB_TEST_FNMATCH 1
| #define GNULIB_FNMATCH_GNU 1
| #define GNULIB_TEST_FOPEN 1
| #define GNULIB_FOPEN_GNU 1
| #define GNULIB_TEST_FOPEN_GNU 1
| #define HAVE_FREE_POSIX 1
| #define GNULIB_TEST_FREE_POSIX 1
| #define GNULIB_TEST_FREOPEN 1
| #define GNULIB_TEST_FSTAT 1
| #define GNULIB_FSTAT 1
| #define GNULIB_TEST_FSTATAT 1
| #define GNULIB_FSTATAT 1
| #define GNULIB_TEST_GETCWD 1
| #define GNULIB_TEST_GETDTABLESIZE 1
| #define GNULIB_TEST_GETOPT_POSIX 1
| #define GNULIB_TEST_GETPAGESIZE 1
| #define HAVE_DECL_PROGRAM_INVOCATION_NAME 1
| #define HAVE_DECL_PROGRAM_INVOCATION_NAME 1
| #define HAVE_DECL_PROGRAM_INVOCATION_SHORT_NAME 1
| #define HAVE_DECL___ARGV 0
| #define GNULIB_TEST_GETPROGNAME 1
| #define HAVE_GETRANDOM 1
| #define GNULIB_TEST_GETRANDOM 1
| #define HAVE_TIMESPEC_GET 1
| #define GETTIMEOFDAY_TIMEZONE void
| #define GNULIB_TEST_GETTIMEOFDAY 1
| #define GNULIB_LOCALEDIR "/usr/local/share/locale"
| #define HAVE_INLINE 1
| #define GNULIB_ISBLANK 1
| #define HAVE_ISWBLANK 1
| #define HAVE_DECL_ISWBLANK 1
| #define GNULIB_TEST_ISWBLANK 1
| #define GNULIB_TEST_ISWCTYPE 1
| #define GNULIB_TEST_ISWDIGIT 1
| #define GNULIB_TEST_ISWPUNCT 1
| #define GNULIB_TEST_ISWXDIGIT 1
| #define HAVE___INLINE 1
| #define GNULIB_TEST_LOCALECONV 1
| #define GNULIB_LOCALECONV 1
| #define HAVE_PTHREAD_RWLOCK 1
| #define HAVE_PTHREAD_MUTEX_RECURSIVE 1
| #define GNULIB_LOCK 1
| #define GNULIB_TEST_LSTAT 1
| #define GNULIB_LSTAT 1
| #define GNULIB_TEST_MALLOC_GNU 1
| #define GNULIB_TEST_MALLOC_POSIX 1
| #define MBRTOC32_IN_C_LOCALE_MAYBE_EILSEQ 1
| #define GNULIB_TEST_MBRTOC32 1
| #define MBRTOWC_IN_C_LOCALE_MAYBE_EILSEQ 1
| #define GNULIB_TEST_MBRTOWC 1
| #define GNULIB_TEST_MBSCASECMP 1
| #define GNULIB_TEST_MBSINIT 1
| #define GNULIB_TEST_MBSRTOC32S 1
| #define GNULIB_TEST_MBSRTOWCS 1
| #define GNULIB_TEST_MBSZERO 1
| #define HAVE_MBTOWC 1
| #define GNULIB_TEST_MBTOWC 1
| #define GNULIB_MCEL_PREFER 1
| #define GNULIB_TEST_MEMCHR 1
| #define HAVE_MEMPCPY 1
| #define GNULIB_TEST_MEMPCPY 1
| #define HAVE_MEMRCHR 1
| #define GNULIB_TEST_MEMRCHR 1
| #define GNULIB_TEST_MKDIR 1
| #define GNULIB_TEST_MKSTEMP 1
| #define GNULIB_TEST_MKTIME 1
| #define NEED_MKTIME_INTERNAL 1
| #define GNULIB_MSVC_NOTHROW 1
| #define HAVE_NL_LANGINFO 1
| #define FUNC_NL_LANGINFO_YESEXPR_WORKS 1
| #define NL_LANGINFO_MTSAFE 1
| #define REPLACE_NL_LANGINFO 1
| #define GNULIB_TEST_NL_LANGINFO 1
| #define GNULIB_TEST_OPEN 1
| #define GNULIB_OPENAT 1
| #define GNULIB_TEST_OPENAT 1
| #define HAVE_OPENDIR 1
| #define GNULIB_TEST_OPENDIR 1
| #define GNULIB_TEST_PCLOSE 1
| #define GNULIB_TEST_POPEN 1
| #define HAVE_DECL_PROGRAM_INVOCATION_NAME 1
| #define HAVE_DECL_PROGRAM_INVOCATION_SHORT_NAME 1
| #define GNULIB_TEST_PTHREAD_ONCE 1
| #define HAVE_RAISE 1
| #define GNULIB_TEST_RAISE 1
| #define HAVE_RAWMEMCHR 1
| #define GNULIB_TEST_RAWMEMCHR 1
| #define HAVE_READDIR 1
| #define GNULIB_TEST_READDIR 1
| #define GNULIB_TEST_READLINK 1
| #define HAVE_READLINKAT 1
| #define GNULIB_TEST_READLINKAT 1
| #define GNULIB_TEST_REALLOC_POSIX 1
| #define HAVE_REALLOCARRAY 1
| #define GNULIB_REALLOCARRAY 1
| #define GNULIB_TEST_REALLOCARRAY 1
| #define GNULIB_TEST_SETENV 1
| #define GNULIB_TEST_SETLOCALE_NULL 1
| #define HAVE_STRUCT_SIGACTION_SA_SIGACTION 1
| #define GNULIB_TEST_SIGACTION 1
| #define GNULIB_TEST_SIGPROCMASK 1
| #define STACK_DIRECTION -1
| #define HAVE_WORKING_SIGALTSTACK 1
| #define GNULIB_TEST_STAT 1
| #define GNULIB_STAT 1
| #define HAVE_STRUCT_STAT_ST_ATIM_TV_NSEC 1
| #define TYPEOF_STRUCT_STAT_ST_ATIM_IS_STRUCT_TIMESPEC 1
| #define GNULIB_TEST_FSCANF 1
| #define GNULIB_FSCANF 1
| #define GNULIB_TEST_SCANF 1
| #define GNULIB_SCANF 1
| #define GNULIB_TEST_FGETC 1
| #define GNULIB_TEST_GETC 1
| #define GNULIB_TEST_GETCHAR 1
| #define GNULIB_TEST_FGETS 1
| #define GNULIB_TEST_FREAD 1
| #define GNULIB_TEST_FPRINTF 1
| #define GNULIB_TEST_PRINTF 1
| #define GNULIB_TEST_VFPRINTF 1
| #define GNULIB_TEST_VPRINTF 1
| #define GNULIB_TEST_FPUTC 1
| #define GNULIB_TEST_PUTC 1
| #define GNULIB_TEST_PUTCHAR 1
| #define GNULIB_TEST_FPUTS 1
| #define GNULIB_TEST_PUTS 1
| #define GNULIB_TEST_FWRITE 1
| #define HAVE_STPCPY 1
| #define GNULIB_TEST_STPCPY 1
| #define HAVE_STRCASECMP 1
| #define GNULIB_TEST_STRDUP 1
| #define GNULIB_STRERROR 1
| #define GNULIB_TEST_STRERROR 1
| #define HAVE_STRNCASECMP 1
| #define HAVE_DECL_STRNCASECMP 1
| #define GNULIB_TEST_STRNLEN 1
| #define GNULIB_TEST_STRPTIME 1
| #define HAVE_STRTOLL 1
| #define GNULIB_TEST_STRTOLL 1
| #define GNULIB_TEMPNAME 1
| #define HAVE_DECL_LOCALTIME_R 1
| #define GNULIB_TEST_TIME_R 1
| #define GNULIB_TEST_TIME_RZ 1
| #define HAVE_TIMEGM 1
| #define GNULIB_TEST_TIMEGM 1
| #define GNULIB_TEST_TIMESPEC_GET 1
| #define GNULIB_TEST_TZSET 1
| #define GNULIB_STDIO_SINGLE_THREAD 1
| #define USE_UNLOCKED_IO GNULIB_STDIO_SINGLE_THREAD
| #define HAVE_UNSETENV 1
| #define GNULIB_TEST_UNSETENV 1
| #define HAVE_C_VARARRAYS 1
| #define GNULIB_TEST_WCRTOMB 1
| #define GNULIB_TEST_WCTYPE 1
| #define HAVE_DECL_WCWIDTH 1
| #define GNULIB_TEST_WCWIDTH 1
| #define GNULIB_TEST_WMEMCHR 1
| #define HAVE_WMEMPCPY 1
| #define GNULIB_TEST_WMEMPCPY 1
| #define GNULIB_XALLOC 1
| #define GNULIB_XALLOC_DIE 1
| #define GNULIB_XSTDOPEN 1
| #define GNULIB_TEST_ACCEPT 1
| #define GNULIB_ACCEPT IN_DIFFUTILS_GNULIB_TESTS
| #define HAVE_ATOLL 1
| #define GNULIB_TEST_ATOLL 1
| #define GNULIB_TEST_BIND 1
| #define GNULIB_BIND IN_DIFFUTILS_GNULIB_TESTS
| #define GNULIB_TEST_C32RTOMB 1
| #define GNULIB_TEST_C32TOB 1
| #define GNULIB_TEST_CONNECT 1
| #define GNULIB_CONNECT IN_DIFFUTILS_GNULIB_TESTS
| #define GNULIB_TEST_FDOPEN 1
| #define HAVE_FTRUNCATE 1
| #define GNULIB_TEST_FTRUNCATE 1
| #define HAVE_DUPLOCALE 1
| #define HAVE_DECL_INET_PTON 1
| #define HAVE_IOCTL 1
| #define GNULIB_TEST_IOCTL 1
| #define GNULIB_IOCTL IN_DIFFUTILS_GNULIB_TESTS
| #define HAVE_ISNAND_IN_LIBC 1
| #define HAVE_ISNANF_IN_LIBC 1
| #define HAVE_ISNANL_IN_LIBC 1
| #define GNULIB_TEST_LISTEN 1
| #define GNULIB_LISTEN IN_DIFFUTILS_GNULIB_TESTS
| #define HAVE_NEWLOCALE 1
| #define HAVE_BUG_BIG_NANOSLEEP 1
| #define GNULIB_TEST_NANOSLEEP 1
| #define HAVE_USELOCALE 1
| #define HAVE_WORKING_USELOCALE 1
| #define GNULIB_TEST_PERROR 1
| #define GNULIB_TEST_PIPE 1
| #define GNULIB_TEST_PSELECT 1
| #define GNULIB_TEST_PTHREAD_COND 1
| #define GNULIB_TEST_PTHREAD_MUTEX 1
| #define PTHREAD_RWLOCK_BAD_WAITQUEUE 1
| #define GNULIB_TEST_PTHREAD_RWLOCK 1
| #define GNULIB_TEST_PTHREAD_THREAD 1
| #define GNULIB_TEST_PTHREAD_MUTEX_TIMEDLOCK 1
| #define GNULIB_TEST_PTHREAD_SIGMASK 1
| #define GNULIB_TEST_PUTENV 1
| #define HAVE_INITSTATE 1
| #define HAVE_SETSTATE 1
| #define GNULIB_TEST_RANDOM 1
| #define HAVE_STRUCT_RANDOM_DATA 1
| #define HAVE_RANDOM_R 1
| #define GNULIB_TEST_RANDOM_R 1
| #define GNULIB_TEST_RMDIR 1
| #define GNULIB_TEST_SCHED_YIELD 1
| #define GNULIB_TEST_SELECT 1
| #define GNULIB_SELECT IN_DIFFUTILS_GNULIB_TESTS
| #define GNULIB_TEST_SETSOCKOPT 1
| #define GNULIB_SETSOCKOPT IN_DIFFUTILS_GNULIB_TESTS
| #define GNULIB_TEST_SIGNBIT 1
| #define HAVE_STDINT_H 1
| #define HAVE_DECL_SLEEP 1
| #define GNULIB_TEST_SLEEP 1
| #define HAVE_SNPRINTF 1
| #define GNULIB_TEST_SNPRINTF 1
| #define GNULIB_SNPRINTF IN_DIFFUTILS_GNULIB_TESTS
| #define GNULIB_TEST_SOCKET 1
| #define GNULIB_SOCKET IN_DIFFUTILS_GNULIB_TESTS
| #define GNULIB_TEST_STR_STARTSWITH 1
| #define HAVE_CATGETS 1
| #define GNULIB_TEST_STRERROR_R 1
| #define GNULIB_STRERROR_R_POSIX IN_DIFFUTILS_GNULIB_TESTS
| #define GNULIB_TEST_SYMLINK 1
| #define HAVE_SYMLINKAT 1
| #define GNULIB_TEST_SYMLINKAT 1
| #define HAVE_IPV4 1
| #define HAVE_IPV6 1
| #define HAVE_UNIXSOCKET 1
| #define HAVE_PTHREAD_ATFORK 1
| #define GNULIB_TEST_TIME 1
| #define HAVE_STRUCT_TM_TM_GMTOFF 1
| #define HAVE_STRUCT_TM_TM_ZONE 1
| #define HAVE_TM_GMTOFF 1
| #define GNULIB_TEST_UNLINK 1
| #define GNULIB_TEST_UNLINKAT 1
| #define UNLINK_CANNOT_UNLINK_DIR 1
| #define GNULIB_TEST_VSNZPRINTF 1
| #define HAVE_DECL_WCTOB 1
| #define GNULIB_TEST_WCTOB 1
| #define GNULIB_TEST_WCTOMB 1
| #define HAVE_STDINT_H 1
| #define GNULIB_NO_VLA 1
| #define GNULIB_EXCLUDE_SINGLE_THREAD 1
| #define GNULIB_MBRTOWC_SINGLE_THREAD 1
| #define GNULIB_REGEX_SINGLE_THREAD 1
| #define GNULIB_WCHAR_SINGLE_LOCALE 1
| #define GNULIB_MBRTOC32_REGULAR 1
| #define HAVE_STRUCT_STAT_ST_RDEV 1
| #define HAVE_DIRENT_H 1
| #define HAVE_SYS_WAIT_H 1
| #define HAVE_WORKING_VFORK 1
| #define HAVE_WORKING_FORK 1
| #define O_PATH_SUPPORTS_FSTAT 1
| #define DEFAULT_EDITOR_PROGRAM "ed"
| #define PR_PROGRAM "/usr/bin/pr"
| /* end confdefs.h.  */
| #include <CoreFoundation/CFPreferences.h>
| int
| main (void)
| {
| CFPreferencesCopyAppValue(NULL, NULL)
|   ;
|   return 0;
| }
configure:60773: result: no
configure:60780: checking for CFLocaleCopyCurrent
configure:60799: gcc -o conftest -g -O2   conftest.c  -Wl,-framework -Wl,CoreFoundation >&5
conftest.c:535:10: fatal error: CoreFoundation/CFLocale.h: No such file or directory
  535 | #include <CoreFoundation/CFLocale.h>
      |          ^~~~~~~~~~~~~~~~~~~~~~~~~~~
compilation terminated.
configure:60799: $? = 1
configure: failed program was:
| /* confdefs.h */
| #define PACKAGE_NAME "GNU diffutils"
| #define PACKAGE_TARNAME "diffutils"
| #define PACKAGE_VERSION "3.12"
| #define PACKAGE_STRING "GNU diffutils 3.12"
| #define PACKAGE_BUGREPORT "bug-diffutils@gnu.org"
| #define PACKAGE_URL "https://www.gnu.org/software/diffutils/"
| #define PACKAGE "diffutils"
| #define VERSION "3.12"
| #define HAVE_STDIO_H 1
| #define HAVE_STDLIB_H 1
| #define HAVE_STRING_H 1
| #define HAVE_INTTYPES_H 1
| #define HAVE_STDINT_H 1
| #define HAVE_STRINGS_H 1
| #define HAVE_SYS_STAT_H 1
| #define HAVE_SYS_TYPES_H 1
| #define HAVE_UNISTD_H 1
| #define HAVE_WCHAR_H 1
| #define HAVE_STDBOOL_H 1
| #define HAVE_UCHAR_H 1
| #define HAVE_SYS_PARAM_H 1
| #define HAVE_SYS_SOCKET_H 1
| #define HAVE_DIRENT_H 1
| #define HAVE_ERROR_H 1
| #define HAVE_FNMATCH_H 1
| #define HAVE_GETOPT_H 1
| #define HAVE_SYS_TIME_H 1
| #define HAVE_THREADS_H 1
| #define HAVE_LIMITS_H 1
| #define HAVE_WCTYPE_H 1
| #define HAVE_LANGINFO_H 1
| #define HAVE_SYS_MMAN_H 1
| #define HAVE_PTHREAD_H 1
| #define HAVE_MALLOC_H 1
| #define HAVE_STDBIT_H 1
| #define HAVE_SYS_RANDOM_H 1
| #define HAVE_SYS_WAIT_H 1
| #define HAVE_FEATURES_H 1
| #define HAVE_ARPA_INET_H 1
| #define HAVE_NETDB_H 1
| #define HAVE_NETINET_IN_H 1
| #define HAVE_MATH_H 1
| #define HAVE_SYS_SELECT_H 1
| #define HAVE_SEMAPHORE_H 1
| #define HAVE_SYS_IOCTL_H 1
| #define HAVE_SYS_UN_H 1
| #define HAVE_SYS_UIO_H 1
| #define STDC_HEADERS 1
| #define _ALL_SOURCE 1
| #define _COSMO_SOURCE 1
| #define _DARWIN_C_SOURCE 1
| #define _GNU_SOURCE 1
| #define _HPUX_ALT_XOPEN_SOCKET_API 1
| #define _NETBSD_SOURCE 1
| #define _OPENBSD_SOURCE 1
| #define _POSIX_PTHREAD_SEMANTICS 1
| #define __STDC_WANT_IEC_60559_ATTRIBS_EXT__ 1
| #define __STDC_WANT_IEC_60559_BFP_EXT__ 1
| #define __STDC_WANT_IEC_60559_DFP_EXT__ 1
| #define __STDC_WANT_IEC_60559_EXT__ 1
| #define __STDC_WANT_IEC_60559_FUNCS_EXT__ 1
| #define __STDC_WANT_IEC_60559_TYPES_EXT__ 1
| #define __STDC_WANT_LIB_EXT2__ 1
| #define __STDC_WANT_MATH_SPEC_FUNCS__ 1
| #define _TANDEM_SOURCE 1
| #define __EXTENSIONS__ 1
| #define _LINUX_SOURCE_COMPAT 1
| #define __USE_MINGW_ANSI_STDIO 1
| #define HAVE_ALLOCA_H 1
| #define HAVE_ALLOCA 1
| #define HAVE_WINT_T 1
| #define HAVE_BTOWC 1
| #define HAVE_MBRTOWC 1
| #define HAVE_MBSINIT 1
| #define HAVE_FCHDIR 1
| #define HAVE_FCNTL 1
| #define HAVE_SYMLINK 1
| #define HAVE_FDOPENDIR 1
| #define HAVE_FNMATCH 1
| #define HAVE_MBSRTOWCS 1
| #define HAVE_FSTATAT 1
| #define HAVE_GETDTABLESIZE 1
| #define HAVE_GETTIMEOFDAY 1
| #define HAVE_ISBLANK 1
| #define HAVE_ISWCNTRL 1
| #define HAVE_LSTAT 1
| #define HAVE_MPROTECT 1
| #define HAVE_MKSTEMP 1
| #define HAVE_OPENAT 1
| #define HAVE_PCLOSE 1
| #define HAVE_POPEN 1
| #define HAVE_READLINK 1
| #define HAVE_ISWCTYPE 1
| #define HAVE_SETENV 1
| #define HAVE_SIGACTION 1
| #define HAVE_SIGALTSTACK 1
| #define HAVE_SIGINTERRUPT 1
| #define HAVE_SETRLIMIT 1
| #define HAVE_GETRLIMIT 1
| #define HAVE___XPG_STRERROR_R 1
| #define HAVE_STRPTIME 1
| #define HAVE_STRTOIMAX 1
| #define HAVE_LOCALTIME_R 1
| #define HAVE_WCRTOMB 1
| #define HAVE_WCWIDTH 1
| #define HAVE_PIPE 1
| #define HAVE_PSELECT 1
| #define HAVE_PTHREAD_SIGMASK 1
| #define HAVE_SLEEP 1
| #define HAVE_SNPRINTF 1
| #define HAVE_SHUTDOWN 1
| #define HAVE_UNLINKAT 1
| #define HAVE_WCTOB 1
| #define HAVE_SIGPROCMASK 1
| #define HAVE_FORK 1
| #define HAVE_VFORK 1
| #define HAVE_LANGINFO_CODESET 1
| #define BITSIZEOF_WCHAR_T 32
| #define HAVE_MBSTATE_T 1
| #define HAVE_WORKING_MBRTOC32 1
| #define HAVE_WORKING_C32RTOMB 1
| #define HAVE_MALLOC_PTRDIFF 1
| #define HAVE_MALLOC_POSIX 1
| #define restrict __restrict__
| #define HAVE_ENVIRON_DECL 1
| #define HAVE_ERROR 1
| #define HAVE_DECL_STRERROR_R 1
| #define HAVE_STRERROR_R 1
| #define STRERROR_R_CHAR_P 1
| #define HAVE_DECL_FCHDIR 1
| #define HAVE_WORKING_O_NOATIME 1
| #define HAVE_WORKING_O_NOFOLLOW 1
| #define HAVE_MEMPCPY 1
| #define FUNC_FFLUSH_STDIN 0
| #define LSTAT_FOLLOWS_SLASHED_SYMLINK 1
| #define HAVE_DECL_GETDTABLESIZE 1
| #define HAVE_GETOPT_H 1
| #define HAVE_GETOPT_LONG_ONLY 1
| #define HAVE_PTHREAD_API 1
| #define SETLOCALE_NULL_ALL_MTSAFE 1
| #define SETLOCALE_NULL_ONE_MTSAFE 1
| #ifndef __x86_64__
| #define __x86_64__ 1
| #endif
| #ifndef __x86_64__
| #define __x86_64__ 1
| #endif
| #define HAVE_LONG_LONG_INT 1
| #define HAVE_UNSIGNED_LONG_LONG_INT 1
| #define HAVE_TOWLOWER 1
| #define HAVE_LC_MESSAGES 1
| #define HAVE_WEAK_SYMBOLS 1
| #define USE_POSIX_THREADS 1
| #define USE_POSIX_THREADS_FROM_LIBC 1
| #define HAVE_MALLOC_0_NONNULL 1
| #define HAVE_MAP_ANONYMOUS 1
| #define HAVE_DECL_MEMRCHR 1
| #define HAVE_MINMAX_IN_SYS_PARAM_H 1
| #define TIME_T_IS_SIGNED 1
| #define HAVE_DECL_ALARM 1
| #define HAVE_STRUCT_TM_TM_GMTOFF 1
| #define HAVE_STRUCT_TM_TM_ZONE 1
| #define HAVE_TM_GMTOFF 1
| #define PROMOTED_MODE_T mode_t
| #define HAVE_PTHREAD_T 1
| #define HAVE_PTHREAD_SPINLOCK_T 1
| #define HAVE_SIGSET_T 1
| #define HAVE_SCHED_H 1
| #define HAVE_DECL_SETENV 1
| #define HAVE_DECL__PUTENV 0
| #define HAVE_SEARCH_H 1
| #define HAVE_TSEARCH 1
| #define HAVE_DECL_FCLOSEALL 1
| #define HAVE_DECL_GETW 1
| #define HAVE_DECL_PUTW 1
| #define HAVE_DECL_ECVT 1
| #define HAVE_DECL_FCVT 1
| #define HAVE_DECL_GCVT 1
| #define HAVE_DECL_STRDUP 1
| #define HAVE_STRERROR_R 1
| #define HAVE_DECL_STRNLEN 1
| #define HAVE_DECL_STRTOIMAX 1
| #define _USE_STD_STAT 1
| #define HAVE_DECL_EXECVPE 1
| #define HAVE_DECL_CLEARERR_UNLOCKED 1
| #define HAVE_DECL_FEOF_UNLOCKED 1
| #define HAVE_DECL_FERROR_UNLOCKED 1
| #define HAVE_DECL_FFLUSH_UNLOCKED 1
| #define HAVE_DECL_FGETS_UNLOCKED 1
| #define HAVE_DECL_FPUTC_UNLOCKED 1
| #define HAVE_DECL_FPUTS_UNLOCKED 1
| #define HAVE_DECL_FREAD_UNLOCKED 1
| #define HAVE_DECL_FWRITE_UNLOCKED 1
| #define HAVE_DECL_GETC_UNLOCKED 1
| #define HAVE_DECL_GETCHAR_UNLOCKED 1
| #define HAVE_DECL_PUTC_UNLOCKED 1
| #define HAVE_DECL_PUTCHAR_UNLOCKED 1
| #define HAVE_DECL_UNSETENV 1
| #define HAVE_DECL_WCSDUP 1
| #define HAVE_SHUTDOWN 1
| #define HAVE_STRUCT_SOCKADDR_STORAGE 1
| #define HAVE_SA_FAMILY_T 1
| #define HAVE_STRUCT_SOCKADDR_STORAGE_SS_FAMILY 1
| #define HAVE_IPV4 1
| #define HAVE_IPV6 1
| #define DBL_EXPBIT0_WORD 1
| #define DBL_EXPBIT0_BIT 20
| #define FLT_EXPBIT0_WORD 0
| #define FLT_EXPBIT0_BIT 23
| #define LDBL_EXPBIT0_WORD 2
| #define LDBL_EXPBIT0_BIT 0
| #define HAVE_DECL_INITSTATE 1
| #define HAVE_DECL_SETSTATE 1
| #define HAVE_DECL_SNPRINTF 1
| #define HAVE_INTTYPES_H_WITH_UINTMAX 1
| #define HAVE_STDINT_H_WITH_UINTMAX 1
| #define HAVE_INTMAX_T 1
| #define HAVE_WCSLEN 1
| #define HAVE_SNPRINTF 1
| #define HAVE_STRNLEN 1
| #define HAVE_WCRTOMB 1
| #define HAVE_DECL__SNPRINTF 0
| #define HAVE_SNPRINTF_RETVAL_C99 1
| #define HAVE_SNPRINTF_TRUNCATION_C99 1
| #define HAVE_ALLOCA 1
| #define GNULIB_TEST_BTOC32 1
| #define GNULIB_TEST_BTOWC 1
| #define HAVE___BUILTIN_EXPECT 1
| #define GNULIB_TEST_C32_APPLY_TYPE_TEST 1
| #define GNULIB_TEST_C32_GET_TYPE_TEST 1
| #define GNULIB_TEST_C32ISALNUM 1
| #define GNULIB_TEST_C32ISALPHA 1
| #define GNULIB_TEST_C32ISBLANK 1
| #define GNULIB_TEST_C32ISCNTRL 1
| #define GNULIB_TEST_C32ISDIGIT 1
| #define GNULIB_TEST_C32ISGRAPH 1
| #define GNULIB_TEST_C32ISLOWER 1
| #define GNULIB_TEST_C32ISPRINT 1
| #define GNULIB_TEST_C32ISPUNCT 1
| #define GNULIB_TEST_C32ISSPACE 1
| #define GNULIB_TEST_C32ISUPPER 1
| #define GNULIB_TEST_C32ISXDIGIT 1
| #define GNULIB_TEST_C32TOLOWER 1
| #define GNULIB_TEST_C32WIDTH 1
| #define GNULIB_TEST_CALLOC_GNU 1
| #define GNULIB_TEST_CALLOC_POSIX 1
| #define HAVE_READLINKAT 1
| #define GNULIB_TEST_CHDIR 1
| #define HAVE_CLOCK_GETRES 1
| #define HAVE_CLOCK_GETTIME 1
| #define HAVE_CLOCK_SETTIME 1
| #define GNULIB_TEST_CLOEXEC 1
| #define GNULIB_TEST_CLOSE 1
| #define GNULIB_CLOSE 1
| #define HAVE_CLOSEDIR 1
| #define GNULIB_TEST_CLOSEDIR 1
| #define HAVE_STRUCT_DIRENT_D_TYPE 1
| #define HAVE_DIRFD 1
| #define HAVE_DECL_DIRFD 1
| #define GNULIB_TEST_DIRFD 1
| #define GNULIB_DIRNAME 1
| #define GNULIB_TEST_DUP 1
| #define GNULIB_TEST_DUP2 1
| #define GNULIB_TEST_ENVIRON 1
| #define GNULIB_TEST_FCHDIR 1
| #define GNULIB_TEST_FCNTL 1
| #define HAVE_DECL_FDOPENDIR 1
| #define GNULIB_TEST_FDOPENDIR 1
| #define GNULIB_FDOPENDIR 1
| #define HAVE_STRUCT_STAT_ST_BLOCKS 1
| #define HAVE_ST_BLOCKS 1
| #define GNULIB_FILENAMECAT 1
| #define HAVE_MEMPCPY 1
| #define FLEXIBLE_ARRAY_MEMBER /**/
| #define GNULIB_TEST_FNMATCH 1
| #define GNULIB_FNMATCH_GNU 1
| #define GNULIB_TEST_FOPEN 1
| #define GNULIB_FOPEN_GNU 1
| #define GNULIB_TEST_FOPEN_GNU 1
| #define HAVE_FREE_POSIX 1
| #define GNULIB_TEST_FREE_POSIX 1
| #define GNULIB_TEST_FREOPEN 1
| #define GNULIB_TEST_FSTAT 1
| #define GNULIB_FSTAT 1
| #define GNULIB_TEST_FSTATAT 1
| #define GNULIB_FSTATAT 1
| #define GNULIB_TEST_GETCWD 1
| #define GNULIB_TEST_GETDTABLESIZE 1
| #define GNULIB_TEST_GETOPT_POSIX 1
| #define GNULIB_TEST_GETPAGESIZE 1
| #define HAVE_DECL_PROGRAM_INVOCATION_NAME 1
| #define HAVE_DECL_PROGRAM_INVOCATION_NAME 1
| #define HAVE_DECL_PROGRAM_INVOCATION_SHORT_NAME 1
| #define HAVE_DECL___ARGV 0
| #define GNULIB_TEST_GETPROGNAME 1
| #define HAVE_GETRANDOM 1
| #define GNULIB_TEST_GETRANDOM 1
| #define HAVE_TIMESPEC_GET 1
| #define GETTIMEOFDAY_TIMEZONE void
| #define GNULIB_TEST_GETTIMEOFDAY 1
| #define GNULIB_LOCALEDIR "/usr/local/share/locale"
| #define HAVE_INLINE 1
| #define GNULIB_ISBLANK 1
| #define HAVE_ISWBLANK 1
| #define HAVE_DECL_ISWBLANK 1
| #define GNULIB_TEST_ISWBLANK 1
| #define GNULIB_TEST_ISWCTYPE 1
| #define GNULIB_TEST_ISWDIGIT 1
| #define GNULIB_TEST_ISWPUNCT 1
| #define GNULIB_TEST_ISWXDIGIT 1
| #define HAVE___INLINE 1
| #define GNULIB_TEST_LOCALECONV 1
| #define GNULIB_LOCALECONV 1
| #define HAVE_PTHREAD_RWLOCK 1
| #define HAVE_PTHREAD_MUTEX_RECURSIVE 1
| #define GNULIB_LOCK 1
| #define GNULIB_TEST_LSTAT 1
| #define GNULIB_LSTAT 1
| #define GNULIB_TEST_MALLOC_GNU 1
| #define GNULIB_TEST_MALLOC_POSIX 1
| #define MBRTOC32_IN_C_LOCALE_MAYBE_EILSEQ 1
| #define GNULIB_TEST_MBRTOC32 1
| #define MBRTOWC_IN_C_LOCALE_MAYBE_EILSEQ 1
| #define GNULIB_TEST_MBRTOWC 1
| #define GNULIB_TEST_MBSCASECMP 1
| #define GNULIB_TEST_MBSINIT 1
| #define GNULIB_TEST_MBSRTOC32S 1
| #define GNULIB_TEST_MBSRTOWCS 1
| #define GNULIB_TEST_MBSZERO 1
| #define HAVE_MBTOWC 1
| #define GNULIB_TEST_MBTOWC 1
| #define GNULIB_MCEL_PREFER 1
| #define GNULIB_TEST_MEMCHR 1
| #define HAVE_MEMPCPY 1
| #define GNULIB_TEST_MEMPCPY 1
| #define HAVE_MEMRCHR 1
| #define GNULIB_TEST_MEMRCHR 1
| #define GNULIB_TEST_MKDIR 1
| #define GNULIB_TEST_MKSTEMP 1
| #define GNULIB_TEST_MKTIME 1
| #define NEED_MKTIME_INTERNAL 1
| #define GNULIB_MSVC_NOTHROW 1
| #define HAVE_NL_LANGINFO 1
| #define FUNC_NL_LANGINFO_YESEXPR_WORKS 1
| #define NL_LANGINFO_MTSAFE 1
| #define REPLACE_NL_LANGINFO 1
| #define GNULIB_TEST_NL_LANGINFO 1
| #define GNULIB_TEST_OPEN 1
| #define GNULIB_OPENAT 1
| #define GNULIB_TEST_OPENAT 1
| #define HAVE_OPENDIR 1
| #define GNULIB_TEST_OPENDIR 1
| #define GNULIB_TEST_PCLOSE 1
| #define GNULIB_TEST_POPEN 1
| #define HAVE_DECL_PROGRAM_INVOCATION_NAME 1
| #define HAVE_DECL_PROGRAM_INVOCATION_SHORT_NAME 1
| #define GNULIB_TEST_PTHREAD_ONCE 1
| #define HAVE_RAISE 1
| #define GNULIB_TEST_RAISE 1
| #define HAVE_RAWMEMCHR 1
| #define GNULIB_TEST_RAWMEMCHR 1
| #define HAVE_READDIR 1
| #define GNULIB_TEST_READDIR 1
| #define GNULIB_TEST_READLINK 1
| #define HAVE_READLINKAT 1
| #define GNULIB_TEST_READLINKAT 1
| #define GNULIB_TEST_REALLOC_POSIX 1
| #define HAVE_REALLOCARRAY 1
| #define GNULIB_REALLOCARRAY 1
| #define GNULIB_TEST_REALLOCARRAY 1
| #define GNULIB_TEST_SETENV 1
| #define GNULIB_TEST_SETLOCALE_NULL 1
| #define HAVE_STRUCT_SIGACTION_SA_SIGACTION 1
| #define GNULIB_TEST_SIGACTION 1
| #define GNULIB_TEST_SIGPROCMASK 1
| #define STACK_DIRECTION -1
| #define HAVE_WORKING_SIGALTSTACK 1
| #define GNULIB_TEST_STAT 1
| #define GNULIB_STAT 1
| #define HAVE_STRUCT_STAT_ST_ATIM_TV_NSEC 1
| #define TYPEOF_STRUCT_STAT_ST_ATIM_IS_STRUCT_TIMESPEC 1
| #define GNULIB_TEST_FSCANF 1
| #define GNULIB_FSCANF 1
| #define GNULIB_TEST_SCANF 1
| #define GNULIB_SCANF 1
| #define GNULIB_TEST_FGETC 1
| #define GNULIB_TEST_GETC 1
| #define GNULIB_TEST_GETCHAR 1
| #define GNULIB_TEST_FGETS 1
| #define GNULIB_TEST_FREAD 1
| #define GNULIB_TEST_FPRINTF 1
| #define GNULIB_TEST_PRINTF 1
| #define GNULIB_TEST_VFPRINTF 1
| #define GNULIB_TEST_VPRINTF 1
| #define GNULIB_TEST_FPUTC 1
| #define GNULIB_TEST_PUTC 1
| #define GNULIB_TEST_PUTCHAR 1
| #define GNULIB_TEST_FPUTS 1
| #define GNULIB_TEST_PUTS 1
| #define GNULIB_TEST_FWRITE 1
| #define HAVE_STPCPY 1
| #define GNULIB_TEST_STPCPY 1
| #define HAVE_STRCASECMP 1
| #define GNULIB_TEST_STRDUP 1
| #define GNULIB_STRERROR 1
| #define GNULIB_TEST_STRERROR 1
| #define HAVE_STRNCASECMP 1
| #define HAVE_DECL_STRNCASECMP 1
| #define GNULIB_TEST_STRNLEN 1
| #define GNULIB_TEST_STRPTIME 1
| #define HAVE_STRTOLL 1
| #define GNULIB_TEST_STRTOLL 1
| #define GNULIB_TEMPNAME 1
| #define HAVE_DECL_LOCALTIME_R 1
| #define GNULIB_TEST_TIME_R 1
| #define GNULIB_TEST_TIME_RZ 1
| #define HAVE_TIMEGM 1
| #define GNULIB_TEST_TIMEGM 1
| #define GNULIB_TEST_TIMESPEC_GET 1
| #define GNULIB_TEST_TZSET 1
| #define GNULIB_STDIO_SINGLE_THREAD 1
| #define USE_UNLOCKED_IO GNULIB_STDIO_SINGLE_THREAD
| #define HAVE_UNSETENV 1
| #define GNULIB_TEST_UNSETENV 1
| #define HAVE_C_VARARRAYS 1
| #define GNULIB_TEST_WCRTOMB 1
| #define GNULIB_TEST_WCTYPE 1
| #define HAVE_DECL_WCWIDTH 1
| #define GNULIB_TEST_WCWIDTH 1
| #define GNULIB_TEST_WMEMCHR 1
| #define HAVE_WMEMPCPY 1
| #define GNULIB_TEST_WMEMPCPY 1
| #define GNULIB_XALLOC 1
| #define GNULIB_XALLOC_DIE 1
| #define GNULIB_XSTDOPEN 1
| #define GNULIB_TEST_ACCEPT 1
| #define GNULIB_ACCEPT IN_DIFFUTILS_GNULIB_TESTS
| #define HAVE_ATOLL 1
| #define GNULIB_TEST_ATOLL 1
| #define GNULIB_TEST_BIND 1
| #define GNULIB_BIND IN_DIFFUTILS_GNULIB_TESTS
| #define GNULIB_TEST_C32RTOMB 1
| #define GNULIB_TEST_C32TOB 1
| #define GNULIB_TEST_CONNECT 1
| #define GNULIB_CONNECT IN_DIFFUTILS_GNULIB_TESTS
| #define GNULIB_TEST_FDOPEN 1
| #define HAVE_FTRUNCATE 1
| #define GNULIB_TEST_FTRUNCATE 1
| #define HAVE_DUPLOCALE 1
| #define HAVE_DECL_INET_PTON 1
| #define HAVE_IOCTL 1
| #define GNULIB_TEST_IOCTL 1
| #define GNULIB_IOCTL IN_DIFFUTILS_GNULIB_TESTS
| #define HAVE_ISNAND_IN_LIBC 1
| #define HAVE_ISNANF_IN_LIBC 1
| #define HAVE_ISNANL_IN_LIBC 1
| #define GNULIB_TEST_LISTEN 1
| #define GNULIB_LISTEN IN_DIFFUTILS_GNULIB_TESTS
| #define HAVE_NEWLOCALE 1
| #define HAVE_BUG_BIG_NANOSLEEP 1
| #define GNULIB_TEST_NANOSLEEP 1
| #define HAVE_USELOCALE 1
| #define HAVE_WORKING_USELOCALE 1
| #define GNULIB_TEST_PERROR 1
| #define GNULIB_TEST_PIPE 1
| #define GNULIB_TEST_PSELECT 1
| #define GNULIB_TEST_PTHREAD_COND 1
| #define GNULIB_TEST_PTHREAD_MUTEX 1
| #define PTHREAD_RWLOCK_BAD_WAITQUEUE 1
| #define GNULIB_TEST_PTHREAD_RWLOCK 1
| #define GNULIB_TEST_PTHREAD_THREAD 1
| #define GNULIB_TEST_PTHREAD_MUTEX_TIMEDLOCK 1
| #define GNULIB_TEST_PTHREAD_SIGMASK 1
| #define GNULIB_TEST_PUTENV 1
| #define HAVE_INITSTATE 1
| #define HAVE_SETSTATE 1
| #define GNULIB_TEST_RANDOM 1
| #define HAVE_STRUCT_RANDOM_DATA 1
| #define HAVE_RANDOM_R 1
| #define GNULIB_TEST_RANDOM_R 1
| #define GNULIB_TEST_RMDIR 1
| #define GNULIB_TEST_SCHED_YIELD 1
| #define GNULIB_TEST_SELECT 1
| #define GNULIB_SELECT IN_DIFFUTILS_GNULIB_TESTS
| #define GNULIB_TEST_SETSOCKOPT 1
| #define GNULIB_SETSOCKOPT IN_DIFFUTILS_GNULIB_TESTS
| #define GNULIB_TEST_SIGNBIT 1
| #define HAVE_STDINT_H 1
| #define HAVE_DECL_SLEEP 1
| #define GNULIB_TEST_SLEEP 1
| #define HAVE_SNPRINTF 1
| #define GNULIB_TEST_SNPRINTF 1
| #define GNULIB_SNPRINTF IN_DIFFUTILS_GNULIB_TESTS
| #define GNULIB_TEST_SOCKET 1
| #define GNULIB_SOCKET IN_DIFFUTILS_GNULIB_TESTS
| #define GNULIB_TEST_STR_STARTSWITH 1
| #define HAVE_CATGETS 1
| #define GNULIB_TEST_STRERROR_R 1
| #define GNULIB_STRERROR_R_POSIX IN_DIFFUTILS_GNULIB_TESTS
| #define GNULIB_TEST_SYMLINK 1
| #define HAVE_SYMLINKAT 1
| #define GNULIB_TEST_SYMLINKAT 1
| #define HAVE_IPV4 1
| #define HAVE_IPV6 1
| #define HAVE_UNIXSOCKET 1
| #define HAVE_PTHREAD_ATFORK 1
| #define GNULIB_TEST_TIME 1
| #define HAVE_STRUCT_TM_TM_GMTOFF 1
| #define HAVE_STRUCT_TM_TM_ZONE 1
| #define HAVE_TM_GMTOFF 1
| #define GNULIB_TEST_UNLINK 1
| #define GNULIB_TEST_UNLINKAT 1
| #define UNLINK_CANNOT_UNLINK_DIR 1
| #define GNULIB_TEST_VSNZPRINTF 1
| #define HAVE_DECL_WCTOB 1
| #define GNULIB_TEST_WCTOB 1
| #define GNULIB_TEST_WCTOMB 1
| #define HAVE_STDINT_H 1
| #define GNULIB_NO_VLA 1
| #define GNULIB_EXCLUDE_SINGLE_THREAD 1
| #define GNULIB_MBRTOWC_SINGLE_THREAD 1
| #define GNULIB_REGEX_SINGLE_THREAD 1
| #define GNULIB_WCHAR_SINGLE_LOCALE 1
| #define GNULIB_MBRTOC32_REGULAR 1
| #define HAVE_STRUCT_STAT_ST_RDEV 1
| #define HAVE_DIRENT_H 1
| #define HAVE_SYS_WAIT_H 1
| #define HAVE_WORKING_VFORK 1
| #define HAVE_WORKING_FORK 1
| #define O_PATH_SUPPORTS_FSTAT 1
| #define DEFAULT_EDITOR_PROGRAM "ed"
| #define PR_PROGRAM "/usr/bin/pr"
| /* end confdefs.h.  */
| #include <CoreFoundation/CFLocale.h>
| int
| main (void)
| {
| CFLocaleCopyCurrent();
|   ;
|   return 0;
| }
configure:60811: result: no
configure:60860: checking for GNU gettext in libc
configure:60885: gcc -o conftest -g -O2   conftest.c  >&5
configure:60885: $? = 0
configure:60897: result: yes
configure:61770: checking whether to use NLS
configure:61772: result: yes
configure:61775: checking where the gettext function comes from
configure:61786: result: libc
configure:61949: checking that generated files are newer than configure
configure:61955: result: done
configure:62094: creating ./config.status

## ---------------------- ##
## Running config.status. ##
## ---------------------- ##

This file was extended by GNU diffutils config.status 3.12, which was
generated by GNU Autoconf 2.72.76-2f64.  Invocation command line was

  CONFIG_FILES    = 
  CONFIG_HEADERS  = 
  CONFIG_LINKS    = 
  CONFIG_COMMANDS = 
  $ ./config.status 

on carbon

config.status:3662: creating Makefile
config.status:3662: creating doc/Makefile
config.status:3662: creating lib/Makefile
config.status:3662: creating src/Makefile
config.status:3662: creating tests/Makefile
config.status:3662: creating gnulib-tests/Makefile
config.status:3662: creating man/Makefile
config.status:3662: creating po/Makefile.in
config.status:3662: creating lib/config.h
config.status:3922: executing depfiles commands
config.status:3999: cd lib       && sed -e '/# am--include-marker/d' Makefile         | make -f - am--depfiles
config.status:4004: $? = 0
config.status:3999: cd src       && sed -e '/# am--include-marker/d' Makefile         | make -f - am--depfiles
config.status:4004: $? = 0
config.status:3999: cd gnulib-tests       && sed -e '/# am--include-marker/d' Makefile         | make -f - am--depfiles
config.status:4004: $? = 0
config.status:3922: executing po-directories commands

## ---------------- ##
## Cache variables. ##
## ---------------- ##n
ac_cv_build=x86_64-pc-linux-gnu
ac_cv_c_bigendian=no
ac_cv_c_compiler_gnu=yes
ac_cv_c_flexmember=yes
ac_cv_c_inline=inline
ac_cv_c_restrict=__restrict__
ac_cv_c_undeclared_builtin_options='none needed'
ac_cv_c_vararrays=yes
ac_cv_env_CC_set=
ac_cv_env_CC_value=
ac_cv_env_CFLAGS_set=
ac_cv_env_CFLAGS_value=
ac_cv_env_CPPFLAGS_set=
ac_cv_env_CPPFLAGS_value=
ac_cv_env_CPP_set=
ac_cv_env_CPP_value=
ac_cv_env_LDFLAGS_set=
ac_cv_env_LDFLAGS_value=
ac_cv_env_LIBS_set=
ac_cv_env_LIBS_value=
ac_cv_env_build_alias_set=
ac_cv_env_build_alias_value=
ac_cv_env_host_alias_set=
ac_cv_env_host_alias_value=
ac_cv_env_target_alias_set=
ac_cv_env_target_alias_value=
ac_cv_func___mktime_internal=no
ac_cv_func___xpg_strerror_r=yes
ac_cv_func__set_invalid_parameter_handler=no
ac_cv_func_alloca_works=yes
ac_cv_func_atoll=yes
ac_cv_func_btowc=yes
ac_cv_func_catgets=yes
ac_cv_func_clock_getres=yes
ac_cv_func_clock_gettime=yes
ac_cv_func_clock_settime=yes
ac_cv_func_closedir=yes
ac_cv_func_dirfd=yes
ac_cv_func_duplocale=yes
ac_cv_func_error=yes
ac_cv_func_fchdir=yes
ac_cv_func_fcntl=yes
ac_cv_func_fdopendir=yes
ac_cv_func_fnmatch=yes
ac_cv_func_fork=yes
ac_cv_func_fork_works=yes
ac_cv_func_fstatat=yes
ac_cv_func_ftruncate=yes
ac_cv_func_getdtablesize=yes
ac_cv_func_getexecname=no
ac_cv_func_getopt_long_only=yes
ac_cv_func_getppriv=no
ac_cv_func_getprogname=no
ac_cv_func_getrandom=yes
ac_cv_func_getrlimit=yes
ac_cv_func_gettimeofday=yes
ac_cv_func_initstate=yes
ac_cv_func_ioctl=yes
ac_cv_func_isblank=yes
ac_cv_func_iswblank=yes
ac_cv_func_iswcntrl=yes
ac_cv_func_iswctype=yes
ac_cv_func_localtime_r=yes
ac_cv_func_lstat=yes
ac_cv_func_malloc_0_nonnull=yes
ac_cv_func_mbrtowc=yes
ac_cv_func_mbsinit=yes
ac_cv_func_mbsrtowcs=yes
ac_cv_func_mbtowc=yes
ac_cv_func_mempcpy=yes
ac_cv_func_memrchr=yes
ac_cv_func_mkstemp=yes
ac_cv_func_mmap=yes
ac_cv_func_mprotect=yes
ac_cv_func_newlocale=yes
ac_cv_func_nl_langinfo=yes
ac_cv_func_openat=yes
ac_cv_func_opendir=yes
ac_cv_func_pclose=yes
ac_cv_func_pipe=yes
ac_cv_func_popen=yes
ac_cv_func_pselect=yes
ac_cv_func_pthread_atfork=yes
ac_cv_func_pthread_sigmask=yes
ac_cv_func_raise=yes
ac_cv_func_random_r=yes
ac_cv_func_rawmemchr=yes
ac_cv_func_readdir=yes
ac_cv_func_readlink=yes
ac_cv_func_readlinkat=yes
ac_cv_func_reallocarray=yes
ac_cv_func_setenv=yes
ac_cv_func_setrlimit=yes
ac_cv_func_setstate=yes
ac_cv_func_shutdown=yes
ac_cv_func_sigaction=yes
ac_cv_func_sigaltstack=yes
ac_cv_func_siginterrupt=yes
ac_cv_func_sigprocmask=yes
ac_cv_func_sleep=yes
ac_cv_func_snprintf=yes
ac_cv_func_stpcpy=yes
ac_cv_func_strcasecmp=yes
ac_cv_func_strerror_r=yes
ac_cv_func_strerror_r_char_p=yes
ac_cv_func_strftime_z=no
ac_cv_func_strncasecmp=yes
ac_cv_func_strnlen=yes
ac_cv_func_strnlen_working=yes
ac_cv_func_strptime=yes
ac_cv_func_strtoimax=yes
ac_cv_func_strtoll=yes
ac_cv_func_symlink=yes
ac_cv_func_symlinkat=yes
ac_cv_func_timegm=yes
ac_cv_func_towlower=yes
ac_cv_func_tsearch=yes
ac_cv_func_tzalloc=no
ac_cv_func_unlinkat=yes
ac_cv_func_unsetenv=yes
ac_cv_func_uselocale=yes
ac_cv_func_vasnprintf=no
ac_cv_func_vfork=yes
ac_cv_func_vfork_works=yes
ac_cv_func_wcrtomb=yes
ac_cv_func_wcslen=yes
ac_cv_func_wctob=yes
ac_cv_func_wcwidth=yes
ac_cv_func_wmempcpy=yes
ac_cv_have_decl___argv=no
ac_cv_have_decl__putenv=no
ac_cv_have_decl__snprintf=no
ac_cv_have_decl_alarm=yes
ac_cv_have_decl_c32rtomb=yes
ac_cv_have_decl_clearerr_unlocked=yes
ac_cv_have_decl_dirfd=yes
ac_cv_have_decl_ecvt=yes
ac_cv_have_decl_error_at_line=yes
ac_cv_have_decl_execvpe=yes
ac_cv_have_decl_fchdir=yes
ac_cv_have_decl_fcloseall=yes
ac_cv_have_decl_fcvt=yes
ac_cv_have_decl_fdopendir=yes
ac_cv_have_decl_feof_unlocked=yes
ac_cv_have_decl_ferror_unlocked=yes
ac_cv_have_decl_fflush_unlocked=yes
ac_cv_have_decl_fgets_unlocked=yes
ac_cv_have_decl_fputc_unlocked=yes
ac_cv_have_decl_fputs_unlocked=yes
ac_cv_have_decl_fread_unlocked=yes
ac_cv_have_decl_fwrite_unlocked=yes
ac_cv_have_decl_gcvt=yes
ac_cv_have_decl_getc_unlocked=yes
ac_cv_have_decl_getchar_unlocked=yes
ac_cv_have_decl_getdtablesize=yes
ac_cv_have_decl_getpagesize=yes
ac_cv_have_decl_getw=yes
ac_cv_have_decl_inet_pton=yes
ac_cv_have_decl_initstate=yes
ac_cv_have_decl_iswblank=yes
ac_cv_have_decl_localtime_r=yes
ac_cv_have_decl_mbrtoc32=yes
ac_cv_have_decl_memrchr=yes
ac_cv_have_decl_program_invocation_name=yes
ac_cv_have_decl_program_invocation_short_name=yes
ac_cv_have_decl_pthread_mutex_timedlock=yes
ac_cv_have_decl_pthread_rwlock_timedrdlock=yes
ac_cv_have_decl_putc_unlocked=yes
ac_cv_have_decl_putchar_unlocked=yes
ac_cv_have_decl_putw=yes
ac_cv_have_decl_sched_yield=yes
ac_cv_have_decl_setenv=yes
ac_cv_have_decl_setstate=yes
ac_cv_have_decl_sleep=yes
ac_cv_have_decl_snprintf=yes
ac_cv_have_decl_strdup=yes
ac_cv_have_decl_strerror_r=yes
ac_cv_have_decl_strncasecmp=yes
ac_cv_have_decl_strnlen=yes
ac_cv_have_decl_strtoimax=yes
ac_cv_have_decl_timespec_get=yes
ac_cv_have_decl_unsetenv=yes
ac_cv_have_decl_wcsdup=yes
ac_cv_have_decl_wctob=yes
ac_cv_have_decl_wcwidth=yes
ac_cv_header_arpa_inet_h=yes
ac_cv_header_crtdefs_h=no
ac_cv_header_dirent_dirent_h=yes
ac_cv_header_dirent_h=yes
ac_cv_header_error_h=yes
ac_cv_header_features_h=yes
ac_cv_header_fnmatch_h=yes
ac_cv_header_getopt_h=yes
ac_cv_header_inttypes_h=yes
ac_cv_header_langinfo_h=yes
ac_cv_header_limits_h=yes
ac_cv_header_malloc_h=yes
ac_cv_header_math_h=yes
ac_cv_header_minix_config_h=no
ac_cv_header_netdb_h=yes
ac_cv_header_netinet_in_h=yes
ac_cv_header_priv_h=no
ac_cv_header_pthread_h=yes
ac_cv_header_random_h=no
ac_cv_header_sched_h=yes
ac_cv_header_search_h=yes
ac_cv_header_semaphore_h=yes
ac_cv_header_stat_broken=no
ac_cv_header_stdbit_h=yes
ac_cv_header_stdbool_h=yes
ac_cv_header_stdckdint_h=no
ac_cv_header_stdint_h=yes
ac_cv_header_stdio_h=yes
ac_cv_header_stdlib_h=yes
ac_cv_header_string_h=yes
ac_cv_header_strings_h=yes
ac_cv_header_sys_ioctl_h=yes
ac_cv_header_sys_mman_h=yes
ac_cv_header_sys_param_h=yes
ac_cv_header_sys_random_h=yes
ac_cv_header_sys_select_h=yes
ac_cv_header_sys_socket_h=yes
ac_cv_header_sys_stat_h=yes
ac_cv_header_sys_time_h=yes
ac_cv_header_sys_types_h=yes
ac_cv_header_sys_uio_h=yes
ac_cv_header_sys_un_h=yes
ac_cv_header_sys_wait_h=yes
ac_cv_header_threads_h=yes
ac_cv_header_uchar_h=yes
ac_cv_header_unistd_h=yes
ac_cv_header_vfork_h=no
ac_cv_header_wchar_h=yes
ac_cv_header_wctype_h=yes
ac_cv_header_xlocale_h=no
ac_cv_host=x86_64-pc-linux-gnu
ac_cv_lib_error_at_line=yes
ac_cv_lib_pthread_pthread_kill=yes
ac_cv_member_struct_sigaction_sa_sigaction=yes
ac_cv_member_struct_sockaddr_storage_ss_family=yes
ac_cv_member_struct_stat_st_atim_tv_nsec=yes
ac_cv_member_struct_stat_st_birthtim_tv_nsec=no
ac_cv_member_struct_stat_st_birthtimensec=no
ac_cv_member_struct_stat_st_birthtimespec_tv_nsec=no
ac_cv_member_struct_stat_st_blocks=yes
ac_cv_member_struct_stat_st_rdev=yes
ac_cv_member_struct_tm_tm_gmtoff=yes
ac_cv_member_struct_tm_tm_zone=yes
ac_cv_objext=o
ac_cv_path_EGREP_TRADITIONAL='/usr/bin/grep -E'
ac_cv_path_GMSGFMT=/usr/bin/msgfmt
ac_cv_path_GREP=/usr/bin/grep
ac_cv_path_MSGFMT=/usr/bin/msgfmt
ac_cv_path_MSGMERGE=/usr/bin/msgmerge
ac_cv_path_PR_PROGRAM=/usr/bin/pr
ac_cv_path_SED=/usr/bin/sed
ac_cv_path_XGETTEXT=/usr/bin/xgettext
ac_cv_path_install='/usr/bin/install -c'
ac_cv_path_mkdir=/usr/bin/mkdir
ac_cv_prog_AWK=mawk
ac_cv_prog_CPP='gcc -E'
ac_cv_prog_ac_ct_AR=ar
ac_cv_prog_ac_ct_CC=gcc
ac_cv_prog_ac_ct_RANLIB=ranlib
ac_cv_prog_cc_c11=
ac_cv_prog_cc_c23=no
ac_cv_prog_cc_g=yes
ac_cv_prog_cc_stdc=
ac_cv_prog_make_make_set=yes
ac_cv_safe_to_define___extensions__=yes
ac_cv_search_clock_gettime='none required'
ac_cv_search_inet_pton='none required'
ac_cv_search_nanosleep='none required'
ac_cv_search_opendir='none required'
ac_cv_should_define__xopen_source=no
ac_cv_sys_largefile_opts='none needed'
ac_cv_sys_year2038_opts='none needed'
ac_cv_type_blkcnt_t=yes
ac_cv_type_blksize_t=yes
ac_cv_type_gid_t=yes
ac_cv_type_mbstate_t=yes
ac_cv_type_mode_t=yes
ac_cv_type_nlink_t=yes
ac_cv_type_off_t=yes
ac_cv_type_pid_t=yes
ac_cv_type_pthread_rwlock_t=yes
ac_cv_type_pthread_spinlock_t=yes
ac_cv_type_pthread_t=yes
ac_cv_type_ptrdiff_t=yes
ac_cv_type_sa_family_t=yes
ac_cv_type_sighandler_t=yes
ac_cv_type_sigset_t=yes
ac_cv_type_size_t=yes
ac_cv_type_socklen_t=yes
ac_cv_type_stack_t=yes
ac_cv_type_struct_random_data=yes
ac_cv_type_struct_sched_param=yes
ac_cv_type_struct_sockaddr_storage=yes
ac_cv_type_timezone_t=no
ac_cv_type_uid_t=yes
ac_cv_type_volatile_sig_atomic_t=yes
ac_cv_typeof_struct_stat_st_atim_is_struct_timespec=yes
ac_cv_working_alloca_h=yes
acl_cv_hardcode_direct=no
acl_cv_hardcode_libdir_flag_spec='${wl}-rpath ${wl}$libdir'
acl_cv_hardcode_libdir_separator=
acl_cv_hardcode_minus_L=no
acl_cv_libdirstems=lib,lib,lib64
acl_cv_libext=a
acl_cv_libname_spec='lib$name'
acl_cv_library_names_spec='$libname$shrext'
acl_cv_path_LD=/usr/bin/ld
acl_cv_prog_gnu_ld=yes
acl_cv_rpath=done
acl_cv_shlibext=so
acl_cv_wl=-Wl,
am_cv_CC_dependencies_compiler_type=gcc3
am_cv_filesystem_timestamp_resolution=0.01
am_cv_langinfo_codeset=yes
am_cv_make_support_nested_variables=yes
am_cv_prog_cc_c_o=yes
am_cv_sleep_fractional_seconds=yes
am_cv_xargs_n_works=yes
du_cv_O_PATH_fstat=yes
gl_cv___builtin_expect=yes
gl_cv_bitsizeof_wchar_t=32
gl_cv_c___inline=yes
gl_cv_c_amsterdam_compiler=no
gl_cv_c_bool=no
gl_cv_c_inline_effective=yes
gl_cv_c_multiarch=no
gl_cv_c_nullptr=no
gl_cv_cc_double_expbit0='word 1 bit 20'
gl_cv_cc_float_expbit0='word 0 bit 23'
gl_cv_cc_long_double_expbit0='word 2 bit 0'
gl_cv_cc_wallow=-Wno-error
gl_cv_clean_version_stddef=yes
gl_cv_compiler_check_decl_option=none
gl_cv_compiler_clang=no
gl_cv_const_PTHREAD_CREATE_DETACHED=yes
gl_cv_const_PTHREAD_MUTEX_RECURSIVE=yes
gl_cv_const_PTHREAD_MUTEX_ROBUST=yes
gl_cv_const_PTHREAD_PROCESS_SHARED=yes
gl_cv_decl_ioctl_in_sys_ioctl_h=yes
gl_cv_decl_null_works=yes
gl_cv_decl_readlink_works=yes
gl_cv_decl_readlinkat_works=yes
gl_cv_double_slash_root=no
gl_cv_elf=yes
gl_cv_func_btowc_consistent=no
gl_cv_func_btowc_eof='guessing yes'
gl_cv_func_btowc_nul=yes
gl_cv_func_c32rtomb=yes
gl_cv_func_c32rtomb_retval=yes
gl_cv_func_c32rtomb_sanitycheck='guessing yes'
gl_cv_func_calloc_0_nonnull=yes
gl_cv_func_dirfd_macro=no
gl_cv_func_dup2_works=yes
gl_cv_func_dup_works=yes
gl_cv_func_fcntl_f_dupfd_cloexec='needs runtime check'
gl_cv_func_fcntl_f_dupfd_works=yes
gl_cv_func_fdopen_works=yes
gl_cv_func_fdopendir_works=yes
gl_cv_func_fflush_stdin=no
gl_cv_func_fnmatch_gnu=yes
gl_cv_func_fopen_mode_e=yes
gl_cv_func_fopen_mode_x=yes
gl_cv_func_fopen_slash=yes
gl_cv_func_free_preserves_errno=yes
gl_cv_func_freopen_works_on_closed=yes
gl_cv_func_fstatat_zero_flag=yes
gl_cv_func_getcwd_null=yes
gl_cv_func_getcwd_posix_signature=yes
gl_cv_func_getdtablesize_works=yes
gl_cv_func_getopt_gnu=yes
gl_cv_func_getopt_long_gnu=yes
gl_cv_func_getopt_posix=yes
gl_cv_func_getpagesize=yes
gl_cv_func_getrandom_ok=yes
gl_cv_func_gettimeofday_posix_signature=yes
gl_cv_func_ioctl_posix_signature=no
gl_cv_func_isnand_no_libm=yes
gl_cv_func_isnanf_no_libm=yes
gl_cv_func_isnanf_works=yes
gl_cv_func_isnanl_no_libm=yes
gl_cv_func_isnanl_works=yes
gl_cv_func_iswcntrl_works=yes
gl_cv_func_iswdigit_works=yes
gl_cv_func_iswpunct_works=yes
gl_cv_func_iswxdigit_works=yes
gl_cv_func_itold_works=yes
gl_cv_func_localeconv_works=yes
gl_cv_func_localtime_works=yes
gl_cv_func_lstat_dereferences_slashed_symlink=yes
gl_cv_func_malloc_posix=yes
gl_cv_func_mbrtoc32=yes
gl_cv_func_mbrtoc32_C_locale_sans_EILSEQ=no
gl_cv_func_mbrtoc32_empty_input=yes
gl_cv_func_mbrtoc32_sanitycheck='guessing yes'
gl_cv_func_mbrtoc32_utf8_locale_works=yes
gl_cv_func_mbrtowc_C_locale_sans_EILSEQ=no
gl_cv_func_mbrtowc_empty_input=yes
gl_cv_func_mbrtowc_incomplete_state=yes
gl_cv_func_mbrtowc_nul_retval='guessing yes'
gl_cv_func_mbrtowc_null_arg1=yes
gl_cv_func_mbrtowc_null_arg2=yes
gl_cv_func_mbrtowc_retval=yes
gl_cv_func_mbrtowc_sanitycheck='guessing yes'
gl_cv_func_mbrtowc_stores_incomplete=no
gl_cv_func_mbsrtowcs_works=yes
gl_cv_func_memchr_works=yes
gl_cv_func_mkdir_trailing_dot_works=yes
gl_cv_func_mkdir_trailing_slash_works=yes
gl_cv_func_nanosleep='no (mishandles large arguments)'
gl_cv_func_nl_langinfo_yesexpr_works=yes
gl_cv_func_open_slash=yes
gl_cv_func_perror_works=yes
gl_cv_func_popen_works=yes
gl_cv_func_printf_attribute_flavor=system
gl_cv_func_printf_positions=yes
gl_cv_func_pselect_detects_ebadf=yes
gl_cv_func_pthread_create=yes
gl_cv_func_pthread_mutex_timedlock_in_LIBMULTITHREAD=yes
gl_cv_func_pthread_mutexattr_getrobust=yes
gl_cv_func_pthread_once_works=yes
gl_cv_func_pthread_rwlock_good_waitqueue=no
gl_cv_func_pthread_rwlock_init=yes
gl_cv_func_pthread_sigmask_in_libc_works=yes
gl_cv_func_pthread_sigmask_macro=no
gl_cv_func_pthread_sigmask_return_works=yes
gl_cv_func_pthread_sigmask_unblock_works='guessing yes'
gl_cv_func_pthread_spin_init_in_LIBMULTITHREAD=yes
gl_cv_func_random=yes
gl_cv_func_re_compile_pattern_working=yes
gl_cv_func_readlink_trailing_slash=yes
gl_cv_func_readlink_truncate=yes
gl_cv_func_realloc_0_nonnull=no
gl_cv_func_realloc_sanitize=no
gl_cv_func_rmdir_works=yes
gl_cv_func_select_detects_ebadf=yes
gl_cv_func_select_supports0=yes
gl_cv_func_setenv_works=yes
gl_cv_func_setlocale_null_all_mtsafe=yes
gl_cv_func_setlocale_null_one_mtsafe=yes
gl_cv_func_signbit=yes
gl_cv_func_signbit_builtins=yes
gl_cv_func_sleep_works=yes
gl_cv_func_snprintf_retval_c99=yes
gl_cv_func_snprintf_size1=yes
gl_cv_func_snprintf_truncation_c99=yes
gl_cv_func_snprintf_usable=yes
gl_cv_func_stat_file_slash=yes
gl_cv_func_strcasecmp_works='guessing yes'
gl_cv_func_strerror_0_works=yes
gl_cv_func_strerror_r_posix_signature=no
gl_cv_func_strerror_r_works=yes
gl_cv_func_strtoimax=yes
gl_cv_func_strtoll_works=yes
gl_cv_func_svid_putenv=yes
gl_cv_func_symlink_works=yes
gl_cv_func_symlinkat_works=yes
gl_cv_func_time_works='guessing no'
gl_cv_func_timespec_get=yes
gl_cv_func_unlink_honors_slashes=yes
gl_cv_func_unlink_parent_fails='guessing yes'
gl_cv_func_unreachable=no
gl_cv_func_unsetenv_works=yes
gl_cv_func_va_copy=yes
gl_cv_func_wcrtomb_retval=yes
gl_cv_func_wcrtomb_works=yes
gl_cv_func_wctob_works='guessing yes'
gl_cv_func_wctype_works=yes
gl_cv_func_wcwidth_works=yes
gl_cv_func_wmemchr=yes
gl_cv_func_working_error=yes
gl_cv_func_working_mkstemp=yes
gl_cv_func_working_mktime=yes
gl_cv_func_working_strerror=yes
gl_cv_have___header_inline=no
gl_cv_have_include_next=yes
gl_cv_have_unlimited_file_name_length=no
gl_cv_have_weak=yes
gl_cv_header_errno_h_complete=yes
gl_cv_header_float_h_isoc23=no
gl_cv_header_inttypes_h=yes
gl_cv_header_langinfo_abaltmon=no
gl_cv_header_langinfo_altmon=yes
gl_cv_header_langinfo_codeset=yes
gl_cv_header_langinfo_era=yes
gl_cv_header_langinfo_t_fmt_ampm=yes
gl_cv_header_langinfo_yesexpr=yes
gl_cv_header_limits_ssize_max=yes
gl_cv_header_limits_width=yes
gl_cv_header_locale_h_needs_xlocale_h=no
gl_cv_header_locale_h_posix2001=yes
gl_cv_header_locale_has_locale_t=yes
gl_cv_header_locale_has_windows_locale_t=no
gl_cv_header_math_huge_val_works=yes
gl_cv_header_math_nan_works=yes
gl_cv_header_netinet_in_h_selfcontained=yes
gl_cv_header_stdint_h=yes
gl_cv_header_stdint_width=yes
gl_cv_header_stdint_without_STDC_macros=yes
gl_cv_header_sys_cdefs_h=yes
gl_cv_header_sys_select_h_selfcontained=yes
gl_cv_header_sys_socket_h_selfcontained=yes
gl_cv_header_sys_socket_h_shut=yes
gl_cv_header_wchar_h_correct_inline=yes
gl_cv_header_working_fcntl_h=yes
gl_cv_header_working_stdalign_h='yes, <stdalign.h> macros'
gl_cv_header_working_stdint_h=yes
gl_cv_host_cpu_c_abi=x86_64
gl_cv_host_cpu_c_abi_32bit=no
gl_cv_lib_socket='none needed'
gl_cv_long_double_equals_double=no
gl_cv_macro_MB_CUR_MAX_good=yes
gl_cv_macro_O_CLOEXEC=yes
gl_cv_malloc_ptrdiff=yes
gl_cv_minmax_in_limits_h=no
gl_cv_minmax_in_sys_param_h=yes
gl_cv_next_arpa_inet_h='<arpa/inet.h>'
gl_cv_next_ctype_h='<ctype.h>'
gl_cv_next_dirent_h='<dirent.h>'
gl_cv_next_error_h='<error.h>'
gl_cv_next_fcntl_h='<fcntl.h>'
gl_cv_next_float_h='<float.h>'
gl_cv_next_fnmatch_h='<fnmatch.h>'
gl_cv_next_getopt_h='<getopt.h>'
gl_cv_next_inttypes_h='<inttypes.h>'
gl_cv_next_langinfo_h='<langinfo.h>'
gl_cv_next_limits_h='<limits.h>'
gl_cv_next_locale_h='<locale.h>'
gl_cv_next_math_h='<math.h>'
gl_cv_next_pthread_h='<pthread.h>'
gl_cv_next_sched_h='<sched.h>'
gl_cv_next_signal_h='<signal.h>'
gl_cv_next_stddef_h='<stddef.h>'
gl_cv_next_stdint_h='<stdint.h>'
gl_cv_next_stdio_h='<stdio.h>'
gl_cv_next_stdlib_h='<stdlib.h>'
gl_cv_next_string_h='<string.h>'
gl_cv_next_strings_h='<strings.h>'
gl_cv_next_sys_ioctl_h='<sys/ioctl.h>'
gl_cv_next_sys_random_h='<sys/random.h>'
gl_cv_next_sys_select_h='<sys/select.h>'
gl_cv_next_sys_socket_h='<sys/socket.h>'
gl_cv_next_sys_stat_h='<sys/stat.h>'
gl_cv_next_sys_time_h='<sys/time.h>'
gl_cv_next_sys_types_h='<sys/types.h>'
gl_cv_next_sys_uio_h='<sys/uio.h>'
gl_cv_next_sys_wait_h='<sys/wait.h>'
gl_cv_next_time_h='<time.h>'
gl_cv_next_uchar_h='<uchar.h>'
gl_cv_next_unistd_h='<unistd.h>'
gl_cv_next_wchar_h='<wchar.h>'
gl_cv_next_wctype_h='<wctype.h>'
gl_cv_nullptr_t_needs_stddef=no
gl_cv_off64_t=yes
gl_cv_onwards_func_catgets=yes
gl_cv_onwards_func_duplocale=yes
gl_cv_onwards_func_error=yes
gl_cv_onwards_func_ftruncate=yes
gl_cv_onwards_func_getprogname=no
gl_cv_onwards_func_getrandom=yes
gl_cv_onwards_func_initstate=yes
gl_cv_onwards_func_iswblank=yes
gl_cv_onwards_func_mbtowc=yes
gl_cv_onwards_func_mempcpy=yes
gl_cv_onwards_func_newlocale=yes
gl_cv_onwards_func_nl_langinfo=yes
gl_cv_onwards_func_pthread_atfork=yes
gl_cv_onwards_func_readlinkat=yes
gl_cv_onwards_func_reallocarray=yes
gl_cv_onwards_func_setstate=yes
gl_cv_onwards_func_stpcpy=yes
gl_cv_onwards_func_strerror_r=yes
gl_cv_onwards_func_symlinkat=yes
gl_cv_onwards_func_timegm=yes
gl_cv_onwards_func_timespec_get=yes
gl_cv_onwards_func_tsearch=yes
gl_cv_onwards_func_tzalloc=no
gl_cv_onwards_func_uselocale=yes
gl_cv_onwards_func_wmempcpy=yes
gl_cv_prog_perl=perl
gl_cv_promoted_mode_t=mode_t
gl_cv_pthread_rwlock_rdlock_prefer_writer=no
gl_cv_rpl_alloca=yes
gl_cv_semaphore_lib=none
gl_cv_sig_pselect=yes
gl_cv_size_max=yes
gl_cv_socket_ipv4=yes
gl_cv_socket_ipv6=yes
gl_cv_socket_unix=yes
gl_cv_source_line_length_unlimited=yes
gl_cv_ssize_t=yes
gl_cv_static_assert='yes, an <assert.h> macro'
gl_cv_struct_dirent_d_type=yes
gl_cv_sys_struct_lconv_ok=yes
gl_cv_sys_struct_timespec_in_time_h=yes
gl_cv_sys_struct_timeval=yes
gl_cv_sys_struct_timeval_tv_sec=yes
gl_cv_test_INT32_MAX_LT_INTMAX_MAX=yes
gl_cv_test_INT64_MAX_EQ_LONG_MAX=yes
gl_cv_test_UINT32_MAX_LT_UINTMAX_MAX=yes
gl_cv_test_UINT64_MAX_EQ_ULONG_MAX=yes
gl_cv_time_h_has_TIME_UTC=yes
gl_cv_time_r_posix=yes
gl_cv_time_t_is_signed=yes
gl_cv_type_char16_t_works=yes
gl_cv_type_char32_t_works=yes
gl_cv_type_char8_t_works=yes
gl_cv_type_max_align_t=yes
gl_cv_type_sigset_t=yes
gl_cv_type_wctrans_t=yes
gl_cv_type_wctype_t=yes
gl_cv_type_wint_t_large_enough=yes
gt_cv_c_intmax_t=yes
gt_cv_c_wint_t=yes
gt_cv_func_CFLocaleCopyCurrent=no
gt_cv_func_CFPreferencesCopyAppValue=no
gt_cv_func_gnugettext2_libc=yes
gt_cv_func_unsetenv_ret=int
gt_cv_func_uselocale_works=yes
gt_cv_locale_en_utf8=en_US.UTF-8
gt_cv_locale_fr=none
gt_cv_locale_fr_utf8=none
gt_cv_locale_ja=none
gt_cv_locale_tr_utf8=none
gt_cv_locale_zh_CN=none
gt_cv_val_LC_MESSAGES=yes
gt_cv_var_environ_declaration=yes
sv_cv_sigaltstack=yes
sv_cv_sigaltstack_low_base=yes
sv_cv_stack_direction=-1
sv_cv_stack_direction_msg='grows down'

## ----------------- ##
## Output variables. ##
## ----------------- ##n
gltests_libdiffutils_LIBOBJDEPS=' $(DEPDIR)/libdiffutils_a-asnprintf.Po $(DEPDIR)/libdiffutils_a-printf-args.Po $(DEPDIR)/libdiffutils_a-printf-parse.Po $(DEPDIR)/libdiffutils_a-strerror_r.Po $(DEPDIR)/libdiffutils_a-vasnprintf.Po'ngltests_libdiffutils_LTLIBOBJS=' libdiffutils_la-asnprintf.lo libdiffutils_la-printf-args.lo libdiffutils_la-printf-parse.lo libdiffutils_la-strerror_r.lo libdiffutils_la-vasnprintf.lo'ngltests_libdiffutils_LIBOBJS=' libdiffutils_a-asnprintf.o libdiffutils_a-printf-args.o libdiffutils_a-printf-parse.o libdiffutils_a-strerror_r.o libdiffutils_a-vasnprintf.o'ngltests_LIBOBJDEPS=' $(DEPDIR)/asnprintf.Po $(DEPDIR)/printf-args.Po $(DEPDIR)/printf-parse.Po $(DEPDIR)/strerror_r.Po $(DEPDIR)/vasnprintf.Po'ngltests_LTLIBOBJS=' asnprintf.lo printf-args.lo printf-parse.lo strerror_r.lo vasnprintf.lo'ngltests_LIBOBJS=' asnprintf.o printf-args.o printf-parse.o strerror_r.o vasnprintf.o'ngl_libdiffutils_LIBOBJDEPS=' $(DEPDIR)/libdiffutils_a-fopen.Po $(DEPDIR)/libdiffutils_a-mbsrtoc32s-state.Po $(DEPDIR)/libdiffutils_a-mbsrtowcs-state.Po $(DEPDIR)/libdiffutils_a-mktime.Po'ngl_libdiffutils_LTLIBOBJS=' libdiffutils_la-fopen.lo libdiffutils_la-mbsrtoc32s-state.lo libdiffutils_la-mbsrtowcs-state.lo libdiffutils_la-mktime.lo'ngl_libdiffutils_LIBOBJS=' libdiffutils_a-fopen.o libdiffutils_a-mbsrtoc32s-state.o libdiffutils_a-mbsrtowcs-state.o libdiffutils_a-mktime.o'ngl_LIBOBJDEPS=' $(DEPDIR)/fopen.Po $(DEPDIR)/mbsrtoc32s-state.Po $(DEPDIR)/mbsrtowcs-state.Po $(DEPDIR)/mktime.Po'ngl_LTLIBOBJS=' fopen.lo mbsrtoc32s-state.lo mbsrtowcs-state.lo mktime.lo'ngl_LIBOBJS=' fopen.o mbsrtoc32s-state.o mbsrtowcs-state.o mktime.o'nCONFIG_INCLUDE='lib/config.h'nam__EXEEXT_FALSE=''nam__EXEEXT_TRUE='#'nLTLIBOBJS=''nLIBOBJS=''nPOSUB='po'nINTLLIBS=''nLTLIBICONV='-liconv'nLIBICONV='-liconv'nINTL_MACOSX_LIBS=''nXGETTEXT_EXTRA_OPTIONS=' --flag=error:3:c-format --flag=error_at_line:5:c-format --keyword='\''proper_name_lite:1,"This is a proper name. See the gettext manual, section Names."'\''n'nMSGMERGE='/usr/bin/msgmerge'nXGETTEXT_015='/usr/bin/xgettext'nXGETTEXT='AWK='\''mawk'\'' $(SHELL) $(top_srcdir)/exgettext /usr/bin/xgettextn'nGMSGFMT_015='/usr/bin/msgfmt'nMSGFMT_015='/usr/bin/msgfmt'nGMSGFMT='/usr/bin/msgfmt'nMSGFMT='/usr/bin/msgfmt'nGETTEXT_MACRO_VERSION='0.19'nUSE_NLS='yes'nSRC_VERSION_C=''nPR_PROGRAM='/usr/bin/pr'nWARN_CFLAGS=''nWERROR_CFLAGS=''nLIBTESTS_LIBDEPS=''nLIBDIFFUTILS_LTLIBDEPS=''nLIBDIFFUTILS_LIBDEPS=''nGL_CFLAG_GNULIB_WARNINGS=' -Wno-cast-qual -Wno-conversion -Wno-float-equal -Wno-sign-compare -Wno-undef -Wno-unused-function -Wno-unused-parameter -Wno-float-conversion -Wimplicit-fallthrough -Wno-pedantic -Wno-sign-conversion -Wno-type-limits -Wno-unused-const-variable -Wno-unsuffixed-float-constants'nYIELD_LIB=''nGL_COND_OBJ_WINDOWS_TLS_FALSE=''nGL_COND_OBJ_WINDOWS_TLS_TRUE='#'nGL_COND_OBJ_WINDOWS_TIMEDRWLOCK_FALSE=''nGL_COND_OBJ_WINDOWS_TIMEDRWLOCK_TRUE='#'nGL_COND_OBJ_WINDOWS_TIMEDRECMUTEX_FALSE=''nGL_COND_OBJ_WINDOWS_TIMEDRECMUTEX_TRUE='#'nGL_COND_OBJ_WINDOWS_TIMEDMUTEX_FALSE=''nGL_COND_OBJ_WINDOWS_TIMEDMUTEX_TRUE='#'nGL_COND_OBJ_WINDOWS_THREAD_FALSE=''nGL_COND_OBJ_WINDOWS_THREAD_TRUE='#'nGL_COND_OBJ_WINDOWS_COND_FALSE=''nGL_COND_OBJ_WINDOWS_COND_TRUE='#'nGL_COND_OBJ_WCTOMB_FALSE=''nGL_COND_OBJ_WCTOMB_TRUE='#'nGL_COND_OBJ_WCTOB_FALSE=''nGL_COND_OBJ_WCTOB_TRUE='#'nabs_aux_dir='/home/derek/Code/diffutils-bcr/build-aux'nGL_COND_OBJ_UNLINKAT_FALSE=''nGL_COND_OBJ_UNLINKAT_TRUE='#'nGL_COND_OBJ_UNLINK_FALSE=''nGL_COND_OBJ_UNLINK_TRUE='#'nLIBUNISTRING_COMPILE_UNISTR_U32_SET_FALSE='#'nLIBUNISTRING_COMPILE_UNISTR_U32_SET_TRUE=''nGL_COND_OBJ_TIME_FALSE='#'nGL_COND_OBJ_TIME_TRUE=''nOS_IS_ANDROID_FALSE=''nOS_IS_ANDROID_TRUE='#'nOS_IS_HAIKU_FALSE=''nOS_IS_HAIKU_TRUE='#'nPLATFORM_IS_MSVC_FALSE=''nPLATFORM_IS_MSVC_TRUE='#'nPLATFORM_IS_MINGW_FALSE=''nPLATFORM_IS_MINGW_TRUE='#'nOS_IS_NATIVE_WINDOWS_FALSE=''nOS_IS_NATIVE_WINDOWS_TRUE='#'nOS_IS_CYGWIN_FALSE=''nOS_IS_CYGWIN_TRUE='#'nOS_IS_SOLARIS11_FALSE=''nOS_IS_SOLARIS11_TRUE='#'nOS_IS_AIX_FALSE=''nOS_IS_AIX_TRUE='#'nOS_IS_OPENBSD_FALSE=''nOS_IS_OPENBSD_TRUE='#'nOS_IS_NETBSD_FALSE=''nOS_IS_NETBSD_TRUE='#'nOS_IS_FREEBSD_FALSE=''nOS_IS_FREEBSD_TRUE='#'nOS_IS_MACOS14_FALSE=''nOS_IS_MACOS14_TRUE='#'nOS_IS_MACOS13_FALSE=''nOS_IS_MACOS13_TRUE='#'nOS_IS_MACOS12_FALSE=''nOS_IS_MACOS12_TRUE='#'nOS_IS_MACOS11_FALSE=''nOS_IS_MACOS11_TRUE='#'nOS_IS_MACOS_FALSE=''nOS_IS_MACOS_TRUE='#'nLIBC_IS_MUSL_FALSE=''nLIBC_IS_MUSL_TRUE='#'nLIBC_IS_GNU_FALSE='#'nLIBC_IS_GNU_TRUE=''nHAVE_SYS_UIO_H='1'nNEXT_AS_FIRST_DIRECTIVE_SYS_UIO_H='<sys/uio.h>'nNEXT_SYS_UIO_H='<sys/uio.h>'nNEXT_AS_FIRST_DIRECTIVE_SYS_IOCTL_H='<sys/ioctl.h>'nNEXT_SYS_IOCTL_H='<sys/ioctl.h>'nHAVE_SYS_IOCTL_H='1'nGL_COND_OBJ_SYMLINKAT_FALSE=''nGL_COND_OBJ_SYMLINKAT_TRUE='#'nGL_COND_OBJ_SYMLINK_FALSE=''nGL_COND_OBJ_SYMLINK_TRUE='#'nGL_COND_OBJ_SOCKET_FALSE=''nGL_COND_OBJ_SOCKET_TRUE='#'nGL_COND_OBJ_SLEEP_FALSE=''nGL_COND_OBJ_SLEEP_TRUE='#'nGL_COND_OBJ_SIGNBIT3_FALSE=''nGL_COND_OBJ_SIGNBIT3_TRUE='#'nGL_COND_OBJ_SETSOCKOPT_FALSE=''nGL_COND_OBJ_SETSOCKOPT_TRUE='#'nGL_COND_OBJ_SELECT_FALSE=''nGL_COND_OBJ_SELECT_TRUE='#'nLIB_SELECT=''nSELECT_LIB=''nLIBSOCKET=''nGL_COND_OBJ_SCHED_YIELD_FALSE=''nGL_COND_OBJ_SCHED_YIELD_TRUE='#'nGL_COND_OBJ_RMDIR_FALSE=''nGL_COND_OBJ_RMDIR_TRUE='#'nGL_COND_OBJ_RANDOM_R_FALSE=''nGL_COND_OBJ_RANDOM_R_TRUE='#'nGL_COND_OBJ_RANDOM_FALSE=''nGL_COND_OBJ_RANDOM_TRUE='#'nGL_COND_OBJ_PUTENV_FALSE=''nGL_COND_OBJ_PUTENV_TRUE='#'nGL_COND_OBJ_PTHREAD_SIGMASK_FALSE=''nGL_COND_OBJ_PTHREAD_SIGMASK_TRUE='#'nLIB_PTHREAD_SIGMASK=''nPTHREAD_SIGMASK_LIB=''nGL_COND_OBJ_PTHREAD_MUTEX_TIMEDLOCK_FALSE=''nGL_COND_OBJ_PTHREAD_MUTEX_TIMEDLOCK_TRUE='#'nGL_COND_OBJ_PTHREAD_THREAD_FALSE=''nGL_COND_OBJ_PTHREAD_THREAD_TRUE='#'nGL_COND_OBJ_PTHREAD_RWLOCK_FALSE='#'nGL_COND_OBJ_PTHREAD_RWLOCK_TRUE=''nLIB_SEMAPHORE=''nGL_COND_OBJ_PTHREAD_MUTEX_FALSE=''nGL_COND_OBJ_PTHREAD_MUTEX_TRUE='#'nGL_COND_OBJ_PTHREAD_COND_FALSE=''nGL_COND_OBJ_PTHREAD_COND_TRUE='#'nGL_GNULIB_SELECT='IN_DIFFUTILS_GNULIB_TESTS'nGL_GNULIB_PSELECT='IN_DIFFUTILS_GNULIB_TESTS'nGL_COND_OBJ_PSELECT_FALSE=''nGL_COND_OBJ_PSELECT_TRUE='#'nHAVE_SYS_SELECT_H='1'nNEXT_AS_FIRST_DIRECTIVE_SYS_SELECT_H='<sys/select.h>'nNEXT_SYS_SELECT_H='<sys/select.h>'nREPLACE_SELECT='0'nREPLACE_PSELECT='0'nHAVE_PSELECT='1'nGL_COND_OBJ_PIPE_FALSE=''nGL_COND_OBJ_PIPE_TRUE='#'nGL_COND_OBJ_PERROR_FALSE=''nGL_COND_OBJ_PERROR_TRUE='#'nGL_GENERATE_NETINET_IN_H_FALSE=''nGL_GENERATE_NETINET_IN_H_TRUE='#'nNETINET_IN_H=''nHAVE_NETINET_IN_H=''nNEXT_AS_FIRST_DIRECTIVE_NETINET_IN_H=''nNEXT_NETINET_IN_H=''nGL_COND_OBJ_NANOSLEEP_FALSE='#'nGL_COND_OBJ_NANOSLEEP_TRUE=''nLIB_NANOSLEEP=''nNANOSLEEP_LIB=''nGL_GNULIB_MDA_YN='1'nGL_GNULIB_MDA_Y1='1'nGL_GNULIB_MDA_Y0='1'nGL_GNULIB_MDA_JN='1'nGL_GNULIB_MDA_J1='1'nGL_GNULIB_MDA_J0='1'nGL_GNULIB_TRUNCL='0'nGL_GNULIB_TRUNCF='0'nGL_GNULIB_TRUNC='0'nGL_GNULIB_TOTALORDERMAGL='0'nGL_GNULIB_TOTALORDERMAGF='0'nGL_GNULIB_TOTALORDERMAG='0'nGL_GNULIB_TOTALORDERL='0'nGL_GNULIB_TOTALORDERF='0'nGL_GNULIB_TOTALORDER='0'nGL_GNULIB_TANHF='0'nGL_GNULIB_TANL='0'nGL_GNULIB_TANF='0'nGL_GNULIB_SQRTL='0'nGL_GNULIB_SQRTF='0'nGL_GNULIB_SINHF='0'nGL_GNULIB_SINL='0'nGL_GNULIB_SINF='0'nGL_GNULIB_SIGNBIT='IN_DIFFUTILS_GNULIB_TESTS'nGL_GNULIB_SETPAYLOADSIGL='0'nGL_GNULIB_SETPAYLOADSIGF='0'nGL_GNULIB_SETPAYLOADSIG='0'nGL_GNULIB_SETPAYLOADL='0'nGL_GNULIB_SETPAYLOADF='0'nGL_GNULIB_SETPAYLOAD='0'nGL_GNULIB_ROUNDL='0'nGL_GNULIB_ROUNDF='0'nGL_GNULIB_ROUND='0'nGL_GNULIB_RINTL='0'nGL_GNULIB_RINTF='0'nGL_GNULIB_RINT='0'nGL_GNULIB_REMAINDERL='0'nGL_GNULIB_REMAINDERF='0'nGL_GNULIB_REMAINDER='0'nGL_GNULIB_POWF='0'nGL_GNULIB_MODFL='0'nGL_GNULIB_MODFF='0'nGL_GNULIB_MODF='0'nGL_GNULIB_LOGP1L='0'nGL_GNULIB_LOGP1F='0'nGL_GNULIB_LOGP1='0'nGL_GNULIB_LOGBL='0'nGL_GNULIB_LOGBF='0'nGL_GNULIB_LOGB='0'nGL_GNULIB_LOG2L='0'nGL_GNULIB_LOG2F='0'nGL_GNULIB_LOG2='0'nGL_GNULIB_LOG1PL='0'nGL_GNULIB_LOG1PF='0'nGL_GNULIB_LOG1P='0'nGL_GNULIB_LOG10L='0'nGL_GNULIB_LOG10F='0'nGL_GNULIB_LOG10='0'nGL_GNULIB_LOGL='0'nGL_GNULIB_LOGF='0'nGL_GNULIB_LOG='0'nGL_GNULIB_LDEXPL='0'nGL_GNULIB_LDEXPF='0'nGL_GNULIB_LDEXP='0'nGL_GNULIB_ISNANL='0'nGL_GNULIB_ISNAND='0'nGL_GNULIB_ISNANF='0'nGL_GNULIB_ISNAN='0'nGL_GNULIB_ISINF='0'nGL_GNULIB_ISFINITE='0'nGL_GNULIB_ILOGBL='0'nGL_GNULIB_ILOGBF='0'nGL_GNULIB_ILOGB='0'nGL_GNULIB_HYPOTL='0'nGL_GNULIB_HYPOTF='0'nGL_GNULIB_HYPOT='0'nGL_GNULIB_GETPAYLOADL='0'nGL_GNULIB_GETPAYLOADF='0'nGL_GNULIB_GETPAYLOAD='0'nGL_GNULIB_FREXPL='0'nGL_GNULIB_FREXP='0'nGL_GNULIB_FREXPF='0'nGL_GNULIB_FMODL='0'nGL_GNULIB_FMODF='0'nGL_GNULIB_FMOD='0'nGL_GNULIB_FMAL='0'nGL_GNULIB_FMAF='0'nGL_GNULIB_FMA='0'nGL_GNULIB_FLOORL='0'nGL_GNULIB_FLOORF='0'nGL_GNULIB_FLOOR='0'nGL_GNULIB_FABSL='0'nGL_GNULIB_FABSF='0'nGL_GNULIB_EXPM1L='0'nGL_GNULIB_EXPM1F='0'nGL_GNULIB_EXPM1='0'nGL_GNULIB_EXP2L='0'nGL_GNULIB_EXP2F='0'nGL_GNULIB_EXP2='0'nGL_GNULIB_EXPL='0'nGL_GNULIB_EXPF='0'nGL_GNULIB_COSHF='0'nGL_GNULIB_COSL='0'nGL_GNULIB_COSF='0'nGL_GNULIB_COPYSIGNL='0'nGL_GNULIB_COPYSIGNF='0'nGL_GNULIB_COPYSIGN='0'nGL_GNULIB_CEILL='0'nGL_GNULIB_CEILF='0'nGL_GNULIB_CEIL='0'nGL_GNULIB_CBRTL='0'nGL_GNULIB_CBRTF='0'nGL_GNULIB_CBRT='0'nGL_GNULIB_ATAN2F='0'nGL_GNULIB_ATANL='0'nGL_GNULIB_ATANF='0'nGL_GNULIB_ASINL='0'nGL_GNULIB_ASINF='0'nGL_GNULIB_ACOSL='0'nGL_GNULIB_ACOSF='0'nNEXT_AS_FIRST_DIRECTIVE_MATH_H='<math.h>'nNEXT_MATH_H='<math.h>'nREPLACE_TRUNCL='0'nREPLACE_TRUNCF='0'nREPLACE_TRUNC='0'nREPLACE_TOTALORDERMAGL='0'nREPLACE_TOTALORDERMAGF='0'nREPLACE_TOTALORDERMAG='0'nREPLACE_TOTALORDERL='0'nREPLACE_TOTALORDERF='0'nREPLACE_TOTALORDER='0'nREPLACE_TANHF='0'nREPLACE_TANF='0'nREPLACE_SQRTL='0'nREPLACE_SQRTF='0'nREPLACE_SINHF='0'nREPLACE_SINF='0'nREPLACE_SIGNBIT_USING_BUILTINS='1'nREPLACE_SIGNBIT='0'nREPLACE_ROUNDL='0'nREPLACE_ROUNDF='0'nREPLACE_ROUND='0'nREPLACE_RINTL='0'nREPLACE_REMAINDERL='0'nREPLACE_REMAINDERF='0'nREPLACE_REMAINDER='0'nREPLACE_NAN='0'nREPLACE_MODFL='0'nREPLACE_MODFF='0'nREPLACE_MODF='0'nREPLACE_LOGBL='0'nREPLACE_LOGBF='0'nREPLACE_LOGB='0'nREPLACE_LOG2L='0'nREPLACE_LOG2F='0'nREPLACE_LOG2='0'nREPLACE_LOG1PL='0'nREPLACE_LOG1PF='0'nREPLACE_LOG1P='0'nREPLACE_LOG10L='0'nREPLACE_LOG10F='0'nREPLACE_LOG10='0'nREPLACE_LOGL='0'nREPLACE_LOGF='0'nREPLACE_LOG='0'nREPLACE_LDEXPL='0'nREPLACE_LDEXP='0'nREPLACE_ISNAN='0'nREPLACE_ISINF='0'nREPLACE_ISFINITE='0'nREPLACE_ILOGBL='0'nREPLACE_ILOGBF='0'nREPLACE_ILOGB='0'nREPLACE_HYPOTL='0'nREPLACE_HYPOTF='0'nREPLACE_HYPOT='0'nREPLACE_HUGE_VAL='0'nREPLACE_GETPAYLOADL='0'nREPLACE_GETPAYLOADF='0'nREPLACE_GETPAYLOAD='0'nREPLACE_FREXPL='0'nREPLACE_FREXP='0'nREPLACE_FREXPF='0'nREPLACE_FMODL='0'nREPLACE_FMODF='0'nREPLACE_FMOD='0'nREPLACE_FMAL='0'nREPLACE_FMAF='0'nREPLACE_FMA='0'nREPLACE_FLOORL='0'nREPLACE_FLOORF='0'nREPLACE_FLOOR='0'nREPLACE_FABSL='0'nREPLACE_EXP2L='0'nREPLACE_EXP2='0'nREPLACE_EXPM1L='0'nREPLACE_EXPM1F='0'nREPLACE_EXPM1='0'nREPLACE_EXPL='0'nREPLACE_EXPF='0'nREPLACE_COSHF='0'nREPLACE_COSF='0'nREPLACE_CEILL='0'nREPLACE_CEILF='0'nREPLACE_CEIL='0'nREPLACE_CBRTL='0'nREPLACE_CBRTF='0'nREPLACE_ATAN2F='0'nREPLACE_ATANF='0'nREPLACE_ASINF='0'nREPLACE_ACOSF='0'nHAVE_DECL_TRUNCL='1'nHAVE_DECL_TRUNCF='1'nHAVE_DECL_TRUNC='1'nHAVE_DECL_TANL='1'nHAVE_DECL_SQRTL='1'nHAVE_DECL_SINL='1'nHAVE_DECL_ROUNDL='1'nHAVE_DECL_ROUNDF='1'nHAVE_DECL_ROUND='1'nHAVE_DECL_RINTF='1'nHAVE_DECL_REMAINDERL='1'nHAVE_DECL_REMAINDER='1'nHAVE_DECL_LOGB='1'nHAVE_DECL_LOG2L='1'nHAVE_DECL_LOG2F='1'nHAVE_DECL_LOG2='1'nHAVE_DECL_LOG10L='1'nHAVE_DECL_LOGL='1'nHAVE_DECL_LDEXPL='1'nHAVE_DECL_FREXPL='1'nHAVE_DECL_FLOORL='1'nHAVE_DECL_FLOORF='1'nHAVE_DECL_EXPM1L='1'nHAVE_DECL_EXP2L='1'nHAVE_DECL_EXP2F='1'nHAVE_DECL_EXP2='1'nHAVE_DECL_EXPL='1'nHAVE_DECL_COSL='1'nHAVE_DECL_COPYSIGNF='1'nHAVE_DECL_CEILL='1'nHAVE_DECL_CEILF='1'nHAVE_DECL_CBRTL='1'nHAVE_DECL_CBRTF='1'nHAVE_DECL_ATANL='1'nHAVE_DECL_ASINL='1'nHAVE_DECL_ACOSL='1'nHAVE_TOTALORDERMAGL='1'nHAVE_TOTALORDERMAGF='1'nHAVE_TOTALORDERMAG='1'nHAVE_TOTALORDERL='1'nHAVE_TOTALORDERF='1'nHAVE_TOTALORDER='1'nHAVE_TANHF='1'nHAVE_TANL='1'nHAVE_TANF='1'nHAVE_SQRTL='1'nHAVE_SQRTF='1'nHAVE_SINHF='1'nHAVE_SINL='1'nHAVE_SINF='1'nHAVE_SETPAYLOADSIGL='1'nHAVE_SETPAYLOADSIGF='1'nHAVE_SETPAYLOADSIG='1'nHAVE_SETPAYLOADL='1'nHAVE_SETPAYLOADF='1'nHAVE_SETPAYLOAD='1'nHAVE_RINTL='1'nHAVE_RINT='1'nHAVE_REMAINDERF='1'nHAVE_REMAINDER='1'nHAVE_POWF='1'nHAVE_MODFL='1'nHAVE_MODFF='1'nHAVE_LOGP1L='1'nHAVE_LOGP1F='1'nHAVE_LOGP1='1'nHAVE_LOGBL='1'nHAVE_LOGBF='1'nHAVE_LOG1PL='1'nHAVE_LOG1PF='1'nHAVE_LOG1P='1'nHAVE_LOG10L='1'nHAVE_LOG10F='1'nHAVE_LOGL='1'nHAVE_LOGF='1'nHAVE_LDEXPF='1'nHAVE_ISNANL='1'nHAVE_ISNAND='1'nHAVE_ISNANF='1'nHAVE_ILOGBL='1'nHAVE_ILOGBF='1'nHAVE_ILOGB='1'nHAVE_HYPOTL='1'nHAVE_HYPOTF='1'nHAVE_GETPAYLOADL='1'nHAVE_GETPAYLOADF='1'nHAVE_GETPAYLOAD='1'nHAVE_FREXPF='1'nHAVE_FMODL='1'nHAVE_FMODF='1'nHAVE_FMAL='1'nHAVE_FMAF='1'nHAVE_FMA='1'nHAVE_FABSL='1'nHAVE_FABSF='1'nHAVE_EXPM1F='1'nHAVE_EXPM1='1'nHAVE_EXPL='1'nHAVE_EXPF='1'nHAVE_COSHF='1'nHAVE_COSL='1'nHAVE_COSF='1'nHAVE_COPYSIGNL='1'nHAVE_COPYSIGN='1'nHAVE_CBRTL='1'nHAVE_CBRTF='1'nHAVE_CBRT='1'nHAVE_ATAN2F='1'nHAVE_ATANL='1'nHAVE_ATANF='1'nHAVE_ASINL='1'nHAVE_ASINF='1'nHAVE_ACOSL='1'nHAVE_ACOSF='1'nWINDRES=''nGL_COND_OBJ_LISTEN_FALSE=''nGL_COND_OBJ_LISTEN_TRUE='#'nHAVE_SAME_LONG_DOUBLE_AS_DOUBLE='0'nGL_GNULIB_IOCTL='IN_DIFFUTILS_GNULIB_TESTS'nGL_COND_OBJ_IOCTL_FALSE='#'nGL_COND_OBJ_IOCTL_TRUE=''nGL_COND_OBJ_INET_PTON_FALSE=''nGL_COND_OBJ_INET_PTON_TRUE='#'nINET_PTON_LIB=''nGL_COND_OBJ_FTRUNCATE_FALSE=''nGL_COND_OBJ_FTRUNCATE_TRUE='#'nGL_COND_OBJ_ITOLD_FALSE=''nGL_COND_OBJ_ITOLD_TRUE='#'nGL_COND_OBJ_FLOAT_FALSE='#'nGL_COND_OBJ_FLOAT_TRUE=''nGL_GENERATE_FLOAT_H_FALSE='#'nGL_GENERATE_FLOAT_H_TRUE=''nFLOAT_H='float.h'nREPLACE_ITOLD='0'nNEXT_AS_FIRST_DIRECTIVE_FLOAT_H='<float.h>'nNEXT_FLOAT_H='<float.h>'nGL_COND_OBJ_FDOPEN_FALSE=''nGL_COND_OBJ_FDOPEN_TRUE='#'nGL_COND_OBJ_CONNECT_FALSE=''nGL_COND_OBJ_CONNECT_TRUE='#'nGL_COND_OBJ_C32RTOMB_FALSE=''nGL_COND_OBJ_C32RTOMB_TRUE='#'nLOCALE_TR_UTF8='none'nLC_MONETARY_IMPLEMENTED='true'nLC_TIME_IMPLEMENTED='true'nLC_NUMERIC_IMPLEMENTED='true'nLC_COLLATE_IMPLEMENTED='true'nLOCALE_FR_UTF8='none'nGL_COND_OBJ_BIND_FALSE=''nGL_COND_OBJ_BIND_TRUE='#'nGL_COND_OBJ_ATOLL_FALSE=''nGL_COND_OBJ_ATOLL_TRUE='#'nGL_GNULIB_INET_PTON='IN_DIFFUTILS_GNULIB_TESTS'nGL_GNULIB_INET_NTOP='0'nNEXT_AS_FIRST_DIRECTIVE_ARPA_INET_H='<arpa/inet.h>'nNEXT_ARPA_INET_H='<arpa/inet.h>'nHAVE_ARPA_INET_H='1'nREPLACE_INET_PTON='0'nREPLACE_INET_NTOP='0'nHAVE_DECL_NTOHS='1'nHAVE_DECL_NTOHL='1'nHAVE_DECL_INET_PTON='1'nHAVE_DECL_INET_NTOP='1'nHAVE_DECL_HTONS='1'nHAVE_DECL_HTONL='1'nGL_GNULIB_ACCEPT4='0'nGL_GNULIB_SHUTDOWN='0'nGL_GNULIB_SETSOCKOPT='IN_DIFFUTILS_GNULIB_TESTS'nGL_GNULIB_SENDTO='0'nGL_GNULIB_RECVFROM='0'nGL_GNULIB_SEND='0'nGL_GNULIB_RECV='0'nGL_GNULIB_LISTEN='IN_DIFFUTILS_GNULIB_TESTS'nGL_GNULIB_GETSOCKOPT='0'nGL_GNULIB_GETSOCKNAME='0'nGL_GNULIB_GETPEERNAME='0'nGL_GNULIB_BIND='IN_DIFFUTILS_GNULIB_TESTS'nGL_GNULIB_ACCEPT='IN_DIFFUTILS_GNULIB_TESTS'nGL_GNULIB_CONNECT='IN_DIFFUTILS_GNULIB_TESTS'nGL_GNULIB_SOCKET='IN_DIFFUTILS_GNULIB_TESTS'nGL_COND_OBJ_ACCEPT_FALSE=''nGL_COND_OBJ_ACCEPT_TRUE='#'nHAVE_SA_FAMILY_T='1'nHAVE_WS2TCPIP_H='0'nHAVE_SYS_SOCKET_H='1'nNEXT_AS_FIRST_DIRECTIVE_SYS_SOCKET_H='<sys/socket.h>'nNEXT_SYS_SOCKET_H='<sys/socket.h>'nHAVE_ACCEPT4='1'nHAVE_STRUCT_SOCKADDR_STORAGE_SS_FAMILY='1'nHAVE_STRUCT_SOCKADDR_STORAGE='1'ngltests_WITNESS='IN_DIFFUTILS_GNULIB_TESTS'nGL_CXXFLAG_ALLOW_WARNINGS=''nGL_CFLAG_ALLOW_WARNINGS='-Wno-error'nGL_COND_OBJ_WMEMPCPY_FALSE=''nGL_COND_OBJ_WMEMPCPY_TRUE='#'nGL_COND_OBJ_WMEMCHR_FALSE=''nGL_COND_OBJ_WMEMCHR_TRUE='#'nGL_COND_OBJ_WINDOWS_RWLOCK_FALSE=''nGL_COND_OBJ_WINDOWS_RWLOCK_TRUE='#'nGL_COND_OBJ_WINDOWS_RECMUTEX_FALSE=''nGL_COND_OBJ_WINDOWS_RECMUTEX_TRUE='#'nGL_COND_OBJ_WINDOWS_ONCE_FALSE=''nGL_COND_OBJ_WINDOWS_ONCE_TRUE='#'nGL_COND_OBJ_WINDOWS_MUTEX_FALSE=''nGL_COND_OBJ_WINDOWS_MUTEX_TRUE='#'nGL_COND_OBJ_WCWIDTH_FALSE=''nGL_COND_OBJ_WCWIDTH_TRUE='#'nGL_COND_OBJ_WCTYPE_FALSE=''nGL_COND_OBJ_WCTYPE_TRUE='#'nGL_COND_OBJ_WCRTOMB_FALSE=''nGL_COND_OBJ_WCRTOMB_TRUE='#'nHAVE_FEATURES_H='1'nNEXT_AS_FIRST_DIRECTIVE_WCHAR_H='<wchar.h>'nNEXT_WCHAR_H='<wchar.h>'nGL_COND_OBJ_UNSETENV_FALSE=''nGL_COND_OBJ_UNSETENV_TRUE='#'nLIBUNISTRING_COMPILE_UNIWIDTH_WIDTH_FALSE='#'nLIBUNISTRING_COMPILE_UNIWIDTH_WIDTH_TRUE=''nLIBUNISTRING_UNIWIDTH_H='uniwidth.h'nLIBUNISTRING_UNITYPES_H='unitypes.h'nLIBUNISTRING_COMPILE_UNISTR_U32_STRLEN_FALSE='#'nLIBUNISTRING_COMPILE_UNISTR_U32_STRLEN_TRUE=''nLIBUNISTRING_COMPILE_UNISTR_U32_STRCAT_FALSE='#'nLIBUNISTRING_COMPILE_UNISTR_U32_STRCAT_TRUE=''nLIBUNISTRING_COMPILE_UNISTR_U32_PCPY_FALSE='#'nLIBUNISTRING_COMPILE_UNISTR_U32_PCPY_TRUE=''nLIBUNISTRING_COMPILE_UNISTR_U32_CPY_FALSE='#'nLIBUNISTRING_COMPILE_UNISTR_U32_CPY_TRUE=''nLIBUNISTRING_COMPILE_UNISTR_U32_CHR_FALSE='#'nLIBUNISTRING_COMPILE_UNISTR_U32_CHR_TRUE=''nLIBUNISTRING_UNISTR_H='unistr.h'nHAVE_UNISTD_H='1'nNEXT_AS_FIRST_DIRECTIVE_UNISTD_H='<unistd.h>'nNEXT_UNISTD_H='<unistd.h>'nGL_GNULIB_UNINORM_NFKC_DLL_VARIABLE='LIBUNISTRING_DLL_VARIABLE'nGL_GNULIB_UNINORM_NFKD_DLL_VARIABLE='LIBUNISTRING_DLL_VARIABLE'nGL_GNULIB_UNINORM_NFC_DLL_VARIABLE='LIBUNISTRING_DLL_VARIABLE'nGL_GNULIB_UNINORM_NFD_DLL_VARIABLE='LIBUNISTRING_DLL_VARIABLE'nLIBUNISTRING_UNINORM_H='uninorm.h'nLIBUNISTRING_COMPILE_UNICTYPE_CTYPE_XDIGIT_FALSE='#'nLIBUNISTRING_COMPILE_UNICTYPE_CTYPE_XDIGIT_TRUE=''nLIBUNISTRING_COMPILE_UNICTYPE_CTYPE_UPPER_FALSE='#'nLIBUNISTRING_COMPILE_UNICTYPE_CTYPE_UPPER_TRUE=''nLIBUNISTRING_COMPILE_UNICTYPE_CTYPE_SPACE_FALSE='#'nLIBUNISTRING_COMPILE_UNICTYPE_CTYPE_SPACE_TRUE=''nLIBUNISTRING_COMPILE_UNICTYPE_CTYPE_PUNCT_FALSE='#'nLIBUNISTRING_COMPILE_UNICTYPE_CTYPE_PUNCT_TRUE=''nLIBUNISTRING_COMPILE_UNICTYPE_CTYPE_PRINT_FALSE='#'nLIBUNISTRING_COMPILE_UNICTYPE_CTYPE_PRINT_TRUE=''nLIBUNISTRING_COMPILE_UNICTYPE_CTYPE_LOWER_FALSE='#'nLIBUNISTRING_COMPILE_UNICTYPE_CTYPE_LOWER_TRUE=''nLIBUNISTRING_COMPILE_UNICTYPE_CTYPE_GRAPH_FALSE='#'nLIBUNISTRING_COMPILE_UNICTYPE_CTYPE_GRAPH_TRUE=''nLIBUNISTRING_COMPILE_UNICTYPE_CTYPE_DIGIT_FALSE='#'nLIBUNISTRING_COMPILE_UNICTYPE_CTYPE_DIGIT_TRUE=''nLIBUNISTRING_COMPILE_UNICTYPE_CTYPE_CNTRL_FALSE='#'nLIBUNISTRING_COMPILE_UNICTYPE_CTYPE_CNTRL_TRUE=''nLIBUNISTRING_COMPILE_UNICTYPE_CTYPE_BLANK_FALSE='#'nLIBUNISTRING_COMPILE_UNICTYPE_CTYPE_BLANK_TRUE=''nLIBUNISTRING_COMPILE_UNICTYPE_CTYPE_ALPHA_FALSE='#'nLIBUNISTRING_COMPILE_UNICTYPE_CTYPE_ALPHA_TRUE=''nLIBUNISTRING_COMPILE_UNICTYPE_CTYPE_ALNUM_FALSE='#'nLIBUNISTRING_COMPILE_UNICTYPE_CTYPE_ALNUM_TRUE=''nGL_GNULIB_UNICTYPE_PROPERTY_REGIONAL_INDICATOR_DLL_VARIABLE='LIBUNISTRING_DLL_VARIABLE'nGL_GNULIB_UNICTYPE_PROPERTY_IGNORABLE_CONTROL_DLL_VARIABLE='LIBUNISTRING_DLL_VARIABLE'nGL_GNULIB_UNICTYPE_PROPERTY_EXTENDER_DLL_VARIABLE='LIBUNISTRING_DLL_VARIABLE'nGL_GNULIB_UNICTYPE_PROPERTY_DIACRITIC_DLL_VARIABLE='LIBUNISTRING_DLL_VARIABLE'nGL_GNULIB_UNICTYPE_PROPERTY_NUMERIC_DLL_VARIABLE='LIBUNISTRING_DLL_VARIABLE'nGL_GNULIB_UNICTYPE_PROPERTY_DECIMAL_DIGIT_DLL_VARIABLE='LIBUNISTRING_DLL_VARIABLE'nGL_GNULIB_UNICTYPE_PROPERTY_COMPOSITE_DLL_VARIABLE='LIBUNISTRING_DLL_VARIABLE'nGL_GNULIB_UNICTYPE_PROPERTY_COMBINING_DLL_VARIABLE='LIBUNISTRING_DLL_VARIABLE'nGL_GNULIB_UNICTYPE_PROPERTY_LEFT_OF_PAIR_DLL_VARIABLE='LIBUNISTRING_DLL_VARIABLE'nGL_GNULIB_UNICTYPE_PROPERTY_PAIRED_PUNCTUATION_DLL_VARIABLE='LIBUNISTRING_DLL_VARIABLE'nGL_GNULIB_UNICTYPE_PROPERTY_OTHER_MATH_DLL_VARIABLE='LIBUNISTRING_DLL_VARIABLE'nGL_GNULIB_UNICTYPE_PROPERTY_MATH_DLL_VARIABLE='LIBUNISTRING_DLL_VARIABLE'nGL_GNULIB_UNICTYPE_PROPERTY_CURRENCY_SYMBOL_DLL_VARIABLE='LIBUNISTRING_DLL_VARIABLE'nGL_GNULIB_UNICTYPE_PROPERTY_TERMINAL_PUNCTUATION_DLL_VARIABLE='LIBUNISTRING_DLL_VARIABLE'nGL_GNULIB_UNICTYPE_PROPERTY_SENTENCE_TERMINAL_DLL_VARIABLE='LIBUNISTRING_DLL_VARIABLE'nGL_GNULIB_UNICTYPE_PROPERTY_QUOTATION_MARK_DLL_VARIABLE='LIBUNISTRING_DLL_VARIABLE'nGL_GNULIB_UNICTYPE_PROPERTY_PARAGRAPH_SEPARATOR_DLL_VARIABLE='LIBUNISTRING_DLL_VARIABLE'nGL_GNULIB_UNICTYPE_PROPERTY_LINE_SEPARATOR_DLL_VARIABLE='LIBUNISTRING_DLL_VARIABLE'nGL_GNULIB_UNICTYPE_PROPERTY_PUNCTUATION_DLL_VARIABLE='LIBUNISTRING_DLL_VARIABLE'nGL_GNULIB_UNICTYPE_PROPERTY_HYPHEN_DLL_VARIABLE='LIBUNISTRING_DLL_VARIABLE'nGL_GNULIB_UNICTYPE_PROPERTY_DASH_DLL_VARIABLE='LIBUNISTRING_DLL_VARIABLE'nGL_GNULIB_UNICTYPE_PROPERTY_PREPENDED_CONCATENATION_MARK_DLL_VARIABLE='LIBUNISTRING_DLL_VARIABLE'nGL_GNULIB_UNICTYPE_PROPERTY_FORMAT_CONTROL_DLL_VARIABLE='LIBUNISTRING_DLL_VARIABLE'nGL_GNULIB_UNICTYPE_PROPERTY_ISO_CONTROL_DLL_VARIABLE='LIBUNISTRING_DLL_VARIABLE'nGL_GNULIB_UNICTYPE_PROPERTY_NON_BREAK_DLL_VARIABLE='LIBUNISTRING_DLL_VARIABLE'nGL_GNULIB_UNICTYPE_PROPERTY_SPACE_DLL_VARIABLE='LIBUNISTRING_DLL_VARIABLE'nGL_GNULIB_UNICTYPE_PROPERTY_ZERO_WIDTH_DLL_VARIABLE='LIBUNISTRING_DLL_VARIABLE'nGL_GNULIB_UNICTYPE_PROPERTY_EXTENDED_PICTOGRAPHIC_DLL_VARIABLE='LIBUNISTRING_DLL_VARIABLE'nGL_GNULIB_UNICTYPE_PROPERTY_EMOJI_COMPONENT_DLL_VARIABLE='LIBUNISTRING_DLL_VARIABLE'nGL_GNULIB_UNICTYPE_PROPERTY_EMOJI_MODIFIER_BASE_DLL_VARIABLE='LIBUNISTRING_DLL_VARIABLE'nGL_GNULIB_UNICTYPE_PROPERTY_EMOJI_MODIFIER_DLL_VARIABLE='LIBUNISTRING_DLL_VARIABLE'nGL_GNULIB_UNICTYPE_PROPERTY_EMOJI_PRESENTATION_DLL_VARIABLE='LIBUNISTRING_DLL_VARIABLE'nGL_GNULIB_UNICTYPE_PROPERTY_EMOJI_DLL_VARIABLE='LIBUNISTRING_DLL_VARIABLE'nGL_GNULIB_UNICTYPE_PROPERTY_IDS_TRINARY_OPERATOR_DLL_VARIABLE='LIBUNISTRING_DLL_VARIABLE'nGL_GNULIB_UNICTYPE_PROPERTY_IDS_BINARY_OPERATOR_DLL_VARIABLE='LIBUNISTRING_DLL_VARIABLE'nGL_GNULIB_UNICTYPE_PROPERTY_IDS_UNARY_OPERATOR_DLL_VARIABLE='LIBUNISTRING_DLL_VARIABLE'nGL_GNULIB_UNICTYPE_PROPERTY_RADICAL_DLL_VARIABLE='LIBUNISTRING_DLL_VARIABLE'nGL_GNULIB_UNICTYPE_PROPERTY_UNIFIED_IDEOGRAPH_DLL_VARIABLE='LIBUNISTRING_DLL_VARIABLE'nGL_GNULIB_UNICTYPE_PROPERTY_IDEOGRAPHIC_DLL_VARIABLE='LIBUNISTRING_DLL_VARIABLE'nGL_GNULIB_UNICTYPE_PROPERTY_ASCII_HEX_DIGIT_DLL_VARIABLE='LIBUNISTRING_DLL_VARIABLE'nGL_GNULIB_UNICTYPE_PROPERTY_HEX_DIGIT_DLL_VARIABLE='LIBUNISTRING_DLL_VARIABLE'nGL_GNULIB_UNICTYPE_PROPERTY_BIDI_OTHER_NEUTRAL_DLL_VARIABLE='LIBUNISTRING_DLL_VARIABLE'nGL_GNULIB_UNICTYPE_PROPERTY_BIDI_EMBEDDING_OR_OVERRIDE_DLL_VARIABLE='LIBUNISTRING_DLL_VARIABLE'nGL_GNULIB_UNICTYPE_PROPERTY_BIDI_PDF_DLL_VARIABLE='LIBUNISTRING_DLL_VARIABLE'nGL_GNULIB_UNICTYPE_PROPERTY_BIDI_BOUNDARY_NEUTRAL_DLL_VARIABLE='LIBUNISTRING_DLL_VARIABLE'nGL_GNULIB_UNICTYPE_PROPERTY_BIDI_NON_SPACING_MARK_DLL_VARIABLE='LIBUNISTRING_DLL_VARIABLE'nGL_GNULIB_UNICTYPE_PROPERTY_BIDI_WHITESPACE_DLL_VARIABLE='LIBUNISTRING_DLL_VARIABLE'nGL_GNULIB_UNICTYPE_PROPERTY_BIDI_SEGMENT_SEPARATOR_DLL_VARIABLE='LIBUNISTRING_DLL_VARIABLE'nGL_GNULIB_UNICTYPE_PROPERTY_BIDI_BLOCK_SEPARATOR_DLL_VARIABLE='LIBUNISTRING_DLL_VARIABLE'nGL_GNULIB_UNICTYPE_PROPERTY_BIDI_COMMON_SEPARATOR_DLL_VARIABLE='LIBUNISTRING_DLL_VARIABLE'nGL_GNULIB_UNICTYPE_PROPERTY_BIDI_ARABIC_DIGIT_DLL_VARIABLE='LIBUNISTRING_DLL_VARIABLE'nGL_GNULIB_UNICTYPE_PROPERTY_BIDI_EUR_NUM_TERMINATOR_DLL_VARIABLE='LIBUNISTRING_DLL_VARIABLE'nGL_GNULIB_UNICTYPE_PROPERTY_BIDI_EUR_NUM_SEPARATOR_DLL_VARIABLE='LIBUNISTRING_DLL_VARIABLE'nGL_GNULIB_UNICTYPE_PROPERTY_BIDI_EUROPEAN_DIGIT_DLL_VARIABLE='LIBUNISTRING_DLL_VARIABLE'nGL_GNULIB_UNICTYPE_PROPERTY_BIDI_ARABIC_RIGHT_TO_LEFT_DLL_VARIABLE='LIBUNISTRING_DLL_VARIABLE'nGL_GNULIB_UNICTYPE_PROPERTY_BIDI_HEBREW_RIGHT_TO_LEFT_DLL_VARIABLE='LIBUNISTRING_DLL_VARIABLE'nGL_GNULIB_UNICTYPE_PROPERTY_BIDI_LEFT_TO_RIGHT_DLL_VARIABLE='LIBUNISTRING_DLL_VARIABLE'nGL_GNULIB_UNICTYPE_PROPERTY_BIDI_CONTROL_DLL_VARIABLE='LIBUNISTRING_DLL_VARIABLE'nGL_GNULIB_UNICTYPE_PROPERTY_MODIFIER_COMBINING_MARK_DLL_VARIABLE='LIBUNISTRING_DLL_VARIABLE'nGL_GNULIB_UNICTYPE_PROPERTY_GRAPHEME_LINK_DLL_VARIABLE='LIBUNISTRING_DLL_VARIABLE'nGL_GNULIB_UNICTYPE_PROPERTY_OTHER_GRAPHEME_EXTEND_DLL_VARIABLE='LIBUNISTRING_DLL_VARIABLE'nGL_GNULIB_UNICTYPE_PROPERTY_GRAPHEME_EXTEND_DLL_VARIABLE='LIBUNISTRING_DLL_VARIABLE'nGL_GNULIB_UNICTYPE_PROPERTY_GRAPHEME_BASE_DLL_VARIABLE='LIBUNISTRING_DLL_VARIABLE'nGL_GNULIB_UNICTYPE_PROPERTY_JOIN_CONTROL_DLL_VARIABLE='LIBUNISTRING_DLL_VARIABLE'nGL_GNULIB_UNICTYPE_PROPERTY_PATTERN_SYNTAX_DLL_VARIABLE='LIBUNISTRING_DLL_VARIABLE'nGL_GNULIB_UNICTYPE_PROPERTY_PATTERN_WHITE_SPACE_DLL_VARIABLE='LIBUNISTRING_DLL_VARIABLE'nGL_GNULIB_UNICTYPE_PROPERTY_ID_COMPAT_MATH_CONTINUE_DLL_VARIABLE='LIBUNISTRING_DLL_VARIABLE'nGL_GNULIB_UNICTYPE_PROPERTY_ID_COMPAT_MATH_START_DLL_VARIABLE='LIBUNISTRING_DLL_VARIABLE'nGL_GNULIB_UNICTYPE_PROPERTY_XID_CONTINUE_DLL_VARIABLE='LIBUNISTRING_DLL_VARIABLE'nGL_GNULIB_UNICTYPE_PROPERTY_XID_START_DLL_VARIABLE='LIBUNISTRING_DLL_VARIABLE'nGL_GNULIB_UNICTYPE_PROPERTY_OTHER_ID_CONTINUE_DLL_VARIABLE='LIBUNISTRING_DLL_VARIABLE'nGL_GNULIB_UNICTYPE_PROPERTY_ID_CONTINUE_DLL_VARIABLE='LIBUNISTRING_DLL_VARIABLE'nGL_GNULIB_UNICTYPE_PROPERTY_OTHER_ID_START_DLL_VARIABLE='LIBUNISTRING_DLL_VARIABLE'nGL_GNULIB_UNICTYPE_PROPERTY_ID_START_DLL_VARIABLE='LIBUNISTRING_DLL_VARIABLE'nGL_GNULIB_UNICTYPE_PROPERTY_SOFT_DOTTED_DLL_VARIABLE='LIBUNISTRING_DLL_VARIABLE'nGL_GNULIB_UNICTYPE_PROPERTY_CHANGES_WHEN_CASEMAPPED_DLL_VARIABLE='LIBUNISTRING_DLL_VARIABLE'nGL_GNULIB_UNICTYPE_PROPERTY_CHANGES_WHEN_CASEFOLDED_DLL_VARIABLE='LIBUNISTRING_DLL_VARIABLE'nGL_GNULIB_UNICTYPE_PROPERTY_CHANGES_WHEN_TITLECASED_DLL_VARIABLE='LIBUNISTRING_DLL_VARIABLE'nGL_GNULIB_UNICTYPE_PROPERTY_CHANGES_WHEN_UPPERCASED_DLL_VARIABLE='LIBUNISTRING_DLL_VARIABLE'nGL_GNULIB_UNICTYPE_PROPERTY_CHANGES_WHEN_LOWERCASED_DLL_VARIABLE='LIBUNISTRING_DLL_VARIABLE'nGL_GNULIB_UNICTYPE_PROPERTY_CASE_IGNORABLE_DLL_VARIABLE='LIBUNISTRING_DLL_VARIABLE'nGL_GNULIB_UNICTYPE_PROPERTY_CASED_DLL_VARIABLE='LIBUNISTRING_DLL_VARIABLE'nGL_GNULIB_UNICTYPE_PROPERTY_TITLECASE_DLL_VARIABLE='LIBUNISTRING_DLL_VARIABLE'nGL_GNULIB_UNICTYPE_PROPERTY_OTHER_LOWERCASE_DLL_VARIABLE='LIBUNISTRING_DLL_VARIABLE'nGL_GNULIB_UNICTYPE_PROPERTY_LOWERCASE_DLL_VARIABLE='LIBUNISTRING_DLL_VARIABLE'nGL_GNULIB_UNICTYPE_PROPERTY_OTHER_UPPERCASE_DLL_VARIABLE='LIBUNISTRING_DLL_VARIABLE'nGL_GNULIB_UNICTYPE_PROPERTY_UPPERCASE_DLL_VARIABLE='LIBUNISTRING_DLL_VARIABLE'nGL_GNULIB_UNICTYPE_PROPERTY_UNASSIGNED_CODE_VALUE_DLL_VARIABLE='LIBUNISTRING_DLL_VARIABLE'nGL_GNULIB_UNICTYPE_PROPERTY_PRIVATE_USE_DLL_VARIABLE='LIBUNISTRING_DLL_VARIABLE'nGL_GNULIB_UNICTYPE_PROPERTY_VARIATION_SELECTOR_DLL_VARIABLE='LIBUNISTRING_DLL_VARIABLE'nGL_GNULIB_UNICTYPE_PROPERTY_LOGICAL_ORDER_EXCEPTION_DLL_VARIABLE='LIBUNISTRING_DLL_VARIABLE'nGL_GNULIB_UNICTYPE_PROPERTY_DEPRECATED_DLL_VARIABLE='LIBUNISTRING_DLL_VARIABLE'nGL_GNULIB_UNICTYPE_PROPERTY_OTHER_DEFAULT_IGNORABLE_CODE_POINT_DLL_VARIABLE='LIBUNISTRING_DLL_VARIABLE'nGL_GNULIB_UNICTYPE_PROPERTY_DEFAULT_IGNORABLE_CODE_POINT_DLL_VARIABLE='LIBUNISTRING_DLL_VARIABLE'nGL_GNULIB_UNICTYPE_PROPERTY_NOT_A_CHARACTER_DLL_VARIABLE='LIBUNISTRING_DLL_VARIABLE'nGL_GNULIB_UNICTYPE_PROPERTY_OTHER_ALPHABETIC_DLL_VARIABLE='LIBUNISTRING_DLL_VARIABLE'nGL_GNULIB_UNICTYPE_PROPERTY_ALPHABETIC_DLL_VARIABLE='LIBUNISTRING_DLL_VARIABLE'nGL_GNULIB_UNICTYPE_PROPERTY_WHITE_SPACE_DLL_VARIABLE='LIBUNISTRING_DLL_VARIABLE'nGL_GNULIB_UNICTYPE_CATEGORY_CN_DLL_VARIABLE='LIBUNISTRING_DLL_VARIABLE'nGL_GNULIB_UNICTYPE_CATEGORY_CO_DLL_VARIABLE='LIBUNISTRING_DLL_VARIABLE'nGL_GNULIB_UNICTYPE_CATEGORY_CS_DLL_VARIABLE='LIBUNISTRING_DLL_VARIABLE'nGL_GNULIB_UNICTYPE_CATEGORY_CF_DLL_VARIABLE='LIBUNISTRING_DLL_VARIABLE'nGL_GNULIB_UNICTYPE_CATEGORY_CC_DLL_VARIABLE='LIBUNISTRING_DLL_VARIABLE'nGL_GNULIB_UNICTYPE_CATEGORY_C_DLL_VARIABLE='LIBUNISTRING_DLL_VARIABLE'nGL_GNULIB_UNICTYPE_CATEGORY_ZP_DLL_VARIABLE='LIBUNISTRING_DLL_VARIABLE'nGL_GNULIB_UNICTYPE_CATEGORY_ZL_DLL_VARIABLE='LIBUNISTRING_DLL_VARIABLE'nGL_GNULIB_UNICTYPE_CATEGORY_ZS_DLL_VARIABLE='LIBUNISTRING_DLL_VARIABLE'nGL_GNULIB_UNICTYPE_CATEGORY_Z_DLL_VARIABLE='LIBUNISTRING_DLL_VARIABLE'nGL_GNULIB_UNICTYPE_CATEGORY_SO_DLL_VARIABLE='LIBUNISTRING_DLL_VARIABLE'nGL_GNULIB_UNICTYPE_CATEGORY_SK_DLL_VARIABLE='LIBUNISTRING_DLL_VARIABLE'nGL_GNULIB_UNICTYPE_CATEGORY_SC_DLL_VARIABLE='LIBUNISTRING_DLL_VARIABLE'nGL_GNULIB_UNICTYPE_CATEGORY_SM_DLL_VARIABLE='LIBUNISTRING_DLL_VARIABLE'nGL_GNULIB_UNICTYPE_CATEGORY_S_DLL_VARIABLE='LIBUNISTRING_DLL_VARIABLE'nGL_GNULIB_UNICTYPE_CATEGORY_PO_DLL_VARIABLE='LIBUNISTRING_DLL_VARIABLE'nGL_GNULIB_UNICTYPE_CATEGORY_PF_DLL_VARIABLE='LIBUNISTRING_DLL_VARIABLE'nGL_GNULIB_UNICTYPE_CATEGORY_PI_DLL_VARIABLE='LIBUNISTRING_DLL_VARIABLE'nGL_GNULIB_UNICTYPE_CATEGORY_PE_DLL_VARIABLE='LIBUNISTRING_DLL_VARIABLE'nGL_GNULIB_UNICTYPE_CATEGORY_PS_DLL_VARIABLE='LIBUNISTRING_DLL_VARIABLE'nGL_GNULIB_UNICTYPE_CATEGORY_PD_DLL_VARIABLE='LIBUNISTRING_DLL_VARIABLE'nGL_GNULIB_UNICTYPE_CATEGORY_PC_DLL_VARIABLE='LIBUNISTRING_DLL_VARIABLE'nGL_GNULIB_UNICTYPE_CATEGORY_P_DLL_VARIABLE='LIBUNISTRING_DLL_VARIABLE'nGL_GNULIB_UNICTYPE_CATEGORY_NO_DLL_VARIABLE='LIBUNISTRING_DLL_VARIABLE'nGL_GNULIB_UNICTYPE_CATEGORY_NL_DLL_VARIABLE='LIBUNISTRING_DLL_VARIABLE'nGL_GNULIB_UNICTYPE_CATEGORY_ND_DLL_VARIABLE='LIBUNISTRING_DLL_VARIABLE'nGL_GNULIB_UNICTYPE_CATEGORY_N_DLL_VARIABLE='LIBUNISTRING_DLL_VARIABLE'nGL_GNULIB_UNICTYPE_CATEGORY_ME_DLL_VARIABLE='LIBUNISTRING_DLL_VARIABLE'nGL_GNULIB_UNICTYPE_CATEGORY_MC_DLL_VARIABLE='LIBUNISTRING_DLL_VARIABLE'nGL_GNULIB_UNICTYPE_CATEGORY_MN_DLL_VARIABLE='LIBUNISTRING_DLL_VARIABLE'nGL_GNULIB_UNICTYPE_CATEGORY_M_DLL_VARIABLE='LIBUNISTRING_DLL_VARIABLE'nGL_GNULIB_UNICTYPE_CATEGORY_LO_DLL_VARIABLE='LIBUNISTRING_DLL_VARIABLE'nGL_GNULIB_UNICTYPE_CATEGORY_LM_DLL_VARIABLE='LIBUNISTRING_DLL_VARIABLE'nGL_GNULIB_UNICTYPE_CATEGORY_LT_DLL_VARIABLE='LIBUNISTRING_DLL_VARIABLE'nGL_GNULIB_UNICTYPE_CATEGORY_LL_DLL_VARIABLE='LIBUNISTRING_DLL_VARIABLE'nGL_GNULIB_UNICTYPE_CATEGORY_LU_DLL_VARIABLE='LIBUNISTRING_DLL_VARIABLE'nGL_GNULIB_UNICTYPE_CATEGORY_LC_DLL_VARIABLE='LIBUNISTRING_DLL_VARIABLE'nGL_GNULIB_UNICTYPE_CATEGORY_L_DLL_VARIABLE='LIBUNISTRING_DLL_VARIABLE'nLIBUNISTRING_UNICTYPE_H='unictype.h'nLIBUNISTRING_COMPILE_UNICASE_TOLOWER_FALSE='#'nLIBUNISTRING_COMPILE_UNICASE_TOLOWER_TRUE=''nGL_GNULIB_UNICASE_EMPTY_SUFFIX_CONTEXT_DLL_VARIABLE='LIBUNISTRING_DLL_VARIABLE'nGL_GNULIB_UNICASE_EMPTY_PREFIX_CONTEXT_DLL_VARIABLE='LIBUNISTRING_DLL_VARIABLE'nLIBUNISTRING_UNICASE_H='unicase.h'nHAVE_UNISTRING_WOE32DLL_H='0'nGL_COND_OBJ_TZSET_FALSE=''nGL_COND_OBJ_TZSET_TRUE='#'nGL_COND_OBJ_TIMESPEC_GET_FALSE=''nGL_COND_OBJ_TIMESPEC_GET_TRUE='#'nGL_COND_OBJ_TIMEGM_FALSE=''nGL_COND_OBJ_TIMEGM_TRUE='#'nGL_COND_OBJ_TIME_RZ_FALSE='#'nGL_COND_OBJ_TIME_RZ_TRUE=''nGL_COND_OBJ_TIME_R_FALSE=''nGL_COND_OBJ_TIME_R_TRUE='#'nTIME_H_DEFINES_TIME_UTC='1'nUNISTD_H_DEFINES_STRUCT_TIMESPEC='0'nPTHREAD_H_DEFINES_STRUCT_TIMESPEC='0'nSYS_TIME_H_DEFINES_STRUCT_TIMESPEC='0'nTIME_H_DEFINES_STRUCT_TIMESPEC='1'nNEXT_AS_FIRST_DIRECTIVE_TIME_H='<time.h>'nNEXT_TIME_H='<time.h>'nGL_GNULIB_WAITPID='0'nNEXT_AS_FIRST_DIRECTIVE_SYS_WAIT_H='<sys/wait.h>'nNEXT_SYS_WAIT_H='<sys/wait.h>'nHAVE_BLKCNT_T='1'nHAVE_BLKSIZE_T='1'nWINDOWS_STAT_INODES='0'nHAVE_OFF64_T='1'nWINDOWS_64_BIT_OFF_T='0'nNEXT_AS_FIRST_DIRECTIVE_SYS_TYPES_H='<sys/types.h>'nNEXT_SYS_TYPES_H='<sys/types.h>'nHAVE_SYS_RANDOM_H='1'nNEXT_AS_FIRST_DIRECTIVE_SYS_RANDOM_H='<sys/random.h>'nNEXT_SYS_RANDOM_H='<sys/random.h>'nGL_COND_OBJ_STRTOLL_FALSE=''nGL_COND_OBJ_STRTOLL_TRUE='#'nGL_COND_OBJ_STRTOIMAX_FALSE=''nGL_COND_OBJ_STRTOIMAX_TRUE='#'nGL_COND_OBJ_STRPTIME_FALSE=''nGL_COND_OBJ_STRPTIME_TRUE='#'nGL_COND_OBJ_STRNLEN_FALSE=''nGL_COND_OBJ_STRNLEN_TRUE='#'nGL_COND_OBJ_STRNCASECMP_FALSE=''nGL_COND_OBJ_STRNCASECMP_TRUE='#'nHAVE_STRINGS_H='1'nNEXT_AS_FIRST_DIRECTIVE_STRINGS_H='<strings.h>'nNEXT_STRINGS_H='<strings.h>'nNEXT_AS_FIRST_DIRECTIVE_STRING_H='<string.h>'nNEXT_STRING_H='<string.h>'nGL_COND_OBJ_STRERROR_OVERRIDE_FALSE=''nGL_COND_OBJ_STRERROR_OVERRIDE_TRUE='#'nGL_COND_OBJ_STRERROR_FALSE=''nGL_COND_OBJ_STRERROR_TRUE='#'nGL_COND_OBJ_STRDUP_FALSE=''nGL_COND_OBJ_STRDUP_TRUE='#'nGL_GNULIB_STRNCASECMP_L='0'nGL_GNULIB_STRNCASECMP='1'nGL_GNULIB_STRCASECMP_L='0'nGL_GNULIB_STRCASECMP='1'nGL_GNULIB_FFS='0'nGL_COND_OBJ_STRCASECMP_FALSE=''nGL_COND_OBJ_STRCASECMP_TRUE='#'nREPLACE_STRNCASECMP_L='0'nREPLACE_STRNCASECMP='0'nREPLACE_STRCASECMP_L='0'nREPLACE_STRCASECMP='0'nHAVE_DECL_STRNCASECMP='1'nHAVE_STRNCASECMP_L='1'nHAVE_STRNCASECMP='1'nHAVE_STRCASECMP_L='1'nHAVE_STRCASECMP='1'nHAVE_FFS='1'nGL_COND_OBJ_STPCPY_FALSE=''nGL_COND_OBJ_STPCPY_TRUE='#'nNEXT_AS_FIRST_DIRECTIVE_STDLIB_H='<stdlib.h>'nNEXT_STDLIB_H='<stdlib.h>'nGL_COND_OBJ_STDIO_WRITE_FALSE=''nGL_COND_OBJ_STDIO_WRITE_TRUE='#'nGL_COND_OBJ_STDIO_READ_FALSE=''nGL_COND_OBJ_STDIO_READ_TRUE='#'nNEXT_AS_FIRST_DIRECTIVE_STDIO_H='<stdio.h>'nNEXT_STDIO_H='<stdio.h>'nGL_GENERATE_STDINT_H_FALSE=''nGL_GENERATE_STDINT_H_TRUE='#'nSTDINT_H=''nGL_GENERATE_STDDEF_H_FALSE='#'nGL_GENERATE_STDDEF_H_TRUE=''nSTDDEF_H='stddef.h'nGL_GENERATE_STDCKDINT_H_FALSE='#'nGL_GENERATE_STDCKDINT_H_TRUE=''nSTDCKDINT_H='stdckdint.h'nGL_GENERATE_STDBIT_H_FALSE=''nGL_GENERATE_STDBIT_H_TRUE='#'nSTDBIT_H=''nGL_STDC_BIT_CEIL='0'nGL_STDC_BIT_FLOOR='0'nGL_STDC_BIT_WIDTH='1'nGL_STDC_HAS_SINGLE_BIT='0'nGL_STDC_COUNT_ONES='0'nGL_STDC_COUNT_ZEROS='0'nGL_STDC_FIRST_TRAILING_ONE='0'nGL_STDC_FIRST_TRAILING_ZERO='0'nGL_STDC_FIRST_LEADING_ONE='0'nGL_STDC_FIRST_LEADING_ZERO='0'nGL_STDC_TRAILING_ONES='0'nGL_STDC_TRAILING_ZEROS='0'nGL_STDC_LEADING_ONES='0'nGL_STDC_LEADING_ZEROS='1'nGL_GENERATE_STDARG_H_FALSE=''nGL_GENERATE_STDARG_H_TRUE='#'nSTDARG_H=''nNEXT_AS_FIRST_DIRECTIVE_STDARG_H=''nNEXT_STDARG_H='<stdarg.h>'nGL_COND_OBJ_STAT_FALSE=''nGL_COND_OBJ_STAT_TRUE='#'nGL_GENERATE_SIGSEGV_H_FALSE='#'nGL_GENERATE_SIGSEGV_H_TRUE=''nSIGSEGV_H='sigsegv.h'nGL_COND_OBJ_SIGPROCMASK_FALSE=''nGL_COND_OBJ_SIGPROCMASK_TRUE='#'nNEXT_AS_FIRST_DIRECTIVE_SIGNAL_H='<signal.h>'nNEXT_SIGNAL_H='<signal.h>'nGL_COND_OBJ_SIGACTION_FALSE=''nGL_COND_OBJ_SIGACTION_TRUE='#'nGL_COND_OBJ_SETLOCALE_LOCK_FALSE=''nGL_COND_OBJ_SETLOCALE_LOCK_TRUE='#'nGL_COND_OBJ_SETENV_FALSE=''nGL_COND_OBJ_SETENV_TRUE='#'nGL_GNULIB_SCHED_YIELD='IN_DIFFUTILS_GNULIB_TESTS'nHAVE_STRUCT_SCHED_PARAM='1'nHAVE_SCHED_H='1'nNEXT_AS_FIRST_DIRECTIVE_SCHED_H='<sched.h>'nNEXT_SCHED_H='<sched.h>'nREPLACE_SCHED_YIELD='0'nHAVE_SCHED_YIELD='1'nGL_COND_OBJ_REGEX_FALSE=''nGL_COND_OBJ_REGEX_TRUE='#'nGL_COND_OBJ_REALLOCARRAY_FALSE='#'nGL_COND_OBJ_REALLOCARRAY_TRUE=''nGL_COND_OBJ_REALLOC_POSIX_FALSE='#'nGL_COND_OBJ_REALLOC_POSIX_TRUE=''nGL_COND_OBJ_READLINKAT_FALSE=''nGL_COND_OBJ_READLINKAT_TRUE='#'nGL_COND_OBJ_READLINK_FALSE=''nGL_COND_OBJ_READLINK_TRUE='#'nGL_COND_OBJ_READDIR_FALSE=''nGL_COND_OBJ_READDIR_TRUE='#'nGL_COND_OBJ_RAWMEMCHR_FALSE=''nGL_COND_OBJ_RAWMEMCHR_TRUE='#'nGL_GNULIB_SIGACTION='1'nGL_GNULIB_SIGPROCMASK='1'nGL_GNULIB_SIGNAL_H_SIGPIPE='0'nGL_GNULIB_SIG2STR='0'nGL_GNULIB_RAISE='1'nGL_GNULIB_PTHREAD_SIGMASK='IN_DIFFUTILS_GNULIB_TESTS'nGL_COND_OBJ_RAISE_FALSE=''nGL_COND_OBJ_RAISE_TRUE='#'nREPLACE_RAISE='0'nREPLACE_PTHREAD_SIGMASK='0'nHAVE_SIGHANDLER_T='1'nHAVE_TYPE_VOLATILE_SIG_ATOMIC_T='1'nHAVE_STRUCT_SIGACTION_SA_SIGACTION='1'nHAVE_STR2SIG='1'nHAVE_SIGACTION='1'nHAVE_SIGINFO_T='1'nHAVE_SIGSET_T='1'nHAVE_SIG2STR='1'nHAVE_RAISE='1'nHAVE_PTHREAD_SIGMASK='1'nHAVE_POSIX_SIGNALBLOCKING='1'nGL_COND_OBJ_PTHREAD_ONCE_FALSE=''nGL_COND_OBJ_PTHREAD_ONCE_TRUE='#'nGL_GNULIB_PTHREAD_MUTEX_TIMEDLOCK='IN_DIFFUTILS_GNULIB_TESTS'nGL_GNULIB_PTHREAD_SPIN='0'nGL_GNULIB_PTHREAD_TSS='0'nGL_GNULIB_PTHREAD_COND='IN_DIFFUTILS_GNULIB_TESTS'nGL_GNULIB_PTHREAD_RWLOCK='IN_DIFFUTILS_GNULIB_TESTS'nGL_GNULIB_PTHREAD_MUTEX='IN_DIFFUTILS_GNULIB_TESTS'nGL_GNULIB_PTHREAD_ONCE='1'nGL_GNULIB_PTHREAD_THREAD='IN_DIFFUTILS_GNULIB_TESTS'nLIB_PTHREAD=''nHAVE_PTHREAD_H='1'nNEXT_AS_FIRST_DIRECTIVE_PTHREAD_H='<pthread.h>'nNEXT_PTHREAD_H='<pthread.h>'nREPLACE_PTHREAD_SPIN_DESTROY='0'nREPLACE_PTHREAD_SPIN_UNLOCK='0'nREPLACE_PTHREAD_SPIN_TRYLOCK='0'nREPLACE_PTHREAD_SPIN_LOCK='0'nREPLACE_PTHREAD_SPIN_INIT='0'nREPLACE_PTHREAD_KEY_DELETE='0'nREPLACE_PTHREAD_GETSPECIFIC='0'nREPLACE_PTHREAD_SETSPECIFIC='0'nREPLACE_PTHREAD_KEY_CREATE='0'nREPLACE_PTHREAD_COND_DESTROY='0'nREPLACE_PTHREAD_COND_BROADCAST='0'nREPLACE_PTHREAD_COND_SIGNAL='0'nREPLACE_PTHREAD_COND_TIMEDWAIT='0'nREPLACE_PTHREAD_COND_WAIT='0'nREPLACE_PTHREAD_CONDATTR_DESTROY='0'nREPLACE_PTHREAD_CONDATTR_INIT='0'nREPLACE_PTHREAD_COND_INIT='0'nREPLACE_PTHREAD_RWLOCK_DESTROY='0'nREPLACE_PTHREAD_RWLOCK_UNLOCK='0'nREPLACE_PTHREAD_RWLOCK_TIMEDWRLOCK='0'nREPLACE_PTHREAD_RWLOCK_TIMEDRDLOCK='0'nREPLACE_PTHREAD_RWLOCK_TRYWRLOCK='0'nREPLACE_PTHREAD_RWLOCK_TRYRDLOCK='0'nREPLACE_PTHREAD_RWLOCK_WRLOCK='0'nREPLACE_PTHREAD_RWLOCK_RDLOCK='0'nREPLACE_PTHREAD_RWLOCKATTR_DESTROY='0'nREPLACE_PTHREAD_RWLOCKATTR_INIT='1'nREPLACE_PTHREAD_RWLOCK_INIT='1'nREPLACE_PTHREAD_MUTEX_DESTROY='0'nREPLACE_PTHREAD_MUTEX_UNLOCK='0'nREPLACE_PTHREAD_MUTEX_TIMEDLOCK='0'nREPLACE_PTHREAD_MUTEX_TRYLOCK='0'nREPLACE_PTHREAD_MUTEX_LOCK='0'nREPLACE_PTHREAD_MUTEXATTR_DESTROY='0'nREPLACE_PTHREAD_MUTEXATTR_SETROBUST='0'nREPLACE_PTHREAD_MUTEXATTR_GETROBUST='0'nREPLACE_PTHREAD_MUTEXATTR_SETTYPE='0'nREPLACE_PTHREAD_MUTEXATTR_GETTYPE='0'nREPLACE_PTHREAD_MUTEXATTR_INIT='0'nREPLACE_PTHREAD_MUTEX_INIT='0'nREPLACE_PTHREAD_ONCE='0'nREPLACE_PTHREAD_EXIT='0'nREPLACE_PTHREAD_JOIN='0'nREPLACE_PTHREAD_DETACH='0'nREPLACE_PTHREAD_EQUAL='0'nREPLACE_PTHREAD_SELF='0'nREPLACE_PTHREAD_ATTR_DESTROY='0'nREPLACE_PTHREAD_ATTR_SETDETACHSTATE='0'nREPLACE_PTHREAD_ATTR_GETDETACHSTATE='0'nREPLACE_PTHREAD_ATTR_INIT='0'nREPLACE_PTHREAD_CREATE='0'nHAVE_PTHREAD_SPIN_DESTROY='1'nHAVE_PTHREAD_SPIN_UNLOCK='1'nHAVE_PTHREAD_SPIN_TRYLOCK='1'nHAVE_PTHREAD_SPIN_LOCK='1'nHAVE_PTHREAD_SPIN_INIT='1'nHAVE_PTHREAD_KEY_DELETE='1'nHAVE_PTHREAD_GETSPECIFIC='1'nHAVE_PTHREAD_SETSPECIFIC='1'nHAVE_PTHREAD_KEY_CREATE='1'nHAVE_PTHREAD_COND_DESTROY='1'nHAVE_PTHREAD_COND_BROADCAST='1'nHAVE_PTHREAD_COND_SIGNAL='1'nHAVE_PTHREAD_COND_TIMEDWAIT='1'nHAVE_PTHREAD_COND_WAIT='1'nHAVE_PTHREAD_CONDATTR_DESTROY='1'nHAVE_PTHREAD_CONDATTR_INIT='1'nHAVE_PTHREAD_COND_INIT='1'nHAVE_PTHREAD_RWLOCK_DESTROY='1'nHAVE_PTHREAD_RWLOCK_UNLOCK='1'nHAVE_PTHREAD_RWLOCK_TIMEDWRLOCK='1'nHAVE_PTHREAD_RWLOCK_TIMEDRDLOCK='1'nHAVE_PTHREAD_RWLOCK_TRYWRLOCK='1'nHAVE_PTHREAD_RWLOCK_TRYRDLOCK='1'nHAVE_PTHREAD_RWLOCK_WRLOCK='1'nHAVE_PTHREAD_RWLOCK_RDLOCK='1'nHAVE_PTHREAD_RWLOCKATTR_DESTROY='1'nHAVE_PTHREAD_RWLOCKATTR_INIT='1'nHAVE_PTHREAD_RWLOCK_INIT='1'nHAVE_PTHREAD_MUTEX_DESTROY='1'nHAVE_PTHREAD_MUTEX_UNLOCK='1'nHAVE_PTHREAD_MUTEX_TIMEDLOCK='1'nHAVE_PTHREAD_MUTEX_TRYLOCK='1'nHAVE_PTHREAD_MUTEX_LOCK='1'nHAVE_PTHREAD_MUTEXATTR_DESTROY='1'nHAVE_PTHREAD_MUTEXATTR_SETROBUST='1'nHAVE_PTHREAD_MUTEXATTR_GETROBUST='1'nHAVE_PTHREAD_MUTEXATTR_SETTYPE='1'nHAVE_PTHREAD_MUTEXATTR_GETTYPE='1'nHAVE_PTHREAD_MUTEXATTR_INIT='1'nHAVE_PTHREAD_MUTEX_INIT='1'nHAVE_PTHREAD_ONCE='1'nHAVE_PTHREAD_EXIT='1'nHAVE_PTHREAD_JOIN='1'nHAVE_PTHREAD_DETACH='1'nHAVE_PTHREAD_EQUAL='1'nHAVE_PTHREAD_SELF='1'nHAVE_PTHREAD_ATTR_DESTROY='1'nHAVE_PTHREAD_ATTR_SETDETACHSTATE='1'nHAVE_PTHREAD_ATTR_GETDETACHSTATE='1'nHAVE_PTHREAD_ATTR_INIT='1'nHAVE_PTHREAD_CREATE='1'nHAVE_PTHREAD_PROCESS_SHARED='1'nHAVE_PTHREAD_MUTEX_ROBUST='1'nHAVE_PTHREAD_MUTEX_RECURSIVE='1'nHAVE_PTHREAD_CREATE_DETACHED='1'nHAVE_PTHREAD_SPINLOCK_T='1'nHAVE_PTHREAD_T='1'nGL_COND_OBJ_POPEN_FALSE=''nGL_COND_OBJ_POPEN_TRUE='#'nPERL='perl'nGL_COND_OBJ_PCLOSE_FALSE=''nGL_COND_OBJ_PCLOSE_TRUE='#'nGL_COND_OBJ_OPENDIR_FALSE=''nGL_COND_OBJ_OPENDIR_TRUE='#'nGL_COND_OBJ_OPENAT_FALSE=''nGL_COND_OBJ_OPENAT_TRUE='#'nGL_COND_OBJ_OPEN_FALSE=''nGL_COND_OBJ_OPEN_TRUE='#'nGL_COND_OBJ_NL_LANGINFO_LOCK_FALSE=''nGL_COND_OBJ_NL_LANGINFO_LOCK_TRUE='#'nGL_COND_OBJ_NL_LANGINFO_FALSE='#'nGL_COND_OBJ_NL_LANGINFO_TRUE=''nLIB_NL_LANGINFO=''nGL_COND_OBJ_MSVC_NOTHROW_FALSE=''nGL_COND_OBJ_MSVC_NOTHROW_TRUE='#'nGL_COND_OBJ_MSVC_INVAL_FALSE=''nGL_COND_OBJ_MSVC_INVAL_TRUE='#'nGL_GNULIB_MDA_TZSET='1'nGL_GNULIB_TZSET='1'nGL_GNULIB_TZNAME='0'nGL_GNULIB_TIME_RZ='1'nGL_GNULIB_TIME_R='1'nGL_GNULIB_TIMESPEC_GETRES='0'nGL_GNULIB_TIMESPEC_GET='1'nGL_GNULIB_TIMEGM='1'nGL_GNULIB_TIME='IN_DIFFUTILS_GNULIB_TESTS'nGL_GNULIB_STRPTIME='1'nGL_GNULIB_STRFTIME='0'nGL_GNULIB_NANOSLEEP='IN_DIFFUTILS_GNULIB_TESTS'nGL_GNULIB_LOCALTIME='0'nGL_GNULIB_MKTIME='1'nGL_GNULIB_CTIME='0'nREPLACE_TZSET='0'nREPLACE_TIMESPEC_GETRES='0'nREPLACE_TIMESPEC_GET='0'nREPLACE_TIMEGM='0'nREPLACE_TIME='1'nREPLACE_STRFTIME='0'nREPLACE_NANOSLEEP='1'nREPLACE_MKTIME_Z='0'nREPLACE_MKTIME='0'nREPLACE_LOCALTIME_RZ='0'nREPLACE_LOCALTIME_R='0'nREPLACE_LOCALTIME='0'nREPLACE_GMTIME='0'nREPLACE_CTIME='0'nHAVE_TZALLOC='0'nHAVE_TIMEZONE_T='0'nHAVE_TIMESPEC_GETRES='1'nHAVE_TIMESPEC_GET='1'nHAVE_TIMEGM='1'nHAVE_STRPTIME='1'nHAVE_NANOSLEEP='1'nHAVE_DECL_LOCALTIME_R='1'nGL_COND_OBJ_MKSTEMP_FALSE=''nGL_COND_OBJ_MKSTEMP_TRUE='#'nGL_COND_OBJ_MKDIR_FALSE=''nGL_COND_OBJ_MKDIR_TRUE='#'nGL_COND_OBJ_MEMRCHR_FALSE=''nGL_COND_OBJ_MEMRCHR_TRUE='#'nGL_COND_OBJ_MEMPCPY_FALSE=''nGL_COND_OBJ_MEMPCPY_TRUE='#'nGL_COND_OBJ_MEMCHR_FALSE=''nGL_COND_OBJ_MEMCHR_TRUE='#'nGL_COND_OBJ_MBTOWC_FALSE=''nGL_COND_OBJ_MBTOWC_TRUE='#'nGL_COND_OBJ_MBSRTOWCS_FALSE='#'nGL_COND_OBJ_MBSRTOWCS_TRUE=''nGL_COND_OBJ_MBSINIT_FALSE=''nGL_COND_OBJ_MBSINIT_TRUE='#'nUNDEFINE_STRTOK_R='0'nREPLACE_STRVERSCMP='0'nREPLACE_STRSIGNAL='0'nREPLACE_STRERRORNAME_NP='0'nREPLACE_STRERROR_L='0'nREPLACE_STRERROR_R='1'nREPLACE_STRERROR='0'nREPLACE_STRTOK_R='0'nREPLACE_STRCASESTR='0'nREPLACE_STRSTR='0'nREPLACE_STRNLEN='0'nREPLACE_STRNDUP='0'nREPLACE_STRNCAT='0'nREPLACE_STRDUP='0'nREPLACE_STRCHRNUL='0'nREPLACE_STPNCPY='0'nREPLACE_STPCPY='0'nREPLACE_MEMSET_EXPLICIT='0'nREPLACE_MEMPCPY='0'nREPLACE_MEMMEM='0'nREPLACE_MEMCHR='0'nREPLACE_FFSLL='0'nHAVE_STRVERSCMP='1'nHAVE_DECL_STRSIGNAL='1'nHAVE_SIGDESCR_NP='1'nHAVE_SIGABBREV_NP='1'nHAVE_STRERRORNAME_NP='1'nHAVE_STRERROR_L='1'nHAVE_DECL_STRERROR_R='1'nHAVE_DECL_STRTOK_R='1'nHAVE_STRCASESTR='1'nHAVE_STRSEP='1'nHAVE_STRPBRK='1'nHAVE_DECL_STRNLEN='1'nHAVE_DECL_STRNDUP='1'nHAVE_DECL_STRDUP='1'nHAVE_STRCHRNUL='1'nHAVE_STPNCPY='1'nHAVE_STPCPY='1'nHAVE_RAWMEMCHR='1'nHAVE_DECL_MEMRCHR='1'nHAVE_MEMSET_EXPLICIT='1'nHAVE_MEMPCPY='1'nHAVE_DECL_MEMMEM='1'nHAVE_FFSLL='1'nHAVE_FFSL='1'nHAVE_EXPLICIT_BZERO='1'nHAVE_MBSLEN='0'nGL_GNULIB_MDA_STRDUP='1'nGL_GNULIB_MDA_MEMCCPY='1'nGL_GNULIB_STRVERSCMP='0'nGL_GNULIB_STRSIGNAL='0'nGL_GNULIB_SIGDESCR_NP='0'nGL_GNULIB_SIGABBREV_NP='0'nGL_GNULIB_STRERRORNAME_NP='0'nGL_GNULIB_STRERROR_L='0'nGL_GNULIB_STRERROR_R='IN_DIFFUTILS_GNULIB_TESTS'nGL_GNULIB_STRERROR='1'nGL_GNULIB_MBS_ENDSWITH='0'nGL_GNULIB_MBS_STARTSWITH='0'nGL_GNULIB_MBSTOK_R='0'nGL_GNULIB_MBSSEP='0'nGL_GNULIB_MBSSPN='0'nGL_GNULIB_MBSPBRK='0'nGL_GNULIB_MBSCSPN='0'nGL_GNULIB_MBSCASESTR='0'nGL_GNULIB_MBSPCASECMP='0'nGL_GNULIB_MBSNCASECMP='0'nGL_GNULIB_MBSCASECMP='1'nGL_GNULIB_MBSSTR='0'nGL_GNULIB_MBSRCHR='0'nGL_GNULIB_MBSCHR='0'nGL_GNULIB_MBSNLEN='0'nGL_GNULIB_MBSLEN='0'nGL_GNULIB_STR_ENDSWITH='0'nGL_GNULIB_STR_STARTSWITH='IN_DIFFUTILS_GNULIB_TESTS'nGL_GNULIB_STRTOK_R='0'nGL_GNULIB_STRCASESTR='0'nGL_GNULIB_STRSTR='0'nGL_GNULIB_STRSEP='0'nGL_GNULIB_STRPBRK='0'nGL_GNULIB_STRNLEN='1'nGL_GNULIB_STRNDUP='0'nGL_GNULIB_STRNCAT='0'nGL_GNULIB_STRDUP='1'nGL_GNULIB_STRCHRNUL='0'nGL_GNULIB_STPNCPY='0'nGL_GNULIB_STPCPY='1'nGL_GNULIB_RAWMEMCHR='1'nGL_GNULIB_MEMSET_EXPLICIT='0'nGL_GNULIB_MEMRCHR='1'nGL_GNULIB_MEMPCPY='1'nGL_GNULIB_MEMMEM='0'nGL_GNULIB_MEMCHR='1'nGL_GNULIB_FFSLL='0'nGL_GNULIB_FFSL='0'nGL_GNULIB_EXPLICIT_BZERO='0'nGL_COND_OBJ_MBRTOWC_FALSE='#'nGL_COND_OBJ_MBRTOWC_TRUE=''nLIB_MBRTOWC=''nMBRTOWC_LIB=''nHAVE_VISIBILITY=''nCFLAG_VISIBILITY=''nGL_COND_OBJ_MBRTOC32_FALSE='#'nGL_COND_OBJ_MBRTOC32_TRUE=''nGREP='/usr/bin/grep'nSED='/usr/bin/sed'nGL_COND_OBJ_LSTAT_FALSE=''nGL_COND_OBJ_LSTAT_TRUE='#'nLTLIBMULTITHREAD=''nLIBMULTITHREAD=''nLTLIBTHREAD=''nLIBTHREAD=''nLIBSTDTHREAD=''nGL_COND_OBJ_LOCALENAME_UNSAFE_LIMITED_FALSE=''nGL_COND_OBJ_LOCALENAME_UNSAFE_LIMITED_TRUE='#'nGL_COND_OBJ_LOCALECONV_FALSE=''nGL_COND_OBJ_LOCALECONV_TRUE='#'nGL_GNULIB_LOCALENAME_UNSAFE='0'nGL_GNULIB_GETLOCALENAME_L_UNSAFE='0'nGL_GNULIB_GETLOCALENAME_L='0'nGL_GNULIB_FREELOCALE='0'nGL_GNULIB_DUPLOCALE='0'nGL_GNULIB_NEWLOCALE='0'nGL_GNULIB_SETLOCALE_NULL='1'nGL_GNULIB_SETLOCALE='0'nGL_GNULIB_LOCALECONV='1'nNEXT_AS_FIRST_DIRECTIVE_LOCALE_H='<locale.h>'nNEXT_LOCALE_H='<locale.h>'nHAVE_WINDOWS_LOCALE_T='0'nHAVE_LOCALE_T='1'nHAVE_XLOCALE_H='0'nNEXT_AS_FIRST_DIRECTIVE_STDDEF_H='<stddef.h>'nNEXT_STDDEF_H='<stddef.h>'nHAVE_MAX_ALIGN_T='1'nREPLACE_NULL='0'nSTDDEF_NOT_IDEMPOTENT='0'nNULLPTR_T_NEEDS_STDDEF='0'nLOCALENAME_ENHANCE_LOCALE_FUNCS='0'nREPLACE_STRUCT_LCONV='0'nREPLACE_GETLOCALENAME_L='0'nREPLACE_FREELOCALE='0'nREPLACE_DUPLOCALE='0'nREPLACE_NEWLOCALE='0'nREPLACE_SETLOCALE='0'nREPLACE_LOCALECONV='0'nHAVE_GETLOCALENAME_L='1'nHAVE_FREELOCALE='1'nHAVE_DUPLOCALE='1'nHAVE_NEWLOCALE='1'nLOCALCHARSET_TESTS_ENVIRONMENT=''nGL_GENERATE_LIMITS_H_FALSE='#'nGL_GENERATE_LIMITS_H_TRUE=''nLIMITS_H='limits.h'nGL_GNULIB_NL_LANGINFO='1'nHAVE_LANGINFO_YESEXPR='1'nHAVE_LANGINFO_ERA='1'nHAVE_LANGINFO_ABALTMON='0'nHAVE_LANGINFO_ALTMON='1'nHAVE_LANGINFO_T_FMT_AMPM='1'nHAVE_LANGINFO_CODESET='1'nHAVE_LANGINFO_H='1'nNEXT_AS_FIRST_DIRECTIVE_LANGINFO_H='<langinfo.h>'nNEXT_LANGINFO_H='<langinfo.h>'nREPLACE_NL_LANGINFO='1'nHAVE_NL_LANGINFO='1'nGL_COND_OBJ_ISWXDIGIT_FALSE=''nGL_COND_OBJ_ISWXDIGIT_TRUE='#'nGL_COND_OBJ_ISWPUNCT_FALSE=''nGL_COND_OBJ_ISWPUNCT_TRUE='#'nGL_COND_OBJ_ISWDIGIT_FALSE=''nGL_COND_OBJ_ISWDIGIT_TRUE='#'nGL_COND_OBJ_ISWCTYPE_FALSE=''nGL_COND_OBJ_ISWCTYPE_TRUE='#'nGL_GNULIB_TOWCTRANS='0'nGL_GNULIB_WCTRANS='0'nGL_GNULIB_ISWCTYPE='1'nGL_GNULIB_WCTYPE='1'nGL_GNULIB_ISWXDIGIT='1'nGL_GNULIB_ISWPUNCT='1'nGL_GNULIB_ISWDIGIT='1'nGL_GNULIB_ISWBLANK='1'nGL_COND_OBJ_ISWBLANK_FALSE=''nGL_COND_OBJ_ISWBLANK_TRUE='#'nREPLACE_TOWLOWER='0'nREPLACE_ISWCNTRL='0'nHAVE_WCTYPE_H='1'nNEXT_AS_FIRST_DIRECTIVE_WCTYPE_H='<wctype.h>'nNEXT_WCTYPE_H='<wctype.h>'nHAVE_CRTDEFS_H='0'nHAVE_WINT_T='1'nHAVE_ISWCNTRL='1'nREPLACE_WCTYPE='0'nREPLACE_WCTRANS='0'nREPLACE_ISWXDIGIT='0'nREPLACE_ISWPUNCT='0'nREPLACE_ISWDIGIT='0'nREPLACE_ISWBLANK='0'nHAVE_WCTRANS_T='1'nHAVE_WCTYPE_T='1'nHAVE_ISWBLANK='1'nGL_COND_OBJ_ISBLANK_FALSE=''nGL_COND_OBJ_ISBLANK_TRUE='#'nGL_GNULIB_STRTOUMAX='0'nGL_GNULIB_STRTOIMAX='1'nGL_GNULIB_IMAXDIV='0'nGL_GNULIB_IMAXABS='0'nNEXT_AS_FIRST_DIRECTIVE_INTTYPES_H='<inttypes.h>'nNEXT_INTTYPES_H='<inttypes.h>'nUINT64_MAX_EQ_ULONG_MAX='1'nUINT32_MAX_LT_UINTMAX_MAX='1'nPRIPTR_PREFIX='"l"'nINT64_MAX_EQ_LONG_MAX='1'nINT32_MAX_LT_INTMAX_MAX='1'nREPLACE_STRTOUMAX='0'nREPLACE_STRTOIMAX='0'nREPLACE_IMAXDIV='0'nREPLACE_IMAXABS='0'nHAVE_IMAXDIV='1'nHAVE_IMAXABS='1'nHAVE_IMAXDIV_T='1'nHAVE_DECL_STRTOUMAX='1'nHAVE_DECL_STRTOIMAX='1'nHAVE_DECL_IMAXDIV='1'nHAVE_DECL_IMAXABS='1'nHAVE_SYS_INTTYPES_H='0'nHAVE_SYS_BITYPES_H='0'nHAVE_C99_STDINT_H='1'nWINT_T_SUFFIX=''nWCHAR_T_SUFFIX=''nSIG_ATOMIC_T_SUFFIX=''nSIZE_T_SUFFIX=''nPTRDIFF_T_SUFFIX=''nHAVE_SIGNED_WINT_T=''nHAVE_SIGNED_WCHAR_T=''nHAVE_SIGNED_SIG_ATOMIC_T=''nBITSIZEOF_WINT_T=''nBITSIZEOF_SIG_ATOMIC_T=''nBITSIZEOF_SIZE_T=''nBITSIZEOF_PTRDIFF_T=''nAPPLE_UNIVERSAL_BUILD='0'nHAVE_STDINT_H='1'nNEXT_AS_FIRST_DIRECTIVE_STDINT_H='<stdint.h>'nNEXT_STDINT_H='<stdint.h>'nHAVE_SYS_TYPES_H='1'nHAVE_INTTYPES_H='1'nHAVE_WCHAR_H='1'nNEXT_AS_FIRST_DIRECTIVE_LIMITS_H='<limits.h>'nNEXT_LIMITS_H='<limits.h>'nHOST_CPU_C_ABI='x86_64'nHOST_CPU='x86_64'nLIB_HARD_LOCALE=''nHARD_LOCALE_LIB=''nLIB_SETLOCALE_NULL=''nSETLOCALE_NULL_LIB=''nLIB_SCHED_YIELD=''nSCHED_YIELD_LIB=''nLIBPMULTITHREAD=''nLIBPTHREAD=''nGNULIB_LOCALEDIR_c_make='\"$(GNULIB_LOCALEDIR)\"'nGNULIB_LOCALEDIR_c='"/usr/local/share/locale"'nGNULIB_LOCALEDIR='${datarootdir}/locale'nGNU_MAKE_FALSE='#'nGNU_MAKE_TRUE=''nGL_GNULIB_GETTIMEOFDAY='1'nGL_COND_OBJ_GETTIMEOFDAY_FALSE=''nGL_COND_OBJ_GETTIMEOFDAY_TRUE='#'nNEXT_AS_FIRST_DIRECTIVE_SYS_TIME_H='<sys/time.h>'nNEXT_SYS_TIME_H='<sys/time.h>'nREPLACE_STRUCT_TIMEVAL='0'nREPLACE_GETTIMEOFDAY='0'nHAVE_SYS_TIME_H='1'nHAVE_STRUCT_TIMEVAL='1'nHAVE_GETTIMEOFDAY='1'nLTLIBINTL=''nLIBINTL=''nGL_GNULIB_GETRANDOM='1'nGL_COND_OBJ_GETRANDOM_FALSE=''nGL_COND_OBJ_GETRANDOM_TRUE='#'nLIB_GETRANDOM=''nGETRANDOM_LIB=''nREPLACE_GETRANDOM='0'nHAVE_GETRANDOM='1'nGL_COND_OBJ_GETPROGNAME_FALSE='#'nGL_COND_OBJ_GETPROGNAME_TRUE=''nGL_COND_OBJ_GETPAGESIZE_FALSE=''nGL_COND_OBJ_GETPAGESIZE_TRUE='#'nGL_COND_OBJ_GETOPT_FALSE=''nGL_COND_OBJ_GETOPT_TRUE='#'nGL_GENERATE_GETOPT_CDEFS_H_FALSE=''nGL_GENERATE_GETOPT_CDEFS_H_TRUE='#'nGETOPT_CDEFS_H=''nGL_GENERATE_GETOPT_H_FALSE=''nGL_GENERATE_GETOPT_H_TRUE='#'nGETOPT_H=''nHAVE_SYS_CDEFS_H='1'nHAVE_GETOPT_H='1'nNEXT_AS_FIRST_DIRECTIVE_GETOPT_H='<getopt.h>'nNEXT_GETOPT_H='<getopt.h>'nGL_COND_OBJ_GETLOCALENAME_L_UNSAFE_LIMITED_FALSE=''nGL_COND_OBJ_GETLOCALENAME_L_UNSAFE_LIMITED_TRUE='#'nGL_COND_OBJ_GETDTABLESIZE_FALSE=''nGL_COND_OBJ_GETDTABLESIZE_TRUE='#'nGL_COND_OBJ_GETCWD_LGPL_FALSE=''nGL_COND_OBJ_GETCWD_LGPL_TRUE='#'nGL_COND_OBJ_FSTATAT_FALSE=''nGL_COND_OBJ_FSTATAT_TRUE='#'nGL_GNULIB_MDA_UMASK='1'nGL_GNULIB_MDA_MKDIR='1'nGL_GNULIB_MDA_CHMOD='1'nGL_GNULIB_OVERRIDES_STRUCT_STAT='0'nGL_GNULIB_UTIMENSAT='0'nGL_GNULIB_STAT='1'nGL_GNULIB_MKNODAT='0'nGL_GNULIB_MKNOD='0'nGL_GNULIB_MKFIFOAT='0'nGL_GNULIB_MKFIFO='0'nGL_GNULIB_MKDIRAT='0'nGL_GNULIB_MKDIR='1'nGL_GNULIB_LSTAT='1'nGL_GNULIB_LCHMOD='0'nGL_GNULIB_GETUMASK='0'nGL_GNULIB_FUTIMENS='0'nGL_GNULIB_FSTATAT='1'nGL_GNULIB_FSTAT='1'nGL_GNULIB_FCHMODAT='0'nGL_GNULIB_CHMOD='0'nWINDOWS_64_BIT_ST_SIZE='0'nWINDOWS_STAT_TIMESPEC='0'nNEXT_AS_FIRST_DIRECTIVE_SYS_STAT_H='<sys/stat.h>'nNEXT_SYS_STAT_H='<sys/stat.h>'nGL_COND_OBJ_FSTAT_FALSE=''nGL_COND_OBJ_FSTAT_TRUE='#'nREPLACE_UTIMENSAT='0'nREPLACE_STAT='0'nREPLACE_MKNODAT='0'nREPLACE_MKNOD='0'nREPLACE_MKFIFOAT='0'nREPLACE_MKFIFO='0'nREPLACE_MKDIR='0'nREPLACE_LSTAT='0'nREPLACE_FUTIMENS='0'nREPLACE_FSTATAT='0'nREPLACE_FSTAT='0'nREPLACE_FCHMODAT='0'nREPLACE_CHMOD='0'nHAVE_UTIMENSAT='1'nHAVE_MKNODAT='1'nHAVE_MKNOD='1'nHAVE_MKFIFOAT='1'nHAVE_MKFIFO='1'nHAVE_MKDIRAT='1'nHAVE_LSTAT='1'nHAVE_LCHMOD='1'nHAVE_GETUMASK='1'nHAVE_FUTIMENS='1'nHAVE_FSTATAT='1'nHAVE_FCHMODAT='1'nGL_COND_OBJ_FREOPEN_FALSE=''nGL_COND_OBJ_FREOPEN_TRUE='#'nGL_COND_OBJ_FREE_FALSE=''nGL_COND_OBJ_FREE_TRUE='#'nGL_GNULIB_MDA_TEMPNAM='1'nGL_GNULIB_MDA_PUTW='1'nGL_GNULIB_MDA_GETW='1'nGL_GNULIB_MDA_FILENO='1'nGL_GNULIB_MDA_FDOPEN='1'nGL_GNULIB_MDA_FCLOSEALL='1'nGL_GNULIB_ZPRINTF='0'nGL_GNULIB_VZPRINTF='0'nGL_GNULIB_VSZPRINTF='0'nGL_GNULIB_VSPRINTF_POSIX='0'nGL_GNULIB_VSNZPRINTF='IN_DIFFUTILS_GNULIB_TESTS'nGL_GNULIB_VSNPRINTF='0'nGL_GNULIB_VPRINTF_POSIX='0'nGL_GNULIB_VPRINTF='1'nGL_GNULIB_VFZPRINTF='0'nGL_GNULIB_VFPRINTF_POSIX='0'nGL_GNULIB_VFPRINTF='1'nGL_GNULIB_VDZPRINTF='0'nGL_GNULIB_VDPRINTF='0'nGL_GNULIB_VSCANF='0'nGL_GNULIB_VFSCANF='0'nGL_GNULIB_VASZPRINTF='0'nGL_GNULIB_VASPRINTF='0'nGL_GNULIB_TMPFILE='0'nGL_GNULIB_SZPRINTF='0'nGL_GNULIB_STDIO_H_SIGPIPE='0'nGL_GNULIB_STDIO_H_NONBLOCKING='0'nGL_GNULIB_SPRINTF_POSIX='0'nGL_GNULIB_SNZPRINTF='0'nGL_GNULIB_SNPRINTF='IN_DIFFUTILS_GNULIB_TESTS'nGL_GNULIB_SCANF='1'nGL_GNULIB_RENAMEAT='0'nGL_GNULIB_RENAME='0'nGL_GNULIB_REMOVE='0'nGL_GNULIB_PUTS='1'nGL_GNULIB_PUTCHAR='1'nGL_GNULIB_PUTC='1'nGL_GNULIB_PRINTF_POSIX='0'nGL_GNULIB_PRINTF='1'nGL_GNULIB_POPEN='1'nGL_GNULIB_PERROR='IN_DIFFUTILS_GNULIB_TESTS'nGL_GNULIB_PCLOSE='1'nGL_GNULIB_OBSTACK_ZPRINTF='0'nGL_GNULIB_OBSTACK_PRINTF_POSIX='0'nGL_GNULIB_OBSTACK_PRINTF='0'nGL_GNULIB_GETLINE='0'nGL_GNULIB_GETDELIM='0'nGL_GNULIB_GETCHAR='1'nGL_GNULIB_GETC='1'nGL_GNULIB_FZPRINTF='0'nGL_GNULIB_FWRITE='1'nGL_GNULIB_FTELLO='0'nGL_GNULIB_FTELL='0'nGL_GNULIB_FSEEKO='0'nGL_GNULIB_FSEEK='0'nGL_GNULIB_FSCANF='1'nGL_GNULIB_FREOPEN='1'nGL_GNULIB_FREAD='1'nGL_GNULIB_FPUTS='1'nGL_GNULIB_FPUTC='1'nGL_GNULIB_FPURGE='0'nGL_GNULIB_FPRINTF_POSIX='0'nGL_GNULIB_FPRINTF='1'nGL_GNULIB_FOPEN_GNU='1'nGL_GNULIB_FOPEN='1'nGL_GNULIB_FGETS='1'nGL_GNULIB_FGETC='1'nGL_GNULIB_FFLUSH='0'nGL_GNULIB_FDOPEN='IN_DIFFUTILS_GNULIB_TESTS'nGL_GNULIB_FCLOSE='0'nGL_GNULIB_DZPRINTF='0'nGL_GNULIB_DPRINTF='0'nREPLACE_VSPRINTF='0'nREPLACE_VSNPRINTF='0'nREPLACE_VPRINTF='0'nREPLACE_VFPRINTF='0'nREPLACE_VDPRINTF='0'nREPLACE_VASPRINTF='0'nREPLACE_TMPFILE='0'nREPLACE_STDIO_WRITE_FUNCS='0'nREPLACE_STDIO_READ_FUNCS='0'nREPLACE_SPRINTF='0'nREPLACE_SNPRINTF='0'nREPLACE_RENAMEAT='0'nREPLACE_RENAME='0'nREPLACE_REMOVE='0'nREPLACE_PRINTF='0'nREPLACE_POPEN='0'nREPLACE_PERROR='0'nREPLACE_OBSTACK_PRINTF='0'nREPLACE_GETLINE='0'nREPLACE_GETDELIM='0'nREPLACE_FTELLO='0'nREPLACE_FTELL='0'nREPLACE_FSEEKO='0'nREPLACE_FSEEK='0'nREPLACE_FREOPEN='0'nREPLACE_FPURGE='0'nREPLACE_FPRINTF='0'nREPLACE_FOPEN_FOR_FOPEN_GNU='1'nREPLACE_FOPEN='1'nREPLACE_FFLUSH='0'nREPLACE_FDOPEN='0'nREPLACE_FCLOSE='1'nREPLACE_DPRINTF='0'nHAVE_VDPRINTF='1'nHAVE_VASPRINTF='1'nHAVE_RENAMEAT='1'nHAVE_POPEN='1'nHAVE_PCLOSE='1'nHAVE_FTELLO='1'nHAVE_FSEEKO='1'nHAVE_DPRINTF='1'nHAVE_DECL_VSNPRINTF='1'nHAVE_DECL_SNPRINTF='1'nHAVE_DECL_PUTW='1'nHAVE_DECL_OBSTACK_PRINTF='1'nHAVE_DECL_GETW='1'nHAVE_DECL_GETLINE='1'nHAVE_DECL_GETDELIM='1'nHAVE_DECL_FTELLO='1'nHAVE_DECL_FSEEKO='1'nHAVE_DECL_FPURGE='1'nHAVE_DECL_FCLOSEALL='1'nGL_GENERATE_FNMATCH_H_FALSE=''nGL_GENERATE_FNMATCH_H_TRUE='#'nFNMATCH_H=''nGL_GNULIB_FNMATCH='1'nHAVE_FNMATCH_H='1'nNEXT_AS_FIRST_DIRECTIVE_FNMATCH_H='<fnmatch.h>'nNEXT_FNMATCH_H='<fnmatch.h>'nREPLACE_FNMATCH='0'nHAVE_FNMATCH='1'nGL_COND_OBJ_FILEBLOCKS_FALSE=''nGL_COND_OBJ_FILEBLOCKS_TRUE='#'nGL_COND_OBJ_FDOPENDIR_FALSE=''nGL_COND_OBJ_FDOPENDIR_TRUE='#'nNEXT_AS_FIRST_DIRECTIVE_FCNTL_H='<fcntl.h>'nNEXT_FCNTL_H='<fcntl.h>'nGL_GNULIB_MDA_OPEN='1'nGL_GNULIB_MDA_CREAT='1'nGL_GNULIB_OPENAT='1'nGL_GNULIB_OPEN='1'nGL_GNULIB_NONBLOCKING='0'nGL_GNULIB_FCNTL='1'nGL_GNULIB_CREAT='0'nGL_COND_OBJ_FCNTL_FALSE='#'nGL_COND_OBJ_FCNTL_TRUE=''nREPLACE_OPENAT='0'nREPLACE_OPEN='0'nREPLACE_FCNTL='1'nREPLACE_CREAT='0'nHAVE_OPENAT='1'nHAVE_FCNTL='1'nGL_COND_OBJ_FCHDIR_FALSE=''nGL_COND_OBJ_FCHDIR_TRUE='#'nGL_COND_OBJ_ERROR_FALSE=''nGL_COND_OBJ_ERROR_TRUE='#'nREPLACE_ERROR_AT_LINE='0'nREPLACE_ERROR='0'nHAVE_ERROR_AT_LINE='1'nHAVE_ERROR='1'nHAVE_ERROR_H='1'nNEXT_AS_FIRST_DIRECTIVE_ERROR_H='<error.h>'nNEXT_ERROR_H='<error.h>'nGL_GENERATE_ERRNO_H_FALSE=''nGL_GENERATE_ERRNO_H_TRUE='#'nERRNO_H=''nEOVERFLOW_VALUE=''nEOVERFLOW_HIDDEN=''nENOLINK_VALUE=''nENOLINK_HIDDEN=''nEMULTIHOP_VALUE=''nEMULTIHOP_HIDDEN=''nNEXT_AS_FIRST_DIRECTIVE_ERRNO_H=''nNEXT_ERRNO_H=''nGL_COND_OBJ_DUP2_FALSE=''nGL_COND_OBJ_DUP2_TRUE='#'nGL_COND_OBJ_DUP_FALSE=''nGL_COND_OBJ_DUP_TRUE='#'nGL_COND_OBJ_DIRFD_FALSE=''nGL_COND_OBJ_DIRFD_TRUE='#'nHAVE_DIRENT_H='1'nNEXT_AS_FIRST_DIRECTIVE_DIRENT_H='<dirent.h>'nNEXT_DIRENT_H='<dirent.h>'nGL_GNULIB_TOUPPER_L='0'nGL_GNULIB_TOLOWER_L='0'nGL_GNULIB_ISXDIGIT_L='0'nGL_GNULIB_ISUPPER_L='0'nGL_GNULIB_ISSPACE_L='0'nGL_GNULIB_ISPUNCT_L='0'nGL_GNULIB_ISPRINT_L='0'nGL_GNULIB_ISLOWER_L='0'nGL_GNULIB_ISGRAPH_L='0'nGL_GNULIB_ISDIGIT_L='0'nGL_GNULIB_ISCNTRL_L='0'nGL_GNULIB_ISBLANK_L='0'nGL_GNULIB_ISBLANK='1'nGL_GNULIB_ISALPHA_L='0'nGL_GNULIB_ISALNUM_L='0'nNEXT_AS_FIRST_DIRECTIVE_CTYPE_H='<ctype.h>'nNEXT_CTYPE_H='<ctype.h>'nHAVE_TOUPPER_L='1'nHAVE_TOLOWER_L='1'nHAVE_ISXDIGIT_L='1'nHAVE_ISUPPER_L='1'nHAVE_ISSPACE_L='1'nHAVE_ISPUNCT_L='1'nHAVE_ISPRINT_L='1'nHAVE_ISLOWER_L='1'nHAVE_ISGRAPH_L='1'nHAVE_ISDIGIT_L='1'nHAVE_ISCNTRL_L='1'nHAVE_ISBLANK_L='1'nHAVE_ISBLANK='1'nHAVE_ISALPHA_L='1'nHAVE_ISALNUM_L='1'nGL_GNULIB_ALPHASORT='0'nGL_GNULIB_SCANDIR='0'nGL_GNULIB_FDOPENDIR='1'nGL_GNULIB_DIRFD='1'nGL_GNULIB_CLOSEDIR='1'nGL_GNULIB_REWINDDIR='0'nGL_GNULIB_READDIR='1'nGL_GNULIB_OPENDIR='1'nGL_COND_OBJ_CLOSEDIR_FALSE=''nGL_COND_OBJ_CLOSEDIR_TRUE='#'nDIR_HAS_FD_MEMBER='1'nREPLACE_FDOPENDIR='0'nREPLACE_DIRFD='0'nREPLACE_CLOSEDIR='0'nREPLACE_REWINDDIR='0'nREPLACE_READDIR='0'nREPLACE_OPENDIR='0'nHAVE_ALPHASORT='1'nHAVE_SCANDIR='1'nHAVE_FDOPENDIR='1'nHAVE_DECL_FDOPENDIR='1'nHAVE_DECL_DIRFD='1'nHAVE_CLOSEDIR='1'nHAVE_REWINDDIR='1'nHAVE_READDIR='1'nHAVE_OPENDIR='1'nGL_COND_OBJ_CLOSE_FALSE=''nGL_COND_OBJ_CLOSE_TRUE='#'nHAVE_WINSOCK2_H='0'nREPLACE_IOCTL='1'nSYS_IOCTL_H_HAVE_WINSOCK2_H_AND_USE_SOCKETS='0'nSYS_IOCTL_H_HAVE_WINSOCK2_H='0'nHAVE_MSVC_INVALID_PARAMETER_HANDLER='0'nLIB_CLOCK_GETTIME=''nCLOCK_TIME_LIB=''nGL_COND_OBJ_CHDIR_LONG_FALSE='#'nGL_COND_OBJ_CHDIR_LONG_TRUE=''nUNISTD_H_HAVE_WINSOCK2_H_AND_USE_SOCKETS='0'nUNISTD_H_HAVE_WINSOCK2_H='0'nUNISTD_H_HAVE_SYS_RANDOM_H='1'nREPLACE_WRITE='0'nREPLACE_USLEEP='0'nREPLACE_UNLINKAT='0'nREPLACE_UNLINK='0'nREPLACE_TTYNAME_R='0'nREPLACE_TRUNCATE='0'nREPLACE_SYMLINKAT='0'nREPLACE_SYMLINK='0'nREPLACE_SLEEP='0'nREPLACE_SETHOSTNAME='0'nREPLACE_RMDIR='0'nREPLACE_READLINKAT='0'nREPLACE_READLINK='0'nREPLACE_READ='0'nREPLACE_PWRITE='0'nREPLACE_PREAD='0'nREPLACE_PIPE2='0'nREPLACE_LSEEK='0'nREPLACE_LINKAT='0'nREPLACE_LINK='0'nREPLACE_LCHOWN='0'nREPLACE_ISATTY='0'nREPLACE_GETUSERSHELL='0'nREPLACE_GETPASS_FOR_GETPASS_GNU='0'nREPLACE_GETPASS='0'nREPLACE_GETPAGESIZE='0'nREPLACE_GETGROUPS='0'nREPLACE_GETLOGIN_R='0'nREPLACE_GETLOGIN='0'nREPLACE_GETENTROPY='0'nREPLACE_GETDTABLESIZE='0'nREPLACE_GETDOMAINNAME='0'nREPLACE_GETCWD='0'nREPLACE_FTRUNCATE='0'nREPLACE_FDATASYNC='0'nREPLACE_FCHOWNAT='0'nREPLACE_FCHDIR='0'nREPLACE_FACCESSAT='0'nREPLACE_EXECVPE='0'nREPLACE_EXECVP='0'nREPLACE_EXECVE='0'nREPLACE_EXECV='0'nREPLACE_EXECLP='0'nREPLACE_EXECLE='0'nREPLACE_EXECL='0'nREPLACE_DUP3='0'nREPLACE_DUP2='0'nREPLACE_DUP='0'nREPLACE_COPY_FILE_RANGE='0'nREPLACE_CLOSE='0'nREPLACE_CHOWN='0'nREPLACE_ACCESS='0'nHAVE_SYS_PARAM_H='0'nHAVE_OS_H='0'nHAVE_DECL_TTYNAME_R='1'nHAVE_DECL_TRUNCATE='1'nHAVE_DECL_SETHOSTNAME='1'nHAVE_DECL_GETUSERSHELL='1'nHAVE_DECL_GETPAGESIZE='1'nHAVE_DECL_GETLOGIN_R='1'nHAVE_DECL_GETLOGIN='1'nHAVE_DECL_GETDOMAINNAME='1'nHAVE_DECL_FDATASYNC='1'nHAVE_DECL_FCHDIR='1'nHAVE_DECL_EXECVPE='1'nHAVE_DECL_ENVIRON='1'nHAVE_USLEEP='1'nHAVE_UNLINKAT='1'nHAVE_SYMLINKAT='1'nHAVE_SYMLINK='1'nHAVE_SLEEP='1'nHAVE_SETHOSTNAME='1'nHAVE_READLINKAT='1'nHAVE_READLINK='1'nHAVE_PWRITE='1'nHAVE_PREAD='1'nHAVE_PIPE2='1'nHAVE_PIPE='1'nHAVE_LINKAT='1'nHAVE_LINK='1'nHAVE_LCHOWN='1'nHAVE_GROUP_MEMBER='1'nHAVE_GETPASS='1'nHAVE_GETPAGESIZE='1'nHAVE_GETLOGIN='1'nHAVE_GETHOSTNAME='1'nHAVE_GETGROUPS='1'nHAVE_GETENTROPY='1'nHAVE_GETDTABLESIZE='1'nHAVE_FTRUNCATE='1'nHAVE_FSYNC='1'nHAVE_FDATASYNC='1'nHAVE_FCHOWNAT='1'nHAVE_FCHDIR='1'nHAVE_FACCESSAT='1'nHAVE_EXECVPE='1'nHAVE_EUIDACCESS='1'nHAVE_DUP3='1'nHAVE_COPY_FILE_RANGE='1'nHAVE_CHOWN='1'nGL_GNULIB_MDA_WRITE='1'nGL_GNULIB_MDA_UNLINK='1'nGL_GNULIB_MDA_SWAB='1'nGL_GNULIB_MDA_RMDIR='1'nGL_GNULIB_MDA_READ='1'nGL_GNULIB_MDA_LSEEK='1'nGL_GNULIB_MDA_ISATTY='1'nGL_GNULIB_MDA_GETPID='1'nGL_GNULIB_MDA_GETCWD='1'nGL_GNULIB_MDA_EXECVPE='1'nGL_GNULIB_MDA_EXECVP='1'nGL_GNULIB_MDA_EXECVE='1'nGL_GNULIB_MDA_EXECV='1'nGL_GNULIB_MDA_EXECLP='1'nGL_GNULIB_MDA_EXECLE='1'nGL_GNULIB_MDA_EXECL='1'nGL_GNULIB_MDA_DUP2='1'nGL_GNULIB_MDA_DUP='1'nGL_GNULIB_MDA_CLOSE='1'nGL_GNULIB_MDA_CHDIR='1'nGL_GNULIB_MDA_ACCESS='1'nGL_GNULIB_WRITE='0'nGL_GNULIB_USLEEP='0'nGL_GNULIB_UNLINKAT='IN_DIFFUTILS_GNULIB_TESTS'nGL_GNULIB_UNLINK='IN_DIFFUTILS_GNULIB_TESTS'nGL_GNULIB_UNISTD_H_SIGPIPE='0'nGL_GNULIB_UNISTD_H_NONBLOCKING='0'nGL_GNULIB_UNISTD_H_GETOPT='0'nGL_GNULIB_TTYNAME_R='0'nGL_GNULIB_TRUNCATE='0'nGL_GNULIB_SYMLINKAT='IN_DIFFUTILS_GNULIB_TESTS'nGL_GNULIB_SYMLINK='IN_DIFFUTILS_GNULIB_TESTS'nGL_GNULIB_SLEEP='IN_DIFFUTILS_GNULIB_TESTS'nGL_GNULIB_SETHOSTNAME='0'nGL_GNULIB_RMDIR='IN_DIFFUTILS_GNULIB_TESTS'nGL_GNULIB_READLINKAT='1'nGL_GNULIB_READLINK='1'nGL_GNULIB_READ='0'nGL_GNULIB_PWRITE='0'nGL_GNULIB_PREAD='0'nGL_GNULIB_PIPE2='0'nGL_GNULIB_PIPE='IN_DIFFUTILS_GNULIB_TESTS'nGL_GNULIB_LSEEK='0'nGL_GNULIB_LINKAT='0'nGL_GNULIB_LINK='0'nGL_GNULIB_LCHOWN='0'nGL_GNULIB_ISATTY='0'nGL_GNULIB_GROUP_MEMBER='0'nGL_GNULIB_GETUSERSHELL='0'nGL_GNULIB_GETPASS_GNU='0'nGL_GNULIB_GETPASS='0'nGL_GNULIB_GETPAGESIZE='1'nGL_GNULIB_GETOPT_POSIX='1'nGL_GNULIB_GETLOGIN_R='0'nGL_GNULIB_GETLOGIN='0'nGL_GNULIB_GETHOSTNAME='0'nGL_GNULIB_GETGROUPS='0'nGL_GNULIB_GETENTROPY='0'nGL_GNULIB_GETDTABLESIZE='1'nGL_GNULIB_GETDOMAINNAME='0'nGL_GNULIB_GETCWD='1'nGL_GNULIB_FTRUNCATE='IN_DIFFUTILS_GNULIB_TESTS'nGL_GNULIB_FSYNC='0'nGL_GNULIB_FDATASYNC='0'nGL_GNULIB_FCHOWNAT='0'nGL_GNULIB_FCHDIR='1'nGL_GNULIB_FACCESSAT='0'nGL_GNULIB_EXECVPE='0'nGL_GNULIB_EXECVP='0'nGL_GNULIB_EXECVE='0'nGL_GNULIB_EXECV='0'nGL_GNULIB_EXECLP='0'nGL_GNULIB_EXECLE='0'nGL_GNULIB_EXECL='0'nGL_GNULIB_EUIDACCESS='0'nGL_GNULIB_ENVIRON='1'nGL_GNULIB_DUP3='0'nGL_GNULIB_DUP2='1'nGL_GNULIB_DUP='1'nGL_GNULIB_COPY_FILE_RANGE='0'nGL_GNULIB_CLOSE='1'nGL_GNULIB_CHOWN='0'nGL_GNULIB_CHDIR='1'nGL_GNULIB_ACCESS='0'nHAVE_WORKING_C32RTOMB='1'nHAVE_WORKING_MBRTOC32='1'nLOCALE_ZH_CN='none'nLOCALE_EN_UTF8='en_US.UTF-8'nLOCALE_JA='none'nSMALL_WCHAR_T='0'nBITSIZEOF_WCHAR_T='32'nCXX_HAS_CHAR8_TYPE='0'nCXX_HAS_UCHAR_TYPES='0'nGNULIBHEADERS_OVERRIDE_CHAR32_T='0'nGNULIBHEADERS_OVERRIDE_CHAR16_T='0'nGNULIBHEADERS_OVERRIDE_CHAR8_T='0'nHAVE_UCHAR_H='1'nNEXT_AS_FIRST_DIRECTIVE_UCHAR_H='<uchar.h>'nNEXT_UCHAR_H='<uchar.h>'nLTLIBCSTACK=''nLIBCSTACK=''nLIBSIGSEGV_PREFIX=''nLTLIBSIGSEGV=''nLIBSIGSEGV=''nHAVE_LIBSIGSEGV=''nCAN_PRINT_STACK_TRACE='0'nREPLACE_WCTOMB='0'nREPLACE_UNSETENV='0'nREPLACE_STRTOULL='0'nREPLACE_STRTOUL='0'nREPLACE_STRTOLL='0'nREPLACE_STRTOLD='0'nREPLACE_STRTOL='0'nREPLACE_STRTOF='0'nREPLACE_STRTOD='0'nREPLACE_SETSTATE='0'nREPLACE_SETENV='0'nREPLACE_REALPATH='0'nREPLACE_REALLOCARRAY='1'nREPLACE_REALLOC_FOR_REALLOC_POSIX='2'nREPLACE_RANDOM_R='0'nREPLACE_RANDOM='0'nREPLACE_RAND='0'nREPLACE_QSORT_R='0'nREPLACE_PUTENV='0'nREPLACE_PTSNAME_R='0'nREPLACE_PTSNAME='0'nREPLACE_POSIX_OPENPT='0'nREPLACE_POSIX_MEMALIGN='0'nREPLACE_MKSTEMP='0'nREPLACE_MKOSTEMPS='0'nREPLACE_MKOSTEMP='0'nREPLACE_MBTOWC='0'nREPLACE_MBSTOWCS='0'nREPLACE_MB_CUR_MAX='0'nREPLACE_MALLOC_FOR_MALLOC_POSIX='0'nREPLACE_MALLOC_FOR_MALLOC_GNU='0'nREPLACE_INITSTATE='0'nREPLACE_GETSUBOPT='0'nREPLACE_GETPROGNAME='0'nREPLACE_GETLOADAVG='0'nREPLACE_FREE='0'nREPLACE_CANONICALIZE_FILE_NAME='0'nREPLACE_CALLOC_FOR_CALLOC_POSIX='0'nREPLACE_CALLOC_FOR_CALLOC_GNU='0'nREPLACE_ALIGNED_ALLOC='0'nREPLACE_ABORT='0'nREPLACE__EXIT='0'nHAVE_DECL_UNSETENV='1'nHAVE_UNLOCKPT='1'nHAVE_SYS_LOADAVG_H='0'nHAVE_STRUCT_RANDOM_DATA='1'nHAVE_STRTOULL='1'nHAVE_STRTOUL='1'nHAVE_STRTOLL='1'nHAVE_STRTOLD='1'nHAVE_STRTOL='1'nHAVE_STRTOF='1'nHAVE_STRTOD='1'nHAVE_DECL_SETSTATE='1'nHAVE_SETSTATE='1'nHAVE_DECL_SETENV='1'nHAVE_SETENV='1'nHAVE_SECURE_GETENV='1'nHAVE_RPMATCH='1'nHAVE_REALPATH='1'nHAVE_REALLOCARRAY='1'nHAVE_RANDOM_R='1'nHAVE_RANDOM_H='0'nHAVE_RANDOM='1'nHAVE_QSORT_R='1'nHAVE_PTSNAME_R='1'nHAVE_PTSNAME='1'nHAVE_POSIX_OPENPT='1'nHAVE_POSIX_MEMALIGN='1'nHAVE_MKSTEMPS='1'nHAVE_MKSTEMP='1'nHAVE_MKOSTEMPS='1'nHAVE_MKOSTEMP='1'nHAVE_MKDTEMP='1'nHAVE_MBTOWC='1'nHAVE_DECL_INITSTATE='1'nHAVE_INITSTATE='1'nHAVE_GRANTPT='1'nHAVE_GETSUBOPT='1'nHAVE_GETPROGNAME='0'nHAVE_DECL_PROGRAM_INVOCATION_NAME='1'nHAVE_DECL_GETLOADAVG='1'nHAVE_DECL_GCVT='1'nHAVE_DECL_FCVT='1'nHAVE_DECL_ECVT='1'nHAVE_CANONICALIZE_FILE_NAME='1'nHAVE_ATOLL='1'nHAVE_ALIGNED_ALLOC='1'nHAVE__EXIT='1'nGL_GNULIB_MDA_PUTENV='1'nGL_GNULIB_MDA_MKTEMP='1'nGL_GNULIB_MDA_GCVT='1'nGL_GNULIB_MDA_FCVT='1'nGL_GNULIB_MDA_ECVT='1'nGL_GNULIB_WCTOMB='IN_DIFFUTILS_GNULIB_TESTS'nGL_GNULIB_UNSETENV='1'nGL_GNULIB_UNLOCKPT='0'nGL_GNULIB_SYSTEM_POSIX='0'nGL_GNULIB_STRTOULL='0'nGL_GNULIB_STRTOUL='0'nGL_GNULIB_STRTOLL='1'nGL_GNULIB_STRTOLD='0'nGL_GNULIB_STRTOL='0'nGL_GNULIB_STRTOF='0'nGL_GNULIB_STRTOD='0'nGL_GNULIB_STACK_TRACE='0'nGL_GNULIB_SETENV='1'nGL_GNULIB_SECURE_GETENV='0'nGL_GNULIB_RPMATCH='0'nGL_GNULIB_REALPATH='0'nGL_GNULIB_REALLOC_POSIX='1'nGL_GNULIB_REALLOCARRAY='1'nGL_GNULIB_RANDOM_R='IN_DIFFUTILS_GNULIB_TESTS'nGL_GNULIB_RANDOM='IN_DIFFUTILS_GNULIB_TESTS'nGL_GNULIB_RAND='0'nGL_GNULIB_QSORT_R='0'nGL_GNULIB_PUTENV='IN_DIFFUTILS_GNULIB_TESTS'nGL_GNULIB_PTSNAME_R='0'nGL_GNULIB_PTSNAME='0'nGL_GNULIB_POSIX_OPENPT='0'nGL_GNULIB_POSIX_MEMALIGN='0'nGL_GNULIB_MKSTEMPS='0'nGL_GNULIB_MKSTEMP='1'nGL_GNULIB_MKOSTEMPS='0'nGL_GNULIB_MKOSTEMP='0'nGL_GNULIB_MKDTEMP='0'nGL_GNULIB_MBTOWC='1'nGL_GNULIB_MBSTOWCS='0'nGL_GNULIB_MALLOC_POSIX='1'nGL_GNULIB_MALLOC_GNU='1'nGL_GNULIB_GRANTPT='0'nGL_GNULIB_GETSUBOPT='0'nGL_GNULIB_GETPROGNAME='1'nGL_GNULIB_GETLOADAVG='0'nGL_GNULIB_FREE_POSIX='1'nGL_GNULIB_CANONICALIZE_FILE_NAME='0'nGL_GNULIB_CALLOC_POSIX='1'nGL_GNULIB_CALLOC_GNU='1'nGL_GNULIB_ATOLL='IN_DIFFUTILS_GNULIB_TESTS'nGL_GNULIB_ALIGNED_ALLOC='0'nGL_GNULIB_ABORT_DEBUG='0'nGL_GNULIB__EXIT='0'nGL_GNULIB_MDA_WCSDUP='1'nGL_GNULIB_WGETCWD='0'nGL_GNULIB_WCSFTIME='0'nGL_GNULIB_WCSWIDTH='0'nGL_GNULIB_WCSTOK='0'nGL_GNULIB_WCSSTR='0'nGL_GNULIB_WCSPBRK='0'nGL_GNULIB_WCSSPN='0'nGL_GNULIB_WCSCSPN='0'nGL_GNULIB_WCSRCHR='0'nGL_GNULIB_WCSCHR='0'nGL_GNULIB_WCSDUP='0'nGL_GNULIB_WCSXFRM='0'nGL_GNULIB_WCSCOLL='0'nGL_GNULIB_WCSNCASECMP='0'nGL_GNULIB_WCSCASECMP='0'nGL_GNULIB_WCSNCMP='0'nGL_GNULIB_WCSCMP='0'nGL_GNULIB_WCSNCAT='0'nGL_GNULIB_WCSCAT='0'nGL_GNULIB_WCPNCPY='0'nGL_GNULIB_WCSNCPY='0'nGL_GNULIB_WCPCPY='0'nGL_GNULIB_WCSCPY='0'nGL_GNULIB_WCSNLEN='0'nGL_GNULIB_WCSLEN='0'nGL_GNULIB_WMEMSET='0'nGL_GNULIB_WMEMPCPY='1'nGL_GNULIB_WMEMMOVE='0'nGL_GNULIB_WMEMCPY='0'nGL_GNULIB_WMEMCMP='0'nGL_GNULIB_WMEMCHR='1'nGL_GNULIB_WCWIDTH='1'nGL_GNULIB_WCSNRTOMBS='0'nGL_GNULIB_WCSRTOMBS='0'nGL_GNULIB_WCRTOMB='1'nGL_GNULIB_MBSNRTOWCS='0'nGL_GNULIB_MBSRTOWCS='1'nGL_GNULIB_MBRLEN='0'nGL_GNULIB_MBRTOWC='1'nGL_GNULIB_MBSZERO='1'nGL_GNULIB_MBSINIT='1'nGL_GNULIB_WCTOB='IN_DIFFUTILS_GNULIB_TESTS'nGL_GNULIB_BTOWC='1'nGL_COND_OBJ_BTOWC_FALSE='#'nGL_COND_OBJ_BTOWC_TRUE=''nLOCALE_FR='none'nGNULIBHEADERS_OVERRIDE_WINT_T='0'nREPLACE_WMEMPCPY='0'nREPLACE_WMEMCMP='0'nREPLACE_WCSTOK='0'nREPLACE_WCSSTR='0'nREPLACE_WCSNCMP='0'nREPLACE_WCSNCAT='0'nREPLACE_WCSCMP='0'nREPLACE_WCSFTIME='0'nREPLACE_WCSWIDTH='0'nREPLACE_WCWIDTH='0'nREPLACE_WCSNRTOMBS='0'nREPLACE_WCSRTOMBS='0'nREPLACE_WCRTOMB='0'nREPLACE_MBSNRTOWCS='0'nREPLACE_MBSRTOWCS='1'nREPLACE_MBRLEN='0'nREPLACE_MBRTOWC='1'nREPLACE_MBSINIT='0'nREPLACE_WCTOB='0'nREPLACE_BTOWC='1'nREPLACE_MBSTATE_T='0'nHAVE_DECL_WCWIDTH='1'nHAVE_DECL_WCSDUP='1'nHAVE_DECL_WCTOB='1'nHAVE_WCSFTIME='1'nHAVE_WCSWIDTH='1'nHAVE_WCSTOK='1'nHAVE_WCSSTR='1'nHAVE_WCSPBRK='1'nHAVE_WCSSPN='1'nHAVE_WCSCSPN='1'nHAVE_WCSRCHR='1'nHAVE_WCSCHR='1'nHAVE_WCSDUP='1'nHAVE_WCSXFRM='1'nHAVE_WCSCOLL='1'nHAVE_WCSNCASECMP='1'nHAVE_WCSCASECMP='1'nHAVE_WCSNCMP='1'nHAVE_WCSCMP='1'nHAVE_WCSNCAT='1'nHAVE_WCSCAT='1'nHAVE_WCPNCPY='1'nHAVE_WCSNCPY='1'nHAVE_WCPCPY='1'nHAVE_WCSCPY='1'nHAVE_WCSNLEN='1'nHAVE_WCSLEN='1'nHAVE_WMEMSET='1'nHAVE_WMEMPCPY='1'nHAVE_WMEMMOVE='1'nHAVE_WMEMCPY='1'nHAVE_WMEMCMP='1'nHAVE_WMEMCHR='1'nHAVE_WCSNRTOMBS='1'nHAVE_WCSRTOMBS='1'nHAVE_WCRTOMB='1'nHAVE_MBSNRTOWCS='1'nHAVE_MBSRTOWCS='1'nHAVE_MBRLEN='1'nHAVE_MBRTOWC='1'nHAVE_MBSINIT='1'nHAVE_BTOWC='1'nREPLACE_MBRTOC32='1'nREPLACE_MBRTOC16='0'nREPLACE_C32RTOMB='0'nHAVE_MBRTOC32='1'nHAVE_MBRTOC16='1'nHAVE_C32RTOMB='1'nGL_GNULIB_MBSTOC32S='0'nGL_GNULIB_MBSRTOC32S='1'nGL_GNULIB_MBSNRTOC32S='0'nGL_GNULIB_MBRTOC32='1'nGL_GNULIB_MBRTOC16='0'nGL_GNULIB_C32_GET_TYPE_TEST='1'nGL_GNULIB_C32_GET_MAPPING='0'nGL_GNULIB_C32_APPLY_TYPE_TEST='1'nGL_GNULIB_C32_APPLY_MAPPING='0'nGL_GNULIB_C32TOB='IN_DIFFUTILS_GNULIB_TESTS'nGL_GNULIB_C32SWIDTH='0'nGL_GNULIB_C32STOMBS='0'nGL_GNULIB_C32SRTOMBS='0'nGL_GNULIB_C32SNRTOMBS='0'nGL_GNULIB_C32RTOMB='IN_DIFFUTILS_GNULIB_TESTS'nGL_GNULIB_C32WIDTH='1'nGL_GNULIB_C32TOUPPER='0'nGL_GNULIB_C32TOLOWER='1'nGL_GNULIB_C32ISXDIGIT='1'nGL_GNULIB_C32ISUPPER='1'nGL_GNULIB_C32ISSPACE='1'nGL_GNULIB_C32ISPUNCT='1'nGL_GNULIB_C32ISPRINT='1'nGL_GNULIB_C32ISLOWER='1'nGL_GNULIB_C32ISGRAPH='1'nGL_GNULIB_C32ISDIGIT='1'nGL_GNULIB_C32ISCNTRL='1'nGL_GNULIB_C32ISBLANK='1'nGL_GNULIB_C32ISALPHA='1'nGL_GNULIB_C32ISALNUM='1'nGL_GNULIB_BTOC32='1'nGL_GENERATE_ASSERT_H_FALSE=''nGL_GENERATE_ASSERT_H_TRUE='#'nASSERT_H=''nNEXT_AS_FIRST_DIRECTIVE_ASSERT_H=''nNEXT_ASSERT_H=''nPRAGMA_COLUMNS=''nPRAGMA_SYSTEM_HEADER='#pragma GCC system_header'nINCLUDE_NEXT_AS_FIRST_DIRECTIVE='include_next'nINCLUDE_NEXT='include_next'nGL_GENERATE_ALLOCA_H_FALSE='#'nGL_GENERATE_ALLOCA_H_TRUE=''nALLOCA_H='alloca.h'nHAVE_ALLOCA_H='1'nALLOCA=''nGL_COND_LIBTOOL_FALSE=''nGL_COND_LIBTOOL_TRUE='#'nARFLAGS='cr'nAR='ar'nCPP='gcc -E'nhost_os='linux-gnu'nhost_vendor='pc'nhost_cpu='x86_64'nhost='x86_64-pc-linux-gnu'nbuild_os='linux-gnu'nbuild_vendor='pc'nbuild_cpu='x86_64'nbuild='x86_64-pc-linux-gnu'nRANLIB='ranlib'nHELP2MAN='${SHELL} '\''/home/derek/Code/diffutils-bcr/build-aux/missing'\'' help2mann'nam__fastdepCC_FALSE='#'nam__fastdepCC_TRUE=''nCCDEPMODE='depmode=gcc3'nam__nodep='_no'nAMDEPBACKSLASH='\'nAMDEP_FALSE='#'nAMDEP_TRUE=''nam__include='include'nDEPDIR='.deps'nOBJEXT='o'nEXEEXT=''nac_ct_CC='gcc'nCPPFLAGS=''nLDFLAGS=''nCFLAGS='-g -O2'nCC='gcc'nam__xargs_n='xargs -n'nam__rm_f_notfound=''nAM_BACKSLASH='\'nAM_DEFAULT_VERBOSITY='0'nAM_DEFAULT_V='$(AM_DEFAULT_VERBOSITY)'nAM_V='$(V)'nCSCOPE='cscope'nETAGS='etags'nCTAGS='ctags'nam__untar='$${TAR-tar} xf -'nam__tar='$${TAR-tar} chof - "$$tardir"'nAMTAR='$${TAR-tar}'nam__leading_dot='.'nSET_MAKE=''nAWK='mawk'nmkdir_p='$(MKDIR_P)'nMKDIR_P='/usr/bin/mkdir -p'nINSTALL_STRIP_PROGRAM='$(install_sh) -c -s'nSTRIP=''ninstall_sh='${SHELL} /home/derek/Code/diffutils-bcr/build-aux/install-sh'nMAKEINFO='${SHELL} '\''/home/derek/Code/diffutils-bcr/build-aux/missing'\'' makeinfon'nAUTOHEADER='${SHELL} '\''/home/derek/Code/diffutils-bcr/build-aux/missing'\'' autoheadern'nAUTOMAKE='${SHELL} '\''/home/derek/Code/diffutils-bcr/build-aux/missing'\'' automake-1.17n'nAUTOCONF='${SHELL} '\''/home/derek/Code/diffutils-bcr/build-aux/missing'\'' autoconfn'nACLOCAL='${SHELL} '\''/home/derek/Code/diffutils-bcr/build-aux/missing'\'' aclocal-1.17n'nVERSION='3.12'nPACKAGE='diffutils'nCYGPATH_W='echo'nam__isrc=''nINSTALL_DATA='${INSTALL} -m 644'nINSTALL_SCRIPT='${INSTALL}'nINSTALL_PROGRAM='${INSTALL}'nECHO_T=''nECHO_N='-n'nECHO_C=''ntarget_alias=''nhost_alias=''nbuild_alias=''nLIBS=''nDEFS=''nmandir='${datarootdir}/man'nlocaledir='${datarootdir}/locale'nlibdir='${exec_prefix}/lib'npsdir='${docdir}'npdfdir='${docdir}'ndvidir='${docdir}'nhtmldir='${docdir}'ninfodir='${datarootdir}/info'ndocdir='${datarootdir}/doc/${PACKAGE_TARNAME}'noldincludedir='/usr/include'nincludedir='${prefix}/include'nrunstatedir='${localstatedir}/run'nlocalstatedir='${prefix}/var'nsharedstatedir='${prefix}/com'nsysconfdir='${prefix}/etc'ndatadir='${datarootdir}'ndatarootdir='${prefix}/share'nlibexecdir='${exec_prefix}/libexec'nsbindir='${exec_prefix}/sbin'nbindir='${exec_prefix}/bin'nprogram_transform_name='s,x,x,'nprefix='/usr/local'nexec_prefix='${prefix}'nPACKAGE_URL='https://www.gnu.org/software/diffutils/'nPACKAGE_BUGREPORT='bug-diffutils@gnu.org'nPACKAGE_STRING='GNU diffutils 3.12'nPACKAGE_VERSION='3.12'nPACKAGE_TARNAME='diffutils'nPACKAGE_NAME='GNU diffutils'nPATH_SEPARATOR=':'nSHELL='/bin/bash'nam__quote=''n

## ----------- ##
## confdefs.h. ##
## ----------- ##n
/* confdefs.h */
#define PACKAGE_NAME "GNU diffutils"
#define PACKAGE_TARNAME "diffutils"
#define PACKAGE_VERSION "3.12"
#define PACKAGE_STRING "GNU diffutils 3.12"
#define PACKAGE_BUGREPORT "bug-diffutils@gnu.org"
#define PACKAGE_URL "https://www.gnu.org/software/diffutils/"
#define PACKAGE "diffutils"
#define VERSION "3.12"
#define HAVE_STDIO_H 1
#define HAVE_STDLIB_H 1
#define HAVE_STRING_H 1
#define HAVE_INTTYPES_H 1
#define HAVE_STDINT_H 1
#define HAVE_STRINGS_H 1
#define HAVE_SYS_STAT_H 1
#define HAVE_SYS_TYPES_H 1
#define HAVE_UNISTD_H 1
#define HAVE_WCHAR_H 1
#define HAVE_STDBOOL_H 1
#define HAVE_UCHAR_H 1
#define HAVE_SYS_PARAM_H 1
#define HAVE_SYS_SOCKET_H 1
#define HAVE_DIRENT_H 1
#define HAVE_ERROR_H 1
#define HAVE_FNMATCH_H 1
#define HAVE_GETOPT_H 1
#define HAVE_SYS_TIME_H 1
#define HAVE_THREADS_H 1
#define HAVE_LIMITS_H 1
#define HAVE_WCTYPE_H 1
#define HAVE_LANGINFO_H 1
#define HAVE_SYS_MMAN_H 1
#define HAVE_PTHREAD_H 1
#define HAVE_MALLOC_H 1
#define HAVE_STDBIT_H 1
#define HAVE_SYS_RANDOM_H 1
#define HAVE_SYS_WAIT_H 1
#define HAVE_FEATURES_H 1
#define HAVE_ARPA_INET_H 1
#define HAVE_NETDB_H 1
#define HAVE_NETINET_IN_H 1
#define HAVE_MATH_H 1
#define HAVE_SYS_SELECT_H 1
#define HAVE_SEMAPHORE_H 1
#define HAVE_SYS_IOCTL_H 1
#define HAVE_SYS_UN_H 1
#define HAVE_SYS_UIO_H 1
#define STDC_HEADERS 1
#define _ALL_SOURCE 1
#define _COSMO_SOURCE 1
#define _DARWIN_C_SOURCE 1
#define _GNU_SOURCE 1
#define _HPUX_ALT_XOPEN_SOCKET_API 1
#define _NETBSD_SOURCE 1
#define _OPENBSD_SOURCE 1
#define _POSIX_PTHREAD_SEMANTICS 1
#define __STDC_WANT_IEC_60559_ATTRIBS_EXT__ 1
#define __STDC_WANT_IEC_60559_BFP_EXT__ 1
#define __STDC_WANT_IEC_60559_DFP_EXT__ 1
#define __STDC_WANT_IEC_60559_EXT__ 1
#define __STDC_WANT_IEC_60559_FUNCS_EXT__ 1
#define __STDC_WANT_IEC_60559_TYPES_EXT__ 1
#define __STDC_WANT_LIB_EXT2__ 1
#define __STDC_WANT_MATH_SPEC_FUNCS__ 1
#define _TANDEM_SOURCE 1
#define __EXTENSIONS__ 1
#define _LINUX_SOURCE_COMPAT 1
#define __USE_MINGW_ANSI_STDIO 1
#define HAVE_ALLOCA_H 1
#define HAVE_ALLOCA 1
#define HAVE_WINT_T 1
#define HAVE_BTOWC 1
#define HAVE_MBRTOWC 1
#define HAVE_MBSINIT 1
#define HAVE_FCHDIR 1
#define HAVE_FCNTL 1
#define HAVE_SYMLINK 1
#define HAVE_FDOPENDIR 1
#define HAVE_FNMATCH 1
#define HAVE_MBSRTOWCS 1
#define HAVE_FSTATAT 1
#define HAVE_GETDTABLESIZE 1
#define HAVE_GETTIMEOFDAY 1
#define HAVE_ISBLANK 1
#define HAVE_ISWCNTRL 1
#define HAVE_LSTAT 1
#define HAVE_MPROTECT 1
#define HAVE_MKSTEMP 1
#define HAVE_OPENAT 1
#define HAVE_PCLOSE 1
#define HAVE_POPEN 1
#define HAVE_READLINK 1
#define HAVE_ISWCTYPE 1
#define HAVE_SETENV 1
#define HAVE_SIGACTION 1
#define HAVE_SIGALTSTACK 1
#define HAVE_SIGINTERRUPT 1
#define HAVE_SETRLIMIT 1
#define HAVE_GETRLIMIT 1
#define HAVE___XPG_STRERROR_R 1
#define HAVE_STRPTIME 1
#define HAVE_STRTOIMAX 1
#define HAVE_LOCALTIME_R 1
#define HAVE_WCRTOMB 1
#define HAVE_WCWIDTH 1
#define HAVE_PIPE 1
#define HAVE_PSELECT 1
#define HAVE_PTHREAD_SIGMASK 1
#define HAVE_SLEEP 1
#define HAVE_SNPRINTF 1
#define HAVE_SHUTDOWN 1
#define HAVE_UNLINKAT 1
#define HAVE_WCTOB 1
#define HAVE_SIGPROCMASK 1
#define HAVE_FORK 1
#define HAVE_VFORK 1
#define HAVE_LANGINFO_CODESET 1
#define BITSIZEOF_WCHAR_T 32
#define HAVE_MBSTATE_T 1
#define HAVE_WORKING_MBRTOC32 1
#define HAVE_WORKING_C32RTOMB 1
#define HAVE_MALLOC_PTRDIFF 1
#define HAVE_MALLOC_POSIX 1
#define restrict __restrict__
#define HAVE_ENVIRON_DECL 1
#define HAVE_ERROR 1
#define HAVE_DECL_STRERROR_R 1
#define HAVE_STRERROR_R 1
#define STRERROR_R_CHAR_P 1
#define HAVE_DECL_FCHDIR 1
#define HAVE_WORKING_O_NOATIME 1
#define HAVE_WORKING_O_NOFOLLOW 1
#define HAVE_MEMPCPY 1
#define FUNC_FFLUSH_STDIN 0
#define LSTAT_FOLLOWS_SLASHED_SYMLINK 1
#define HAVE_DECL_GETDTABLESIZE 1
#define HAVE_GETOPT_H 1
#define HAVE_GETOPT_LONG_ONLY 1
#define HAVE_PTHREAD_API 1
#define SETLOCALE_NULL_ALL_MTSAFE 1
#define SETLOCALE_NULL_ONE_MTSAFE 1
#ifndef __x86_64__
#define __x86_64__ 1
#endif
#ifndef __x86_64__
#define __x86_64__ 1
#endif
#define HAVE_LONG_LONG_INT 1
#define HAVE_UNSIGNED_LONG_LONG_INT 1
#define HAVE_TOWLOWER 1
#define HAVE_LC_MESSAGES 1
#define HAVE_WEAK_SYMBOLS 1
#define USE_POSIX_THREADS 1
#define USE_POSIX_THREADS_FROM_LIBC 1
#define HAVE_MALLOC_0_NONNULL 1
#define HAVE_MAP_ANONYMOUS 1
#define HAVE_DECL_MEMRCHR 1
#define HAVE_MINMAX_IN_SYS_PARAM_H 1
#define TIME_T_IS_SIGNED 1
#define HAVE_DECL_ALARM 1
#define HAVE_STRUCT_TM_TM_GMTOFF 1
#define HAVE_STRUCT_TM_TM_ZONE 1
#define HAVE_TM_GMTOFF 1
#define PROMOTED_MODE_T mode_t
#define HAVE_PTHREAD_T 1
#define HAVE_PTHREAD_SPINLOCK_T 1
#define HAVE_SIGSET_T 1
#define HAVE_SCHED_H 1
#define HAVE_DECL_SETENV 1
#define HAVE_DECL__PUTENV 0
#define HAVE_SEARCH_H 1
#define HAVE_TSEARCH 1
#define HAVE_DECL_FCLOSEALL 1
#define HAVE_DECL_GETW 1
#define HAVE_DECL_PUTW 1
#define HAVE_DECL_ECVT 1
#define HAVE_DECL_FCVT 1
#define HAVE_DECL_GCVT 1
#define HAVE_DECL_STRDUP 1
#define HAVE_STRERROR_R 1
#define HAVE_DECL_STRNLEN 1
#define HAVE_DECL_STRTOIMAX 1
#define _USE_STD_STAT 1
#define HAVE_DECL_EXECVPE 1
#define HAVE_DECL_CLEARERR_UNLOCKED 1
#define HAVE_DECL_FEOF_UNLOCKED 1
#define HAVE_DECL_FERROR_UNLOCKED 1
#define HAVE_DECL_FFLUSH_UNLOCKED 1
#define HAVE_DECL_FGETS_UNLOCKED 1
#define HAVE_DECL_FPUTC_UNLOCKED 1
#define HAVE_DECL_FPUTS_UNLOCKED 1
#define HAVE_DECL_FREAD_UNLOCKED 1
#define HAVE_DECL_FWRITE_UNLOCKED 1
#define HAVE_DECL_GETC_UNLOCKED 1
#define HAVE_DECL_GETCHAR_UNLOCKED 1
#define HAVE_DECL_PUTC_UNLOCKED 1
#define HAVE_DECL_PUTCHAR_UNLOCKED 1
#define HAVE_DECL_UNSETENV 1
#define HAVE_DECL_WCSDUP 1
#define HAVE_SHUTDOWN 1
#define HAVE_STRUCT_SOCKADDR_STORAGE 1
#define HAVE_SA_FAMILY_T 1
#define HAVE_STRUCT_SOCKADDR_STORAGE_SS_FAMILY 1
#define HAVE_IPV4 1
#define HAVE_IPV6 1
#define DBL_EXPBIT0_WORD 1
#define DBL_EXPBIT0_BIT 20
#define FLT_EXPBIT0_WORD 0
#define FLT_EXPBIT0_BIT 23
#define LDBL_EXPBIT0_WORD 2
#define LDBL_EXPBIT0_BIT 0
#define HAVE_DECL_INITSTATE 1
#define HAVE_DECL_SETSTATE 1
#define HAVE_DECL_SNPRINTF 1
#define HAVE_INTTYPES_H_WITH_UINTMAX 1
#define HAVE_STDINT_H_WITH_UINTMAX 1
#define HAVE_INTMAX_T 1
#define HAVE_WCSLEN 1
#define HAVE_SNPRINTF 1
#define HAVE_STRNLEN 1
#define HAVE_WCRTOMB 1
#define HAVE_DECL__SNPRINTF 0
#define HAVE_SNPRINTF_RETVAL_C99 1
#define HAVE_SNPRINTF_TRUNCATION_C99 1
#define HAVE_ALLOCA 1
#define GNULIB_TEST_BTOC32 1
#define GNULIB_TEST_BTOWC 1
#define HAVE___BUILTIN_EXPECT 1
#define GNULIB_TEST_C32_APPLY_TYPE_TEST 1
#define GNULIB_TEST_C32_GET_TYPE_TEST 1
#define GNULIB_TEST_C32ISALNUM 1
#define GNULIB_TEST_C32ISALPHA 1
#define GNULIB_TEST_C32ISBLANK 1
#define GNULIB_TEST_C32ISCNTRL 1
#define GNULIB_TEST_C32ISDIGIT 1
#define GNULIB_TEST_C32ISGRAPH 1
#define GNULIB_TEST_C32ISLOWER 1
#define GNULIB_TEST_C32ISPRINT 1
#define GNULIB_TEST_C32ISPUNCT 1
#define GNULIB_TEST_C32ISSPACE 1
#define GNULIB_TEST_C32ISUPPER 1
#define GNULIB_TEST_C32ISXDIGIT 1
#define GNULIB_TEST_C32TOLOWER 1
#define GNULIB_TEST_C32WIDTH 1
#define GNULIB_TEST_CALLOC_GNU 1
#define GNULIB_TEST_CALLOC_POSIX 1
#define HAVE_READLINKAT 1
#define GNULIB_TEST_CHDIR 1
#define HAVE_CLOCK_GETRES 1
#define HAVE_CLOCK_GETTIME 1
#define HAVE_CLOCK_SETTIME 1
#define GNULIB_TEST_CLOEXEC 1
#define GNULIB_TEST_CLOSE 1
#define GNULIB_CLOSE 1
#define HAVE_CLOSEDIR 1
#define GNULIB_TEST_CLOSEDIR 1
#define HAVE_STRUCT_DIRENT_D_TYPE 1
#define HAVE_DIRFD 1
#define HAVE_DECL_DIRFD 1
#define GNULIB_TEST_DIRFD 1
#define GNULIB_DIRNAME 1
#define GNULIB_TEST_DUP 1
#define GNULIB_TEST_DUP2 1
#define GNULIB_TEST_ENVIRON 1
#define GNULIB_TEST_FCHDIR 1
#define GNULIB_TEST_FCNTL 1
#define HAVE_DECL_FDOPENDIR 1
#define GNULIB_TEST_FDOPENDIR 1
#define GNULIB_FDOPENDIR 1
#define HAVE_STRUCT_STAT_ST_BLOCKS 1
#define HAVE_ST_BLOCKS 1
#define GNULIB_FILENAMECAT 1
#define HAVE_MEMPCPY 1
#define FLEXIBLE_ARRAY_MEMBER /**/
#define GNULIB_TEST_FNMATCH 1
#define GNULIB_FNMATCH_GNU 1
#define GNULIB_TEST_FOPEN 1
#define GNULIB_FOPEN_GNU 1
#define GNULIB_TEST_FOPEN_GNU 1
#define HAVE_FREE_POSIX 1
#define GNULIB_TEST_FREE_POSIX 1
#define GNULIB_TEST_FREOPEN 1
#define GNULIB_TEST_FSTAT 1
#define GNULIB_FSTAT 1
#define GNULIB_TEST_FSTATAT 1
#define GNULIB_FSTATAT 1
#define GNULIB_TEST_GETCWD 1
#define GNULIB_TEST_GETDTABLESIZE 1
#define GNULIB_TEST_GETOPT_POSIX 1
#define GNULIB_TEST_GETPAGESIZE 1
#define HAVE_DECL_PROGRAM_INVOCATION_NAME 1
#define HAVE_DECL_PROGRAM_INVOCATION_NAME 1
#define HAVE_DECL_PROGRAM_INVOCATION_SHORT_NAME 1
#define HAVE_DECL___ARGV 0
#define GNULIB_TEST_GETPROGNAME 1
#define HAVE_GETRANDOM 1
#define GNULIB_TEST_GETRANDOM 1
#define HAVE_TIMESPEC_GET 1
#define GETTIMEOFDAY_TIMEZONE void
#define GNULIB_TEST_GETTIMEOFDAY 1
#define GNULIB_LOCALEDIR "/usr/local/share/locale"
#define HAVE_INLINE 1
#define GNULIB_ISBLANK 1
#define HAVE_ISWBLANK 1
#define HAVE_DECL_ISWBLANK 1
#define GNULIB_TEST_ISWBLANK 1
#define GNULIB_TEST_ISWCTYPE 1
#define GNULIB_TEST_ISWDIGIT 1
#define GNULIB_TEST_ISWPUNCT 1
#define GNULIB_TEST_ISWXDIGIT 1
#define HAVE___INLINE 1
#define GNULIB_TEST_LOCALECONV 1
#define GNULIB_LOCALECONV 1
#define HAVE_PTHREAD_RWLOCK 1
#define HAVE_PTHREAD_MUTEX_RECURSIVE 1
#define GNULIB_LOCK 1
#define GNULIB_TEST_LSTAT 1
#define GNULIB_LSTAT 1
#define GNULIB_TEST_MALLOC_GNU 1
#define GNULIB_TEST_MALLOC_POSIX 1
#define MBRTOC32_IN_C_LOCALE_MAYBE_EILSEQ 1
#define GNULIB_TEST_MBRTOC32 1
#define MBRTOWC_IN_C_LOCALE_MAYBE_EILSEQ 1
#define GNULIB_TEST_MBRTOWC 1
#define GNULIB_TEST_MBSCASECMP 1
#define GNULIB_TEST_MBSINIT 1
#define GNULIB_TEST_MBSRTOC32S 1
#define GNULIB_TEST_MBSRTOWCS 1
#define GNULIB_TEST_MBSZERO 1
#define HAVE_MBTOWC 1
#define GNULIB_TEST_MBTOWC 1
#define GNULIB_MCEL_PREFER 1
#define GNULIB_TEST_MEMCHR 1
#define HAVE_MEMPCPY 1
#define GNULIB_TEST_MEMPCPY 1
#define HAVE_MEMRCHR 1
#define GNULIB_TEST_MEMRCHR 1
#define GNULIB_TEST_MKDIR 1
#define GNULIB_TEST_MKSTEMP 1
#define GNULIB_TEST_MKTIME 1
#define NEED_MKTIME_INTERNAL 1
#define GNULIB_MSVC_NOTHROW 1
#define HAVE_NL_LANGINFO 1
#define FUNC_NL_LANGINFO_YESEXPR_WORKS 1
#define NL_LANGINFO_MTSAFE 1
#define REPLACE_NL_LANGINFO 1
#define GNULIB_TEST_NL_LANGINFO 1
#define GNULIB_TEST_OPEN 1
#define GNULIB_OPENAT 1
#define GNULIB_TEST_OPENAT 1
#define HAVE_OPENDIR 1
#define GNULIB_TEST_OPENDIR 1
#define GNULIB_TEST_PCLOSE 1
#define GNULIB_TEST_POPEN 1
#define HAVE_DECL_PROGRAM_INVOCATION_NAME 1
#define HAVE_DECL_PROGRAM_INVOCATION_SHORT_NAME 1
#define GNULIB_TEST_PTHREAD_ONCE 1
#define HAVE_RAISE 1
#define GNULIB_TEST_RAISE 1
#define HAVE_RAWMEMCHR 1
#define GNULIB_TEST_RAWMEMCHR 1
#define HAVE_READDIR 1
#define GNULIB_TEST_READDIR 1
#define GNULIB_TEST_READLINK 1
#define HAVE_READLINKAT 1
#define GNULIB_TEST_READLINKAT 1
#define GNULIB_TEST_REALLOC_POSIX 1
#define HAVE_REALLOCARRAY 1
#define GNULIB_REALLOCARRAY 1
#define GNULIB_TEST_REALLOCARRAY 1
#define GNULIB_TEST_SETENV 1
#define GNULIB_TEST_SETLOCALE_NULL 1
#define HAVE_STRUCT_SIGACTION_SA_SIGACTION 1
#define GNULIB_TEST_SIGACTION 1
#define GNULIB_TEST_SIGPROCMASK 1
#define STACK_DIRECTION -1
#define HAVE_WORKING_SIGALTSTACK 1
#define GNULIB_TEST_STAT 1
#define GNULIB_STAT 1
#define HAVE_STRUCT_STAT_ST_ATIM_TV_NSEC 1
#define TYPEOF_STRUCT_STAT_ST_ATIM_IS_STRUCT_TIMESPEC 1
#define GNULIB_TEST_FSCANF 1
#define GNULIB_FSCANF 1
#define GNULIB_TEST_SCANF 1
#define GNULIB_SCANF 1
#define GNULIB_TEST_FGETC 1
#define GNULIB_TEST_GETC 1
#define GNULIB_TEST_GETCHAR 1
#define GNULIB_TEST_FGETS 1
#define GNULIB_TEST_FREAD 1
#define GNULIB_TEST_FPRINTF 1
#define GNULIB_TEST_PRINTF 1
#define GNULIB_TEST_VFPRINTF 1
#define GNULIB_TEST_VPRINTF 1
#define GNULIB_TEST_FPUTC 1
#define GNULIB_TEST_PUTC 1
#define GNULIB_TEST_PUTCHAR 1
#define GNULIB_TEST_FPUTS 1
#define GNULIB_TEST_PUTS 1
#define GNULIB_TEST_FWRITE 1
#define HAVE_STPCPY 1
#define GNULIB_TEST_STPCPY 1
#define HAVE_STRCASECMP 1
#define GNULIB_TEST_STRDUP 1
#define GNULIB_STRERROR 1
#define GNULIB_TEST_STRERROR 1
#define HAVE_STRNCASECMP 1
#define HAVE_DECL_STRNCASECMP 1
#define GNULIB_TEST_STRNLEN 1
#define GNULIB_TEST_STRPTIME 1
#define HAVE_STRTOLL 1
#define GNULIB_TEST_STRTOLL 1
#define GNULIB_TEMPNAME 1
#define HAVE_DECL_LOCALTIME_R 1
#define GNULIB_TEST_TIME_R 1
#define GNULIB_TEST_TIME_RZ 1
#define HAVE_TIMEGM 1
#define GNULIB_TEST_TIMEGM 1
#define GNULIB_TEST_TIMESPEC_GET 1
#define GNULIB_TEST_TZSET 1
#define GNULIB_STDIO_SINGLE_THREAD 1
#define USE_UNLOCKED_IO GNULIB_STDIO_SINGLE_THREAD
#define HAVE_UNSETENV 1
#define GNULIB_TEST_UNSETENV 1
#define HAVE_C_VARARRAYS 1
#define GNULIB_TEST_WCRTOMB 1
#define GNULIB_TEST_WCTYPE 1
#define HAVE_DECL_WCWIDTH 1
#define GNULIB_TEST_WCWIDTH 1
#define GNULIB_TEST_WMEMCHR 1
#define HAVE_WMEMPCPY 1
#define GNULIB_TEST_WMEMPCPY 1
#define GNULIB_XALLOC 1
#define GNULIB_XALLOC_DIE 1
#define GNULIB_XSTDOPEN 1
#define GNULIB_TEST_ACCEPT 1
#define GNULIB_ACCEPT IN_DIFFUTILS_GNULIB_TESTS
#define HAVE_ATOLL 1
#define GNULIB_TEST_ATOLL 1
#define GNULIB_TEST_BIND 1
#define GNULIB_BIND IN_DIFFUTILS_GNULIB_TESTS
#define GNULIB_TEST_C32RTOMB 1
#define GNULIB_TEST_C32TOB 1
#define GNULIB_TEST_CONNECT 1
#define GNULIB_CONNECT IN_DIFFUTILS_GNULIB_TESTS
#define GNULIB_TEST_FDOPEN 1
#define HAVE_FTRUNCATE 1
#define GNULIB_TEST_FTRUNCATE 1
#define HAVE_DUPLOCALE 1
#define HAVE_DECL_INET_PTON 1
#define HAVE_IOCTL 1
#define GNULIB_TEST_IOCTL 1
#define GNULIB_IOCTL IN_DIFFUTILS_GNULIB_TESTS
#define HAVE_ISNAND_IN_LIBC 1
#define HAVE_ISNANF_IN_LIBC 1
#define HAVE_ISNANL_IN_LIBC 1
#define GNULIB_TEST_LISTEN 1
#define GNULIB_LISTEN IN_DIFFUTILS_GNULIB_TESTS
#define HAVE_NEWLOCALE 1
#define HAVE_BUG_BIG_NANOSLEEP 1
#define GNULIB_TEST_NANOSLEEP 1
#define HAVE_USELOCALE 1
#define HAVE_WORKING_USELOCALE 1
#define GNULIB_TEST_PERROR 1
#define GNULIB_TEST_PIPE 1
#define GNULIB_TEST_PSELECT 1
#define GNULIB_TEST_PTHREAD_COND 1
#define GNULIB_TEST_PTHREAD_MUTEX 1
#define PTHREAD_RWLOCK_BAD_WAITQUEUE 1
#define GNULIB_TEST_PTHREAD_RWLOCK 1
#define GNULIB_TEST_PTHREAD_THREAD 1
#define GNULIB_TEST_PTHREAD_MUTEX_TIMEDLOCK 1
#define GNULIB_TEST_PTHREAD_SIGMASK 1
#define GNULIB_TEST_PUTENV 1
#define HAVE_INITSTATE 1
#define HAVE_SETSTATE 1
#define GNULIB_TEST_RANDOM 1
#define HAVE_STRUCT_RANDOM_DATA 1
#define HAVE_RANDOM_R 1
#define GNULIB_TEST_RANDOM_R 1
#define GNULIB_TEST_RMDIR 1
#define GNULIB_TEST_SCHED_YIELD 1
#define GNULIB_TEST_SELECT 1
#define GNULIB_SELECT IN_DIFFUTILS_GNULIB_TESTS
#define GNULIB_TEST_SETSOCKOPT 1
#define GNULIB_SETSOCKOPT IN_DIFFUTILS_GNULIB_TESTS
#define GNULIB_TEST_SIGNBIT 1
#define HAVE_STDINT_H 1
#define HAVE_DECL_SLEEP 1
#define GNULIB_TEST_SLEEP 1
#define HAVE_SNPRINTF 1
#define GNULIB_TEST_SNPRINTF 1
#define GNULIB_SNPRINTF IN_DIFFUTILS_GNULIB_TESTS
#define GNULIB_TEST_SOCKET 1
#define GNULIB_SOCKET IN_DIFFUTILS_GNULIB_TESTS
#define GNULIB_TEST_STR_STARTSWITH 1
#define HAVE_CATGETS 1
#define GNULIB_TEST_STRERROR_R 1
#define GNULIB_STRERROR_R_POSIX IN_DIFFUTILS_GNULIB_TESTS
#define GNULIB_TEST_SYMLINK 1
#define HAVE_SYMLINKAT 1
#define GNULIB_TEST_SYMLINKAT 1
#define HAVE_IPV4 1
#define HAVE_IPV6 1
#define HAVE_UNIXSOCKET 1
#define HAVE_PTHREAD_ATFORK 1
#define GNULIB_TEST_TIME 1
#define HAVE_STRUCT_TM_TM_GMTOFF 1
#define HAVE_STRUCT_TM_TM_ZONE 1
#define HAVE_TM_GMTOFF 1
#define GNULIB_TEST_UNLINK 1
#define GNULIB_TEST_UNLINKAT 1
#define UNLINK_CANNOT_UNLINK_DIR 1
#define GNULIB_TEST_VSNZPRINTF 1
#define HAVE_DECL_WCTOB 1
#define GNULIB_TEST_WCTOB 1
#define GNULIB_TEST_WCTOMB 1
#define HAVE_STDINT_H 1
#define GNULIB_NO_VLA 1
#define GNULIB_EXCLUDE_SINGLE_THREAD 1
#define GNULIB_MBRTOWC_SINGLE_THREAD 1
#define GNULIB_REGEX_SINGLE_THREAD 1
#define GNULIB_WCHAR_SINGLE_LOCALE 1
#define GNULIB_MBRTOC32_REGULAR 1
#define HAVE_STRUCT_STAT_ST_RDEV 1
#define HAVE_DIRENT_H 1
#define HAVE_SYS_WAIT_H 1
#define HAVE_WORKING_VFORK 1
#define HAVE_WORKING_FORK 1
#define O_PATH_SUPPORTS_FSTAT 1
#define DEFAULT_EDITOR_PROGRAM "ed"
#define PR_PROGRAM "/usr/bin/pr"
#define ENABLE_NLS 1
#define HAVE_GETTEXT 1
#define HAVE_DCGETTEXT 1

configure: exit 0n